frame,t,scene,motion
0,0.000,0.0000,0.00
1,0.033,0.0469,3.95
2,0.067,0.0005,3.83
3,0.100,0.0018,3.71
4,0.133,0.0034,3.37
5,0.167,0.0027,3.28
6,0.200,0.0050,2.74
7,0.233,0.0009,2.62
8,0.267,0.0072,2.07
9,0.300,0.0087,1.48
10,0.333,0.0103,0.53
11,0.367,0.0016,0.09
12,0.400,0.0013,0.17
13,0.433,0.0007,0.21
14,0.467,0.0012,0.28
15,0.500,0.0002,0.28
16,0.533,0.0009,0.23
17,0.567,0.0001,0.22
18,0.600,0.0000,0.20
19,0.633,0.0004,0.16
20,0.667,0.0001,0.17
21,0.700,0.0002,0.15
22,0.733,0.0008,0.19
23,0.767,0.0010,0.25
24,0.800,0.0002,0.25
25,0.833,0.0000,0.24
26,0.867,0.0010,0.19
27,0.900,0.0001,0.19
28,0.933,0.0012,0.13
29,0.967,0.0000,0.13
30,1.000,0.0009,0.10
31,1.033,0.0005,0.07
32,1.067,0.0005,0.11
33,1.100,0.0004,0.07
34,1.133,0.0002,0.07
35,1.167,0.0006,0.05
36,1.200,0.0001,0.05
37,1.233,0.0002,0.05
38,1.267,0.0000,0.06
39,1.300,0.0001,0.06
40,1.333,0.0001,0.07
41,1.367,0.0004,0.04
42,1.400,0.0006,0.06
43,1.433,0.0001,0.06
44,1.467,0.0001,0.08
45,1.500,0.0003,0.08
46,1.533,0.0001,0.09
47,1.567,0.0003,0.12
48,1.600,0.0003,0.10
49,1.633,0.0001,0.08
50,1.667,0.0003,0.07
51,1.700,0.0004,0.07
52,1.733,0.0003,0.08
53,1.767,0.0002,0.06
54,1.800,0.0000,0.05
55,1.833,0.0002,0.05
56,1.867,0.0001,0.06
57,1.900,0.0007,0.09
58,1.933,0.0001,0.09
59,1.967,0.0005,0.11
60,2.000,0.0003,0.13
61,2.033,0.0003,0.12
62,2.067,0.0006,0.17
63,2.100,0.0002,0.13
64,2.133,0.0007,0.17
65,2.167,0.0005,0.21
66,2.200,0.0002,0.20
67,2.233,0.0020,0.33
68,2.267,0.0024,0.46
69,2.300,0.0023,0.59
70,2.333,0.0018,0.70
71,2.367,0.0008,0.82
72,2.400,0.0028,1.08
73,2.433,0.0000,1.18
74,2.467,0.0043,1.91
75,2.500,0.0052,1.46
76,2.533,0.0540,7.70
77,2.567,0.0017,7.93
78,2.600,0.0272,4.72
79,2.633,0.0039,3.79
80,2.667,0.0101,2.47
81,2.700,0.0084,1.43
82,2.733,0.0068,0.87
83,2.767,0.0029,0.78
84,2.800,0.0023,0.99
85,2.833,0.0013,1.01
86,2.867,0.0002,0.98
87,2.900,0.0034,0.64
88,2.933,0.0019,0.34
89,2.967,0.0004,0.31
90,3.000,0.0086,1.19
91,3.033,0.0011,1.37
92,3.067,0.0041,1.00
93,3.100,0.0042,0.54
94,3.133,0.0052,1.11
95,3.167,0.0002,1.14
96,3.200,0.0477,6.75
97,3.233,0.0105,5.49
98,3.267,0.0081,4.48
99,3.300,0.0023,3.73
100,3.333,0.0151,1.68
101,3.367,0.0085,0.95
102,3.400,0.0063,0.62
103,3.433,0.0013,0.64
104,3.467,0.0030,0.89
105,3.500,0.0006,0.88
106,3.533,0.0013,0.92
107,3.567,0.0027,0.59
108,3.600,0.0018,0.41
109,3.633,0.0091,1.30
110,3.667,0.0044,1.90
111,3.700,0.0080,1.03
112,3.733,0.0043,0.45
113,3.767,0.0029,0.92
114,3.800,0.0048,1.36
115,3.833,0.0333,5.32
116,3.867,0.0004,5.39
117,3.900,0.0134,3.45
118,3.933,0.0018,3.36
119,3.967,0.0106,1.89
120,4.000,0.0079,1.17
121,4.033,0.0034,0.91
122,4.067,0.0007,0.93
123,4.100,0.0006,0.95
124,4.133,0.0008,0.93
125,4.167,0.0016,0.72
126,4.200,0.0005,0.67
127,4.233,0.0131,2.09
128,4.267,0.0036,1.63
129,4.300,0.0097,0.74
130,4.333,0.0006,0.62
131,4.367,0.0074,1.40
132,4.400,0.0004,1.39
133,4.433,0.0320,5.24
134,4.467,0.0010,5.31
135,4.500,0.0112,3.76
136,4.533,0.0011,3.78
137,4.567,0.0119,1.82
138,4.600,0.0056,1.18
139,4.633,0.0048,0.91
140,4.667,0.0017,0.88
141,4.700,0.0005,0.96
142,4.733,0.0002,1.00
143,4.767,0.0005,0.91
144,4.800,0.0014,0.73
145,4.833,0.0005,0.64
146,4.867,0.0022,0.87
147,4.900,0.0029,1.07
148,4.933,0.0032,1.40
149,4.967,0.0085,1.88
150,5.000,0.0062,2.27
151,5.033,0.0071,2.88
152,5.067,0.0527,7.14
153,5.100,0.0057,8.54
154,5.133,0.0293,12.86
155,5.167,0.0563,19.71
156,5.200,0.0358,15.72
157,5.233,0.0328,11.46
158,5.267,0.0242,8.65
159,5.300,0.0219,5.60
160,5.333,0.0101,4.29
161,5.367,0.0003,4.30
162,5.400,0.0051,4.00
163,5.433,0.0001,3.91
164,5.467,0.0000,4.28
165,5.500,0.0028,5.01
166,5.533,0.0013,5.32
167,5.567,0.0036,5.86
168,5.600,0.0048,5.42
169,5.633,0.0056,4.94
170,5.667,0.0145,3.23
171,5.700,0.0106,2.00
172,5.733,0.0072,2.89
173,5.767,0.0042,3.54
174,5.800,0.0087,2.49
175,5.833,0.0066,1.95
176,5.867,0.0038,1.79
177,5.900,0.0004,1.78
178,5.933,0.0007,1.66
179,5.967,0.0021,1.85
180,6.000,0.0007,1.77
181,6.033,0.0026,1.54
182,6.067,0.0016,1.33
183,6.100,0.0010,1.14
184,6.133,0.0000,1.13
185,6.167,0.0013,1.23
186,6.200,0.0007,1.33
187,6.233,0.0020,1.20
188,6.267,0.0006,1.25
189,6.300,0.0005,1.30
190,6.333,0.0009,1.19
191,6.367,0.0007,1.16
192,6.400,0.0025,1.04
193,6.433,0.0015,0.97
194,6.467,0.0015,0.83
195,6.500,0.0013,0.72
196,6.533,0.0005,0.66
197,6.567,0.0018,0.54
198,6.600,0.0006,0.60
199,6.633,0.0000,0.62
200,6.667,0.0005,0.56
201,6.700,0.0017,0.44
202,6.733,0.0020,0.28
203,6.767,0.0004,0.27
204,6.800,0.0007,0.23
205,6.833,0.0008,0.18
206,6.867,0.0009,0.11
207,6.900,0.0006,0.07
208,6.933,0.0005,0.12
209,6.967,0.0010,0.19
210,7.000,0.0011,0.12
211,7.033,0.0003,0.09
212,7.067,0.0198,1.29
213,7.100,0.0800,8.32
214,7.133,0.1129,21.79
215,7.167,0.4612,77.90
216,7.200,0.3258,113.83
217,7.233,0.1319,14.50
218,7.267,0.0462,6.92
219,7.300,0.0387,2.79
220,7.333,0.0120,2.20
221,7.367,0.0035,2.53
222,7.400,0.0008,2.49
223,7.433,0.0007,2.18
224,7.467,0.0002,2.09
225,7.500,0.0001,2.19
226,7.533,0.0022,2.01
227,7.567,0.0013,1.94
228,7.600,0.0026,1.83
229,7.633,0.0040,1.56
230,7.667,0.0047,1.20
231,7.700,0.0036,1.09
232,7.733,0.0008,1.22
233,7.767,0.0014,1.41
234,7.800,0.0001,1.37
235,7.833,0.0000,1.39
236,7.867,0.6932,76.60
237,7.900,0.0000,0.00
238,7.933,0.0013,0.13
239,7.967,0.0024,0.35
240,8.000,0.0010,0.25
241,8.033,0.0010,0.39
242,8.067,0.0088,1.38
243,8.100,0.0000,0.00
244,8.133,0.0223,2.54
245,8.167,0.0024,2.79
246,8.200,0.0076,3.63
247,8.233,0.0082,4.48
248,8.267,0.0013,4.68
249,8.300,0.0004,0.05
250,8.333,0.0401,4.45
251,8.367,0.0034,3.99
252,8.400,0.0009,3.79
253,8.433,0.0033,3.42
254,8.467,0.0012,3.17
255,8.500,0.0016,0.10
256,8.533,0.0246,2.55
257,8.567,0.0034,2.13
258,8.600,0.2998,37.03
259,8.633,0.1318,21.47
260,8.667,0.1496,38.92
261,8.700,0.1488,16.58
262,8.733,0.0087,0.83
263,8.767,1.0000,167.29
264,8.800,0.5970,233.56
265,8.833,0.0133,1.58
266,8.867,0.0010,1.28
267,8.900,0.0026,1.24
268,8.933,0.0034,1.56
269,8.967,0.0029,1.70
270,9.000,0.0036,2.24
271,9.033,0.0027,2.19
272,9.067,0.0064,1.62
273,9.100,0.0039,1.97
274,9.133,0.0021,1.56
275,9.167,0.0069,1.05
276,9.200,0.0016,0.85
277,9.233,0.0003,0.88
278,9.267,0.0032,1.12
279,9.300,0.0007,1.02
280,9.333,0.0006,1.14
281,9.367,0.0014,1.31
282,9.400,0.0005,1.40
283,9.433,0.0012,1.27
284,9.467,0.0003,1.43
285,9.500,0.0022,1.75
286,9.533,0.0030,1.41
287,9.567,0.0046,0.96
288,9.600,0.0037,0.48
289,9.633,0.0015,0.35
290,9.667,0.0089,1.32
291,9.700,0.0007,1.26
292,9.733,0.0000,1.19
293,9.767,0.0013,1.30
294,9.800,0.0002,1.17
295,9.833,0.0014,1.20
296,9.867,0.0009,1.16
297,9.900,0.0002,1.13
298,9.933,0.0009,1.06
299,9.967,0.0017,0.88
300,10.000,0.0024,1.12
301,10.033,0.0005,1.28
302,10.067,0.0030,1.07
303,10.100,0.0040,0.64
304,10.133,0.0003,0.65
305,10.167,0.0004,0.64
306,10.200,0.0013,0.76
307,10.233,0.0004,0.85
308,10.267,0.1535,15.20
309,10.300,0.7278,98.69
310,10.333,0.4332,48.75
311,10.367,0.1140,9.53
312,10.400,0.0001,0.01
313,10.433,0.0104,0.55
314,10.467,0.0017,0.67
315,10.500,0.0009,0.78
316,10.533,0.0006,0.78
317,10.567,0.0006,0.69
318,10.600,0.0023,0.46
319,10.633,0.0061,0.73
320,10.667,0.0001,0.74
321,10.700,0.0067,0.51
322,10.733,0.0007,0.56
323,10.767,0.0000,0.58
324,10.800,0.0005,0.61
325,10.833,0.0001,0.65
326,10.867,0.0016,0.74
327,10.900,0.0003,0.75
328,10.933,0.0011,0.65
329,10.967,0.0001,0.62
330,11.000,0.0015,0.55
331,11.033,0.0004,0.50
332,11.067,0.0004,0.47
333,11.100,0.0014,0.39
334,11.133,0.0007,0.36
335,11.167,0.0006,0.32
336,11.200,0.0014,0.40
337,11.233,0.0006,0.47
338,11.267,0.0007,0.54
339,11.300,0.0000,0.55
340,11.333,0.0019,0.39
341,11.367,0.0004,0.38
342,11.400,0.0009,0.29
343,11.433,0.0005,0.27
344,11.467,0.0015,0.40
345,11.500,0.0216,2.94
346,11.533,0.0013,2.70
347,11.567,0.0128,1.16
348,11.600,0.0001,1.23
349,11.633,0.0018,0.84
350,11.667,0.0005,0.90
351,11.700,0.0024,0.61
352,11.733,0.0014,0.73
353,11.767,0.0026,0.58
354,11.800,0.0007,0.52
355,11.833,0.0002,0.53
356,11.867,0.0014,0.66
357,11.900,0.0012,0.79
358,11.933,0.0002,0.80
359,11.967,0.0005,0.79
360,12.000,0.0002,0.71
361,12.033,0.0013,0.60
362,12.067,0.0003,0.58
363,12.100,0.0148,2.29
364,12.133,0.0007,2.44
365,12.167,0.0119,0.81
366,12.200,0.0014,0.92
367,12.233,0.0003,0.88
368,12.267,0.0023,1.03
369,12.300,0.0006,1.05
370,12.333,0.0037,1.40
371,12.367,0.0004,1.42
372,12.400,0.0000,1.42
373,12.433,0.0004,1.38
374,12.467,0.0005,1.31
375,12.500,0.0011,1.18
376,12.533,0.0017,1.01
377,12.567,0.0012,1.08
378,12.600,0.0007,1.10
379,12.633,0.0006,1.13
380,12.667,0.0001,1.11
381,12.700,0.0005,1.06
382,12.733,0.0006,0.99
383,12.767,0.0011,0.91
384,12.800,0.0020,0.74
385,12.833,0.0040,0.55
386,12.867,0.0018,0.47
387,12.900,0.0002,0.60
388,12.933,0.0377,4.92
389,12.967,0.1955,27.76
390,13.000,0.2531,57.57
391,13.033,0.0232,54.94
392,13.067,0.1608,36.49
393,13.100,0.3598,78.33
394,13.133,0.3190,37.17
395,13.167,0.1124,23.86
396,13.200,0.0593,17.10
397,13.233,0.0073,0.47
398,13.267,0.0005,0.36
399,13.300,0.0009,0.39
400,13.333,0.0015,0.30
401,13.367,0.0005,0.29
402,13.400,0.0020,0.19
403,13.433,0.0001,0.31
404,13.467,0.0359,4.23
405,13.500,0.0040,3.69
406,13.533,0.0026,3.50
407,13.567,0.0091,4.26
408,13.600,0.0040,4.31
409,13.633,0.0019,4.99
410,13.667,0.0034,3.68
411,13.700,0.0080,2.27
412,13.733,0.0155,0.93
413,13.767,0.0051,0.26
414,13.800,0.0000,0.26
415,13.833,0.0016,0.39
416,13.867,0.0026,0.59
417,13.900,0.0017,0.77
418,13.933,0.0166,2.42
419,13.967,0.0104,0.79
420,14.000,0.0015,0.87
421,14.033,0.0010,0.77
422,14.067,0.0005,0.71
423,14.100,0.0005,0.65
424,14.133,0.0012,0.57
425,14.167,0.0002,0.56
426,14.200,0.0324,3.27
427,14.233,0.0063,0.42
428,14.267,0.0015,0.28
429,14.300,0.0008,0.23
430,14.333,0.0008,0.30
431,14.367,0.0008,0.23
432,14.400,0.0003,0.25
433,14.433,0.0006,0.21
434,14.467,0.0007,0.16
435,14.500,0.0006,0.22
436,14.533,0.0003,0.18
437,14.567,0.0001,0.21
438,14.600,0.0021,0.35
439,14.633,0.0492,4.44
440,14.667,0.0052,0.38
441,14.700,0.0001,0.40
442,14.733,0.0005,0.36
443,14.767,0.0334,1.38
444,14.800,0.0166,3.10
445,14.833,0.0059,4.54
446,14.867,0.0046,4.87
447,14.900,0.0075,4.35
448,14.933,0.0091,3.88
449,14.967,0.0054,3.51
450,15.000,0.0039,3.58
451,15.033,0.0101,3.28
452,15.067,0.5049,54.09
453,15.100,0.0452,3.35
454,15.133,0.0037,3.23
455,15.167,0.0075,2.74
456,15.200,0.0108,3.53
457,15.233,0.0048,3.22
458,15.267,0.0104,0.37
459,15.300,0.0404,3.34
460,15.333,0.0040,2.86
461,15.367,0.0016,3.00
462,15.400,0.0062,2.48
463,15.433,0.0102,3.25
464,15.467,0.0167,0.48
465,15.500,0.0369,3.60
466,15.533,0.0019,3.10
467,15.567,0.0011,3.15
468,15.600,0.0023,2.70
469,15.633,0.0015,3.02
470,15.667,0.0119,0.35
471,15.700,0.0417,3.41
472,15.733,0.0034,2.92
473,15.767,0.0009,3.14
474,15.800,0.0011,3.19
475,15.833,0.0054,2.79
476,15.867,0.0187,0.48
477,15.900,0.0275,2.77
478,15.933,0.0016,2.54
479,15.967,0.0021,3.21
480,16.000,0.0100,2.89
481,16.033,0.0086,3.06
482,16.067,0.0195,0.46
483,16.100,0.0320,2.96
484,16.133,0.0030,3.34
485,16.167,0.0137,2.23
486,16.200,0.0040,2.43
487,16.233,0.0017,2.58
488,16.267,0.0211,0.76
489,16.300,0.0293,3.43
490,16.333,0.0063,2.42
491,16.367,0.0063,3.12
492,16.400,0.0042,2.61
493,16.433,0.0045,2.35
494,16.467,0.2826,32.54
495,16.500,0.0504,29.58
496,16.533,0.1225,15.37
497,16.567,0.0363,10.54
498,16.600,0.0410,4.88
499,16.633,0.0360,2.05
500,16.667,0.0356,4.57
501,16.700,0.0251,8.31
502,16.733,0.0083,10.11
503,16.767,0.0059,10.36
504,16.800,0.0236,8.49
505,16.833,0.0173,7.19
506,16.867,0.0310,3.81
507,16.900,0.0072,0.73
508,16.933,0.0017,0.12
509,16.967,0.0001,0.08
510,17.000,0.0002,0.08
511,17.033,0.0004,0.06
512,17.067,0.0037,0.27
513,17.100,0.0013,0.07
514,17.133,0.0005,0.08
515,17.167,0.0007,0.05
516,17.200,0.0003,0.04
517,17.233,0.0030,0.24
518,17.267,0.0016,0.09
519,17.300,0.0000,0.08
520,17.333,0.0007,0.05
521,17.367,0.0002,0.04
522,17.400,0.0056,0.27
523,17.433,0.0006,0.03
524,17.467,0.0003,0.05
525,17.500,0.0003,0.04
526,17.533,0.0002,0.02
527,17.567,0.0001,0.03
528,17.600,0.0003,0.05
529,17.633,0.0673,7.98
530,17.667,0.1281,22.82
531,17.700,0.0330,15.89
532,17.733,0.1939,39.09
533,17.767,0.2738,66.02
534,17.800,0.1332,48.75
535,17.833,0.0477,5.21
536,17.867,0.2497,27.34
537,17.900,0.0165,29.30
538,17.933,0.0135,27.29
539,17.967,0.0500,22.13
540,18.000,0.0063,21.52
541,18.033,0.0052,21.37
542,18.067,0.0034,20.64
543,18.100,0.0059,20.12
544,18.133,0.0090,19.14
545,18.167,0.0082,17.98
546,18.200,0.0061,18.28
547,18.233,0.0049,16.89
548,18.267,0.0051,17.00
549,18.300,0.0020,16.75
550,18.333,0.0008,16.22
551,18.367,0.0067,16.21
552,18.400,0.0109,14.57
553,18.433,0.0056,14.17
554,18.467,0.0035,14.21
555,18.500,0.0059,12.83
556,18.533,0.0064,13.61
557,18.567,0.0135,11.86
558,18.600,0.0108,10.71
559,18.633,0.0041,10.44
560,18.667,0.0031,10.27
561,18.700,0.0133,8.79
562,18.733,0.0030,8.75
563,18.767,0.0087,8.14
564,18.800,0.0054,7.67
565,18.833,0.0065,7.37
566,18.867,0.0046,7.01
567,18.900,0.0073,6.55
568,18.933,0.0058,5.93
569,18.967,0.0072,5.57
570,19.000,0.0058,4.97
571,19.033,0.0067,4.56
572,19.067,0.0003,4.31
573,19.100,0.0006,4.37
574,19.133,0.0019,4.01
575,19.167,0.0032,3.86
576,19.200,0.0067,3.04
577,19.233,0.0042,2.68
578,19.267,0.0014,2.44
579,19.300,0.0003,2.48
580,19.333,0.0012,2.34
581,19.367,0.0008,2.22
582,19.400,0.0046,1.76
583,19.433,0.0016,1.70
584,19.467,0.0023,1.49
585,19.500,0.0005,1.60
586,19.533,0.0018,1.47
587,19.567,0.0019,1.26
588,19.600,0.0001,1.31
589,19.633,0.0035,1.07
590,19.667,0.0003,1.03
591,19.700,0.0006,0.99
592,19.733,0.0001,1.00
593,19.767,0.0004,1.01
594,19.800,0.0032,0.68
595,19.833,0.0026,0.92
596,19.867,0.0017,0.74
597,19.900,0.0020,0.56
598,19.933,0.0001,0.63
599,19.967,0.0037,0.31
600,20.000,0.0003,0.30
601,20.033,0.0001,0.31
602,20.067,0.2901,29.99
603,20.100,0.0052,0.29
604,20.133,0.0002,0.25
605,20.167,0.0008,0.35
606,20.200,0.0004,0.37
607,20.233,0.0014,0.49
608,20.267,0.0034,0.71
609,20.300,0.0042,0.98
610,20.333,0.0012,1.11
611,20.367,0.0024,0.95
612,20.400,0.0040,0.70
613,20.433,0.0031,0.42
614,20.467,0.0003,0.38
615,20.500,0.0009,0.46
616,20.533,0.0004,0.50
617,20.567,0.0001,0.50
618,20.600,0.0001,0.44
619,20.633,0.0004,0.43
620,20.667,0.0005,0.48
621,20.700,0.0007,0.49
622,20.733,0.0009,0.55
623,20.767,0.0008,0.57
624,20.800,0.0005,0.58
625,20.833,0.0003,0.62
626,20.867,0.0003,0.61
627,20.900,0.0012,0.70
628,20.933,0.0017,0.60
629,20.967,0.0009,0.56
630,21.000,0.0014,0.48
631,21.033,0.0022,0.34
632,21.067,0.0005,0.37
633,21.100,0.0010,0.42
634,21.133,0.0001,0.44
635,21.167,0.0007,0.39
636,21.200,0.0007,0.35
637,21.233,0.0003,0.33
638,21.267,0.0007,0.28
639,21.300,0.0009,0.22
640,21.333,0.0070,0.49
641,21.367,0.0032,0.19
642,21.400,0.0001,0.17
643,21.433,0.0006,0.22
644,21.467,0.0277,3.57
645,21.500,0.2183,29.11
646,21.533,0.2083,53.39
647,21.567,0.0635,45.93
648,21.600,0.0739,37.49
649,21.633,0.2517,66.88
650,21.667,0.2094,42.26
651,21.700,0.1539,24.29
652,21.733,0.0637,16.85
653,21.767,0.0049,0.32
654,21.800,0.0012,0.19
655,21.833,0.0001,0.18
656,21.867,0.0001,0.18
657,21.900,0.0005,0.21
658,21.933,0.0005,0.25
659,21.967,0.0009,0.29
660,22.000,0.0009,0.31
661,22.033,0.0014,0.21
662,22.067,0.0005,0.23
663,22.100,0.0008,0.29
664,22.133,0.0001,0.30
665,22.167,0.0013,0.26
666,22.200,0.0024,0.12
667,22.233,0.0006,0.14
668,22.267,0.0000,0.16
669,22.300,0.0006,0.13
670,22.333,0.0007,0.15
671,22.367,0.0008,0.19
672,22.400,0.0017,0.28
673,22.433,0.0010,0.33
674,22.467,0.0018,0.25
675,22.500,0.0015,0.17
676,22.533,0.0002,0.15
677,22.567,0.0009,0.20
678,22.600,0.0013,0.25
679,22.633,0.0005,0.22
680,22.667,0.0008,0.20
681,22.700,0.0013,0.14
682,22.733,0.0015,0.21
683,22.767,0.0005,0.21
684,22.800,0.0001,0.22
685,22.833,0.0001,0.21
686,22.867,0.0001,0.26
687,22.900,0.0003,0.24
688,22.933,0.0001,0.24
689,22.967,0.0069,1.19
690,23.000,0.0052,1.86
691,23.033,0.0080,2.80
692,23.067,0.0058,3.40
693,23.100,0.0087,4.43
694,23.133,0.0025,3.97
695,23.167,0.0045,3.44
696,23.200,0.0101,2.24
697,23.233,0.0107,0.86
698,23.267,0.0052,0.35
699,23.300,0.0006,0.40
700,23.333,0.0026,0.60
701,23.367,0.0005,0.60
702,23.400,0.0034,0.33
703,23.433,0.0036,0.68
704,23.467,0.0003,0.67
705,23.500,0.0012,0.74
706,23.533,0.0010,0.80
707,23.567,0.0018,0.90
708,23.600,0.0048,0.48
709,23.633,0.0049,0.92
710,23.667,0.0005,0.96
711,23.700,0.0007,0.96
712,23.733,0.0005,0.94
713,23.767,0.0010,1.10
714,23.800,0.0009,0.94
715,23.833,0.0023,1.13
716,23.867,0.0003,1.24
717,23.900,0.0027,1.54
718,23.933,0.0028,1.82
719,23.967,0.0027,1.79
720,24.000,0.0038,1.42
721,24.033,0.0019,1.54
722,24.067,0.0013,1.43
723,24.100,0.0018,1.25
724,24.133,0.0014,1.12
725,24.167,0.0006,0.99
726,24.200,0.0013,1.02
727,24.233,0.0019,0.86
728,24.267,0.0000,0.85
729,24.300,0.0021,0.72
730,24.333,0.0006,0.78
731,24.367,0.0002,0.76
732,24.400,0.0007,0.71
733,24.433,0.0013,0.63
734,24.467,0.0023,0.44
735,24.500,0.0001,0.47
736,24.533,0.0000,0.45
737,24.567,0.0003,0.45
738,24.600,0.0088,1.30
739,24.633,0.0169,3.25
740,24.667,0.0107,4.47
741,24.700,0.0032,4.86
742,24.733,0.0054,4.33
743,24.767,0.0103,3.31
744,24.800,0.0077,2.42
745,24.833,0.0063,1.72
746,24.867,0.0074,0.84
747,24.900,0.0040,0.26
748,24.933,0.0004,0.23
749,24.967,0.0004,0.19
750,25.000,0.0004,0.21
751,25.033,0.0003,0.23
752,25.067,0.2786,28.95
753,25.100,0.0130,1.06
754,25.133,0.0001,1.10
755,25.167,0.0001,1.04
756,25.200,0.0006,0.97
757,25.233,0.0002,0.96
758,25.267,0.0020,0.76
759,25.300,0.0003,0.74
760,25.333,0.0030,1.01
761,25.367,0.0044,1.39
762,25.400,0.0029,1.59
763,25.433,0.0041,1.85
764,25.467,0.0075,2.49
765,25.500,0.0043,2.85
766,25.533,0.0040,2.16
767,25.567,0.0109,1.03
768,25.600,0.0096,0.58
769,25.633,0.0015,0.49
770,25.667,0.0002,0.44
771,25.700,0.0020,0.60
772,25.733,0.0006,0.56
773,25.767,0.0010,0.72
774,25.800,0.0004,0.66
775,25.833,0.0011,0.60
776,25.867,0.0003,0.57
777,25.900,0.0027,0.37
778,25.933,0.0006,0.37
779,25.967,0.0017,0.25
780,26.000,0.0008,0.22
781,26.033,0.0001,0.23
782,26.067,0.0000,0.24
783,26.100,0.0010,0.14
784,26.133,0.0007,0.21
785,26.167,0.3024,31.46
786,26.200,0.0042,0.23
787,26.233,0.0002,0.22
788,26.267,0.0001,0.21
789,26.300,0.0008,0.16
790,26.333,0.0030,0.34
791,26.367,0.0007,0.27
792,26.400,0.0012,0.30
793,26.433,0.0017,0.24
794,26.467,0.0015,0.17
795,26.500,0.0007,0.17
796,26.533,0.0008,0.16
797,26.567,0.0002,0.18
798,26.600,0.0003,0.18
799,26.633,0.0003,0.16
800,26.667,0.0084,0.43
801,26.700,0.0036,0.15
802,26.733,0.0002,0.17
803,26.767,0.0004,0.16
804,26.800,0.0008,0.20
805,26.833,0.0010,0.14
806,26.867,0.0012,0.21
807,26.900,0.0007,0.23
808,26.933,0.0004,0.21
809,26.967,0.0003,0.19
810,27.000,0.0011,0.13
811,27.033,0.0002,0.14
812,27.067,0.0012,0.20
813,27.100,0.0600,6.49
814,27.133,0.0116,5.58
815,27.167,0.0076,6.10
816,27.200,0.0026,5.95
817,27.233,0.0017,6.10
818,27.267,0.0021,6.19
819,27.300,0.0031,6.04
820,27.333,0.3685,45.74
821,27.367,0.1314,28.50
822,27.400,0.0521,34.79
823,27.433,0.0149,35.73
824,27.467,0.0882,23.58
825,27.500,0.1110,10.54
826,27.533,0.0445,11.27
827,27.567,0.0545,15.63
828,27.600,0.0354,20.97
829,27.633,0.0721,1.44
830,27.667,0.3663,45.70
831,27.700,0.1715,15.03
832,27.733,0.0068,0.15
833,27.767,0.4015,43.45
834,27.800,0.1429,60.72
835,27.833,0.1323,44.04
836,27.867,0.0252,41.01
837,27.900,0.1778,18.88
838,27.933,0.0056,0.11
839,27.967,0.1348,5.77
840,28.000,0.0864,20.74
841,28.033,0.0053,22.38
842,28.067,0.0317,18.51
843,28.100,0.0777,2.38
844,28.133,0.0002,0.01
845,28.167,0.2281,21.63
846,28.200,0.0062,19.77
847,28.233,0.0456,14.85
848,28.267,0.0002,0.02
849,28.300,0.0001,0.01
850,28.333,0.1274,4.83
851,28.367,0.0435,14.26
852,28.400,0.0158,0.26
853,28.433,0.0001,0.01
854,28.467,0.0009,0.05
855,28.500,0.1162,10.30
856,28.533,0.0137,8.58
857,28.567,0.0039,7.93
858,28.600,0.0001,0.00
859,28.633,0.0027,0.08
860,28.667,0.2183,22.06
861,28.700,0.0225,25.05
862,28.733,0.0021,0.11
863,28.767,0.0003,0.12
864,28.800,0.0060,0.24
865,28.833,0.2500,24.86
866,28.867,0.1039,11.52
867,28.900,0.0274,0.46
868,28.933,0.0277,1.03
869,28.967,0.1133,12.40
870,29.000,0.0527,18.77
871,29.033,0.0454,11.69
872,29.067,0.0010,0.05
873,29.100,0.0080,0.22
874,29.133,0.1799,15.25
875,29.167,0.0297,15.16
876,29.200,0.0896,1.97
877,29.233,0.0002,0.01
878,29.267,0.0001,0.00
879,29.300,0.1691,3.85
880,29.333,0.0699,17.61
881,29.367,0.0278,0.38
882,29.400,0.0349,1.17
883,29.433,0.0177,1.48
884,29.467,0.0186,2.21
885,29.500,0.0203,3.10
886,29.533,0.0241,4.12
887,29.567,0.0198,5.97
888,29.600,0.0269,7.35
889,29.633,0.0351,10.40
890,29.667,0.0554,19.14
891,29.700,0.1066,34.46
892,29.733,0.0775,44.82
893,29.767,0.0814,38.41
894,29.800,0.1249,56.61
895,29.833,0.0434,59.93
896,29.867,0.1633,43.50
897,29.900,0.0542,36.26
898,29.933,0.0057,28.58
899,29.967,0.1178,15.02
900,30.000,0.0124,15.45
901,30.033,0.0045,10.81
902,30.067,0.0020,10.22
903,30.100,0.0161,10.02
904,30.133,0.0052,9.46
905,30.167,0.0264,7.55
906,30.200,0.0053,8.50
907,30.233,0.0132,7.55
908,30.267,0.0108,7.17
909,30.300,0.0084,6.99
910,30.333,0.0112,6.11
911,30.367,0.0107,5.49
912,30.400,0.0070,5.73
913,30.433,0.0161,4.07
914,30.467,0.0060,4.51
915,30.500,0.0154,4.00
916,30.533,0.0156,3.39
917,30.567,0.0197,3.46
918,30.600,0.0253,3.00
919,30.633,0.0006,2.93
920,30.667,0.0000,0.00
921,30.700,0.0000,0.00
922,30.733,0.0000,0.00
923,30.767,0.0000,0.00
924,30.800,0.0000,0.00
925,30.833,0.0000,0.00
926,30.867,0.0000,0.00
927,30.900,0.0000,0.00
928,30.933,0.0334,3.92
929,30.967,0.0003,4.01
930,31.000,0.0036,4.36
931,31.033,0.0030,4.19
932,31.067,0.0043,4.06
933,31.100,0.0074,3.57
934,31.133,0.0079,4.53
935,31.167,0.0052,3.97
936,31.200,0.0003,3.85
937,31.233,0.0009,4.02
938,31.267,0.0040,4.16
939,31.300,0.0031,4.07
940,31.333,0.0064,4.17
941,31.367,0.0077,3.42
942,31.400,0.0059,4.98
943,31.433,0.0043,4.06
944,31.467,0.0005,3.62
945,31.500,0.0070,4.82
946,31.533,0.0089,3.68
947,31.567,0.0030,3.87
948,31.600,0.0001,0.01
949,31.633,0.0000,0.00
950,31.667,0.0000,0.00
951,31.700,0.0001,0.00
952,31.733,0.0000,0.00
953,31.767,0.0000,0.00
954,31.800,0.0000,0.00
955,31.833,0.0000,0.00
956,31.867,0.0004,0.05
957,31.900,0.0003,0.09
958,31.933,0.0002,0.03
959,31.967,0.0005,0.07
960,32.000,0.0064,0.29
961,32.033,0.0004,0.06
962,32.067,0.0001,0.07
963,32.100,0.0002,0.04
964,32.133,0.0002,0.06
965,32.167,0.0002,0.05
966,32.200,0.0001,0.05
967,32.233,0.0000,0.06
968,32.267,0.0002,0.09
969,32.300,0.0002,0.02
970,32.333,0.0003,0.06
971,32.367,0.0000,0.00
972,32.400,0.0000,0.00
973,32.433,0.0000,0.00
974,32.467,0.0000,0.00
975,32.500,0.0000,0.00
976,32.533,0.0000,0.00
977,32.567,0.0004,0.05
978,32.600,0.0003,0.08
979,32.633,0.0002,0.05
980,32.667,0.0002,0.03
981,32.700,0.0004,0.07
982,32.733,0.0003,0.04
983,32.767,0.0002,0.07
984,32.800,0.0000,0.06
985,32.833,0.0003,0.04
986,32.867,0.0003,0.07
987,32.900,0.0003,0.05
988,32.933,0.0003,0.07
989,32.967,0.0003,0.04
990,33.000,0.0003,0.06
991,33.033,0.0003,0.04
992,33.067,0.0000,0.00
993,33.100,0.0000,0.00
994,33.133,0.0001,0.02
995,33.167,0.0000,0.00
996,33.200,0.0000,0.00
997,33.233,0.0000,0.00
998,33.267,0.0000,0.00
999,33.300,0.0000,0.00
1000,33.333,0.0000,0.00
1001,33.367,0.0000,0.00
1002,33.400,0.0000,0.00
1003,33.433,0.0000,0.00
1004,33.467,0.0000,0.00
1005,33.500,0.0000,0.00
1006,33.533,0.0000,0.00
1007,33.567,0.0000,0.00
1008,33.600,0.0002,0.02
1009,33.633,0.0000,0.00
1010,33.667,0.0002,0.02
1011,33.700,0.0000,0.00
1012,33.733,0.0000,0.00
1013,33.767,0.0000,0.00
1014,33.800,0.0000,0.00
1015,33.833,0.0000,0.00
1016,33.867,0.0000,0.00
1017,33.900,0.0000,0.00
1018,33.933,0.0000,0.00
1019,33.967,0.0000,0.00
1020,34.000,0.0000,0.00
1021,34.033,0.0000,0.00
1022,34.067,0.0000,0.00
1023,34.100,0.0000,0.00
1024,34.133,0.0001,0.02
1025,34.167,0.0000,0.00
1026,34.200,0.0000,0.00
1027,34.233,0.0000,0.00
1028,34.267,0.0000,0.00
1029,34.300,0.0000,0.00
1030,34.333,0.0000,0.00
1031,34.367,0.0000,0.00
1032,34.400,0.0000,0.00
1033,34.433,0.0000,0.00
1034,34.467,0.0000,0.00
1035,34.500,0.0000,0.00
1036,34.533,0.0000,0.00
1037,34.567,0.0000,0.00
1038,34.600,0.0000,0.00
1039,34.633,0.0000,0.00
1040,34.667,0.0000,0.00
1041,34.700,0.0000,0.00
1042,34.733,0.0000,0.00
1043,34.767,0.0000,0.00
1044,34.800,0.0000,0.00
1045,34.833,0.0000,0.00
1046,34.867,0.0000,0.00
1047,34.900,0.0000,0.00
1048,34.933,0.0000,0.00
1049,34.967,0.0000,0.00
1050,35.000,0.0000,0.00
1051,35.033,0.3520,35.79
1052,35.067,0.0002,0.02
1053,35.100,0.0070,0.63
1054,35.133,0.0013,0.71
1055,35.167,0.0006,0.68
1056,35.200,0.0005,0.76
1057,35.233,0.0005,0.71
1058,35.267,0.0006,0.71
1059,35.300,0.0003,0.73
1060,35.333,0.0005,0.68
1061,35.367,0.0002,0.70
1062,35.400,0.0008,0.59
1063,35.433,0.0002,0.56
1064,35.467,0.0020,0.34
1065,35.500,0.0005,0.42
1066,35.533,0.0019,0.27
1067,35.567,0.0013,0.39
1068,35.600,0.0005,0.41
1069,35.633,0.0009,0.49
1070,35.667,0.0010,0.43
1071,35.700,0.0005,0.50
1072,35.733,0.0005,0.49
1073,35.767,0.0007,0.52
1074,35.800,0.0009,0.59
1075,35.833,0.0013,0.49
1076,35.867,0.0001,0.54
1077,35.900,0.0006,0.43
1078,35.933,0.0001,0.45
1079,35.967,0.0001,0.48
1080,36.000,0.0016,0.64
1081,36.033,0.0024,0.91
1082,36.067,0.0040,0.54
1083,36.100,0.0009,0.44
1084,36.133,0.0014,0.55
1085,36.167,0.0018,0.40
1086,36.200,0.0005,0.42
1087,36.233,0.0013,0.51
1088,36.267,0.0010,0.40
1089,36.300,0.0012,0.49
1090,36.333,0.0001,0.46
1091,36.367,0.0004,0.43
1092,36.400,0.0018,0.59
1093,36.433,0.0008,0.50
1094,36.467,0.0009,0.43
1095,36.500,0.0009,0.52
1096,36.533,0.0002,0.52
1097,36.567,0.0012,0.40
1098,36.600,0.0000,0.42
1099,36.633,0.0005,0.47
1100,36.667,0.0027,0.26
1101,36.700,0.0011,0.20
1102,36.733,0.0003,0.24
1103,36.767,1.0000,143.67
1104,36.800,0.3405,38.84
1105,36.833,0.1086,24.18
1106,36.867,0.0645,16.35
1107,36.900,0.0090,15.06
1108,36.933,0.0215,10.24
1109,36.967,0.0413,7.13
1110,37.000,0.0194,4.89
1111,37.033,0.0065,4.93
1112,37.067,0.0258,7.20
1113,37.100,0.0292,9.14
1114,37.133,0.0478,5.43
1115,37.167,0.0414,1.92
1116,37.200,0.0043,0.21
1117,37.233,0.0248,1.34
1118,37.267,0.0142,0.72
1119,37.300,0.0063,0.83
1120,37.333,0.0068,1.16
1121,37.367,0.0015,1.29
1122,37.400,0.0003,0.03
1123,37.433,0.0238,1.07
1124,37.467,0.0059,0.86
1125,37.500,0.0022,0.91
1126,37.533,0.0118,1.43
1127,37.567,0.0089,1.04
1128,37.600,0.0046,0.27
1129,37.633,0.0062,0.58
1130,37.667,0.0152,1.12
1131,37.700,0.0043,1.36
1132,37.733,0.0151,0.75
1133,37.767,0.0080,1.02
1134,37.800,0.0013,0.10
1135,37.833,0.0262,1.19
1136,37.867,0.0093,0.87
1137,37.900,0.0063,1.08
1138,37.933,0.0063,0.84
1139,37.967,0.0087,0.41
1140,38.000,0.0004,0.04
1141,38.033,0.0335,1.48
1142,38.067,0.0076,1.13
1143,38.100,0.0082,0.44
1144,38.133,0.0076,0.72
1145,38.167,0.0138,1.28
1146,38.200,0.0017,0.09
1147,38.233,0.0117,0.61
1148,38.267,0.0037,0.77
1149,38.300,0.0006,0.79
1150,38.333,0.0011,0.77
1151,38.367,0.0101,1.19
1152,38.400,0.0024,0.14
1153,38.433,0.0057,0.46
1154,38.467,0.0043,0.60
1155,38.500,0.0174,1.32
1156,38.533,0.0130,0.65
1157,38.567,0.0017,0.56
1158,38.600,0.0014,0.09
1159,38.633,0.0144,0.74
1160,38.667,0.0093,1.15
1161,38.700,0.0071,0.42
1162,38.733,0.0063,0.67
1163,38.767,0.0085,0.99
1164,38.800,0.0000,0.00
1165,38.833,0.0161,0.77
1166,38.867,0.0019,0.81
1167,38.900,0.0055,0.37
1168,38.933,0.0121,0.78
1169,38.967,0.0024,0.72
1170,39.000,0.0007,0.05
1171,39.033,0.0136,0.68
1172,39.067,0.0082,0.99
1173,39.100,0.0106,0.55
1174,39.133,0.0001,0.55
1175,39.167,0.0129,1.06
1176,39.200,0.0009,0.07
1177,39.233,0.0050,0.39
1178,39.267,0.6348,69.81
1179,39.300,0.1274,14.35
1180,39.333,0.0233,10.84
1181,39.367,0.0460,4.18
1182,39.400,0.0039,3.51
1183,39.433,0.0036,3.06
1184,39.467,0.0036,2.64
1185,39.500,0.0020,2.66
1186,39.533,0.0060,2.82
1187,39.567,0.0110,3.01
1188,39.600,0.0162,2.50
1189,39.633,0.0052,2.33
1190,39.667,0.0012,2.25
1191,39.700,0.0039,2.03
1192,39.733,0.0019,1.89
1193,39.767,0.0010,1.81
1194,39.800,0.0018,1.68
1195,39.833,0.0008,1.83
1196,39.867,0.0003,1.74
1197,39.900,0.0015,1.52
1198,39.933,0.0011,1.38
1199,39.967,0.0013,1.36
1200,40.000,0.0047,1.95
1201,40.033,0.0021,2.22
1202,40.067,0.0004,2.09
1203,40.100,0.0026,1.89
1204,40.133,0.0034,1.61
1205,40.167,0.0011,1.63
1206,40.200,0.0994,12.86
1207,40.233,0.0147,10.77
1208,40.267,0.0485,5.11
1209,40.300,0.0043,4.57
1210,40.333,0.0048,3.78
1211,40.367,0.0028,3.08
1212,40.400,0.0005,3.06
1213,40.433,0.0013,2.98
1214,40.467,0.0008,2.85
1215,40.500,0.0048,2.58
1216,40.533,0.0045,2.36
1217,40.567,0.0112,1.61
1218,40.600,0.0101,1.03
1219,40.633,0.0003,1.35
1220,40.667,0.0010,1.57
1221,40.700,0.0009,1.50
1222,40.733,0.0005,1.49
1223,40.767,0.0026,1.24
1224,40.800,0.0001,1.21
1225,40.833,0.0021,1.01
1226,40.867,0.0003,0.96
1227,40.900,0.0017,1.03
1228,40.933,0.0006,0.96
1229,40.967,0.0007,0.98
1230,41.000,0.0009,0.93
1231,41.033,0.0024,1.02
1232,41.067,0.0018,1.14
1233,41.100,0.0015,1.25
1234,41.133,0.0063,1.92
1235,41.167,0.0011,1.98
1236,41.200,0.0012,1.62
1237,41.233,0.0025,1.33
1238,41.267,0.0016,1.14
1239,41.300,0.0013,1.01
1240,41.333,0.0045,0.74
1241,41.367,0.0013,0.64
1242,41.400,0.0018,0.54
1243,41.433,0.0040,0.34
1244,41.467,0.0013,0.30
1245,41.500,0.0262,0.98
1246,41.533,0.0786,10.24
1247,41.567,0.0745,16.86
1248,41.600,0.0474,13.44
1249,41.633,0.0638,5.46
1250,41.667,0.0315,2.31
1251,41.700,0.0004,2.98
1252,41.733,0.0036,2.41
1253,41.767,0.0033,2.11
1254,41.800,0.0067,1.57
1255,41.833,0.0069,0.52
1256,41.867,0.0005,0.49
1257,41.900,0.0036,0.27
1258,41.933,0.0029,0.60
1259,41.967,0.0001,0.61
1260,42.000,0.0003,0.43
1261,42.033,0.3222,34.36
1262,42.067,0.0058,0.41
1263,42.100,0.0006,0.49
1264,42.133,0.0001,0.51
1265,42.167,0.0014,0.38
1266,42.200,0.0005,0.40
1267,42.233,0.0008,0.46
1268,42.267,0.0005,0.42
1269,42.300,0.0013,0.32
1270,42.333,0.0017,0.18
1271,42.367,0.0004,0.21
1272,42.400,0.0010,0.26
1273,42.433,0.0002,0.23
1274,42.467,0.0010,0.33
1275,42.500,0.0014,0.22
1276,42.533,0.0017,0.34
1277,42.567,0.0003,0.33
1278,42.600,0.0010,0.39
1279,42.633,0.0015,0.29
1280,42.667,0.0087,0.72
1281,42.700,0.0060,0.36
1282,42.733,0.0005,0.38
1283,42.767,0.0010,0.32
1284,42.800,0.0001,0.31
1285,42.833,0.0005,0.30
1286,42.867,0.0013,0.42
1287,42.900,0.0010,0.45
1288,42.933,0.0000,0.46
1289,42.967,0.0006,0.41
1290,43.000,0.0008,0.36
1291,43.033,0.0000,0.37
1292,43.067,0.0005,0.34
1293,43.100,0.0005,0.33
1294,43.133,0.0006,0.29
1295,43.167,0.0013,0.19
1296,43.200,0.0014,0.28
1297,43.233,0.0000,0.28
1298,43.267,0.0001,0.28
1299,43.300,0.0007,0.25
1300,43.333,0.0006,0.23
1301,43.367,0.0010,0.29
1302,43.400,0.0010,0.31
1303,43.433,0.0005,0.31
1304,43.467,0.0003,0.28
1305,43.500,0.0010,0.24
1306,43.533,0.0006,0.25
1307,43.567,0.0007,0.22
1308,43.600,0.0008,0.26
1309,43.633,0.0003,0.28
1310,43.667,0.0007,0.25
1311,43.700,0.0005,0.27
1312,43.733,0.0005,0.28
1313,43.767,0.0001,0.26
1314,43.800,0.0002,0.28
1315,43.833,0.0012,0.22
1316,43.867,0.0002,0.24
1317,43.900,0.0002,0.18
1318,43.933,0.0004,0.19
1319,43.967,0.0005,0.22
1320,44.000,0.0007,0.20
1321,44.033,0.0009,0.25
1322,44.067,0.0002,0.27
1323,44.100,0.0002,0.29
1324,44.133,0.0005,0.33
1325,44.167,0.0003,0.30
1326,44.200,0.0008,0.36
1327,44.233,0.0003,0.35
1328,44.267,0.0001,0.35
1329,44.300,0.0008,0.28
1330,44.333,0.0009,0.23
1331,44.367,0.0007,0.28
1332,44.400,0.0006,0.24
1333,44.433,0.0003,0.20
1334,44.467,0.0001,0.24
1335,44.500,0.0004,0.23
1336,44.533,0.0007,0.29
1337,44.567,0.0012,0.34
1338,44.600,0.0001,0.31
1339,44.633,0.0005,0.29
1340,44.667,0.0002,0.27
1341,44.700,0.0007,0.32
1342,44.733,0.0007,0.28
1343,44.767,0.0005,0.24
1344,44.800,0.0008,0.20
1345,44.833,0.0006,0.16
1346,44.867,0.0000,0.17
1347,44.900,0.0010,0.10
1348,44.933,0.0002,0.12
1349,44.967,0.0007,0.07
1350,45.000,0.6894,79.34
1351,45.033,0.2755,32.15
1352,45.067,0.1180,13.57
1353,45.100,0.0532,6.02
1354,45.133,0.0190,8.03
1355,45.167,0.0294,4.48
1356,45.200,0.0104,5.70
1357,45.233,0.0217,2.05
1358,45.267,0.0107,3.27
1359,45.300,0.0046,2.97
1360,45.333,0.0068,3.63
1361,45.367,0.0155,2.06
1362,45.400,0.0074,1.10
1363,45.433,0.0055,0.47
1364,45.467,0.0045,1.07
1365,45.500,0.0004,1.20
1366,45.533,0.0037,1.59
1367,45.567,0.0004,1.62
1368,45.600,0.0015,1.85
1369,45.633,0.0049,0.46
1370,45.667,0.0182,2.57
1371,45.700,0.0041,3.08
1372,45.733,0.0032,3.41
1373,45.767,0.0028,3.80
1374,45.800,0.0034,4.15
1375,45.833,0.0051,0.46
1376,45.867,0.0333,4.28
1377,45.900,0.0014,4.04
1378,45.933,0.0014,3.83
1379,45.967,0.0037,3.40
1380,46.000,0.0072,2.58
1381,46.033,0.0062,0.52
1382,46.067,0.0124,1.87
1383,46.100,0.0056,1.24
1384,46.133,0.0033,0.88
1385,46.167,0.0025,1.18
1386,46.200,0.0061,1.83
1387,46.233,0.0060,0.52
1388,46.267,0.0188,2.60
1389,46.300,0.0002,2.60
1390,46.333,0.0015,2.81
1391,46.367,0.0004,2.72
1392,46.400,0.0020,2.51
1393,46.433,0.0069,1.50
1394,46.467,0.0056,2.21
1395,46.500,0.0010,2.08
1396,46.533,0.0025,1.81
1397,46.567,0.0053,1.22
1398,46.600,0.0001,1.18
1399,46.633,0.0019,1.42
1400,46.667,0.0012,1.24
1401,46.700,0.0011,1.36
1402,46.733,0.0058,1.97
1403,46.767,0.0136,3.41
1404,46.800,0.0190,5.50
1405,46.833,0.0284,8.76
1406,46.867,0.0316,12.46
1407,46.900,0.1165,26.57
1408,46.933,0.0427,32.27
1409,46.967,0.0855,22.47
1410,47.000,0.1185,36.63
1411,47.033,0.1255,50.34
1412,47.067,0.2155,25.00
1413,47.100,0.0505,18.55
1414,47.133,0.0125,15.58
1415,47.167,0.0101,13.29
1416,47.200,0.0030,12.68
1417,47.233,0.0019,12.10
1418,47.267,0.0040,11.70
1419,47.300,0.0066,11.04
1420,47.333,0.0136,9.59
1421,47.367,0.0173,7.75
1422,47.400,0.0252,5.55
1423,47.433,0.0214,3.78
1424,47.467,0.0215,2.03
1425,47.500,0.0091,1.21
1426,47.533,0.0032,0.97
1427,47.567,0.0018,1.09
1428,47.600,0.0035,1.20
1429,47.633,0.0018,1.12
1430,47.667,0.0013,1.24
1431,47.700,0.0012,1.14
1432,47.733,0.0007,1.21
1433,47.767,0.0001,1.19
1434,47.800,0.0008,1.12
1435,47.833,0.0011,1.22
1436,47.867,0.0002,1.20
1437,47.900,0.0005,1.15
1438,47.933,0.0003,1.14
1439,47.967,0.0010,1.24
1440,48.000,0.0006,1.16
1441,48.033,0.0030,1.10
1442,48.067,0.0015,1.18
1443,48.100,0.0025,1.34
1444,48.133,0.0007,1.40
1445,48.167,0.0007,1.33
1446,48.200,0.0000,1.33
1447,48.233,0.0009,1.31
1448,48.267,0.0010,1.35
1449,48.300,0.0004,1.34
1450,48.333,0.0011,1.25
1451,48.367,0.0025,1.39
1452,48.400,0.0014,1.34
1453,48.433,0.0002,1.32
1454,48.467,0.0009,1.24
1455,48.500,0.0019,0.16
1456,48.533,0.0452,3.05
1457,48.567,0.0047,3.38
1458,48.600,0.0010,3.28
1459,48.633,0.0005,3.21
1460,48.667,0.0010,3.29
1461,48.700,0.0016,3.18
1462,48.733,0.0010,3.27
1463,48.767,0.0001,3.24
1464,48.800,0.0000,3.29
1465,48.833,0.0001,3.19
1466,48.867,0.3807,46.69
1467,48.900,0.0045,0.23
1468,48.933,0.0001,0.25
1469,48.967,0.0008,0.19
1470,49.000,0.0003,0.20
1471,49.033,0.0003,0.15
1472,49.067,0.0009,0.22
1473,49.100,0.0007,0.18
1474,49.133,0.0001,0.18
1475,49.167,0.0009,0.14
1476,49.200,0.0007,0.11
1477,49.233,0.0009,0.16
1478,49.267,0.0001,0.15
1479,49.300,0.0002,0.14
1480,49.333,0.0004,0.12
1481,49.367,0.0008,0.09
1482,49.400,0.0011,0.15
1483,49.433,0.0002,0.13
1484,49.467,0.0001,0.12
1485,49.500,0.0005,0.10
1486,49.533,0.0007,0.06
1487,49.567,0.0011,0.12
1488,49.600,0.0004,0.10
1489,49.633,0.0002,0.08
1490,49.667,0.0006,0.10
1491,49.700,0.0001,0.10
1492,49.733,0.0005,0.14
1493,49.767,0.0004,0.15
1494,49.800,0.0002,0.17
1495,49.833,0.0004,0.19
1496,49.867,0.0008,0.15
1497,49.900,0.0002,0.16
1498,49.933,0.0003,0.12
1499,49.967,0.0000,0.13
1500,50.000,0.0002,0.15
1501,50.033,0.0008,0.10
1502,50.067,0.0012,0.17
1503,50.100,0.0005,0.14
1504,50.133,0.0010,0.19
1505,50.167,0.0006,0.15
1506,50.200,0.0009,0.12
1507,50.233,0.0003,0.15
1508,50.267,0.0002,0.14
1509,50.300,0.0001,0.12
1510,50.333,0.0001,0.12
1511,50.367,0.0001,0.13
1512,50.400,0.0010,0.17
1513,50.433,0.0010,0.22
1514,50.467,0.0011,0.29
1515,50.500,0.0015,0.37
1516,50.533,0.0008,0.44
1517,50.567,0.0018,0.56
1518,50.600,0.0014,0.68
1519,50.633,0.0020,0.83
1520,50.667,0.0038,1.10
1521,50.700,0.0010,1.33
1522,50.733,0.0003,1.41
1523,50.767,0.0006,1.38
1524,50.800,0.0005,1.31
1525,50.833,0.0013,1.16
1526,50.867,0.0011,1.07
1527,50.900,0.0004,1.16
1528,50.933,0.0011,1.13
1529,50.967,0.0008,1.08
1530,51.000,0.0011,0.92
1531,51.033,0.0014,0.79
1532,51.067,0.0012,0.91
1533,51.100,0.0004,0.93
1534,51.133,0.0003,0.89
1535,51.167,0.0006,0.82
1536,51.200,0.0003,0.82
1537,51.233,0.0004,0.81
1538,51.267,0.0303,3.42
1539,51.300,0.0034,0.20
1540,51.333,0.0004,0.22
1541,51.367,0.0018,0.35
1542,51.400,0.0039,0.61
1543,51.433,0.0037,0.92
1544,51.467,0.0016,1.05
1545,51.500,0.0010,1.12
1546,51.533,0.0004,1.11
1547,51.567,0.0009,1.21
1548,51.600,0.0002,1.13
1549,51.633,0.0015,1.09
1550,51.667,0.0009,0.99
1551,51.700,0.0023,0.84
1552,51.733,0.0002,0.87
1553,51.767,0.0005,0.86
1554,51.800,0.0000,0.87
1555,51.833,0.0002,0.90
1556,51.867,0.0007,0.84
1557,51.900,0.0011,0.97
1558,51.933,0.0001,0.94
1559,51.967,0.0007,0.90
1560,52.000,0.0004,0.90
1561,52.033,0.0013,0.83
1562,52.067,0.0003,0.77
1563,52.100,0.0015,0.95
1564,52.133,0.0015,1.10
1565,52.167,0.0012,1.23
1566,52.200,0.0008,1.20
1567,52.233,0.0011,1.27
1568,52.267,0.0019,1.47
1569,52.300,0.0018,1.65
1570,52.333,0.0005,1.69
1571,52.367,0.0003,1.61
1572,52.400,0.0003,1.53
1573,52.433,0.0006,1.37
1574,52.467,0.0010,1.22
1575,52.500,0.0006,1.17
1576,52.533,0.0024,0.88
1577,52.567,0.0013,0.79
1578,52.600,0.0007,0.92
1579,52.633,0.0005,0.96
1580,52.667,0.0005,1.09
1581,52.700,0.0005,1.21
1582,52.733,0.0018,1.37
1583,52.767,0.0004,1.44
1584,52.800,0.0004,1.32
1585,52.833,0.0012,1.16
1586,52.867,0.0021,0.94
1587,52.900,0.0003,0.85
1588,52.933,0.0032,0.61
1589,52.967,0.0043,0.38
1590,53.000,0.0020,0.26
1591,53.033,0.0017,0.16
1592,53.067,0.0007,0.14
1593,53.100,0.0003,0.12
1594,53.133,0.0004,0.10
1595,53.167,0.0001,0.12
1596,53.200,0.0001,0.11
1597,53.233,0.0012,0.18
1598,53.267,0.0011,0.23
1599,53.300,0.0024,0.37
1600,53.333,0.0101,0.93
1601,53.367,0.0030,0.96
1602,53.400,0.0021,1.27
1603,53.433,0.0009,1.22
1604,53.467,0.0001,1.29
1605,53.500,0.0003,1.21
1606,53.533,0.0008,1.26
1607,53.567,0.0004,1.24
1608,53.600,0.0003,1.20
1609,53.633,0.0003,1.26
1610,53.667,0.0024,1.00
1611,53.700,0.0005,1.00
1612,53.733,0.0005,1.00
1613,53.767,0.0008,0.98
1614,53.800,0.0019,0.82
1615,53.833,0.0006,0.74
1616,53.867,0.0015,0.92
1617,53.900,0.0016,1.02
1618,53.933,0.0010,1.03
1619,53.967,0.0006,0.91
1620,54.000,0.0003,0.86
1621,54.033,0.0021,1.16
1622,54.067,0.0018,1.40
1623,54.100,0.0014,1.23
1624,54.133,0.0005,1.14
1625,54.167,0.0425,5.99
1626,54.200,0.0142,7.17
1627,54.233,0.0156,8.59
1628,54.267,0.0138,9.72
1629,54.300,0.0115,11.30
1630,54.333,0.0123,9.61
1631,54.367,0.0181,7.48
1632,54.400,0.0197,5.24
1633,54.433,0.0239,2.57
1634,54.467,0.0166,1.29
1635,54.500,0.0029,1.43
1636,54.533,0.0031,1.27
1637,54.567,0.0020,1.07
1638,54.600,0.0033,0.76
1639,54.633,0.0049,0.35
1640,54.667,0.0022,0.20
1641,54.700,0.0008,0.17
1642,54.733,0.0010,0.11
1643,54.767,0.0001,0.13
1644,54.800,0.0014,0.21
1645,54.833,0.0134,1.49
1646,54.867,0.0204,3.58
1647,54.900,0.0174,5.26
1648,54.933,0.0119,6.35
1649,54.967,0.0109,7.52
1650,55.000,0.0015,7.34
1651,55.033,0.0131,5.78
1652,55.067,0.0185,3.50
1653,55.100,0.0218,1.45
1654,55.133,0.0078,1.08
1655,55.167,0.0020,0.99
1656,55.200,0.0007,0.87
1657,55.233,0.0036,0.65
1658,55.267,0.0013,0.54
1659,55.300,0.0003,0.54
1660,55.333,0.0003,0.55
1661,55.367,0.0004,0.52
1662,55.400,0.0004,0.55
1663,55.433,0.0016,0.62
1664,55.467,0.0030,0.83
1665,55.500,0.0009,0.92
1666,55.533,0.0016,1.07
1667,55.567,0.0015,1.20
1668,55.600,0.0002,1.24
1669,55.633,0.0010,1.14
1670,55.667,0.0018,0.89
1671,55.700,0.0014,0.81
1672,55.733,0.0367,3.14
1673,55.767,0.0518,8.63
1674,55.800,0.0356,12.91
1675,55.833,0.0253,15.84
1676,55.867,0.0028,16.52
1677,55.900,0.0257,13.98
1678,55.933,0.0252,11.43
1679,55.967,0.0274,8.68
1680,56.000,0.0341,5.48
1681,56.033,0.0042,0.21
1682,56.067,0.0004,0.17
1683,56.100,0.0009,0.13
1684,56.133,0.0004,0.11
1685,56.167,0.0001,0.13
1686,56.200,0.2819,29.17
1687,56.233,0.0058,0.29
1688,56.267,0.0011,0.38
1689,56.300,0.0018,0.27
1690,56.333,0.0028,0.46
1691,56.367,0.0007,0.51
1692,56.400,0.0042,0.21
1693,56.433,0.0012,0.26
1694,56.467,0.0014,0.20
1695,56.500,0.0025,0.34
1696,56.533,0.0012,0.42
1697,56.567,0.0004,0.47
1698,56.600,0.0024,0.30
1699,56.633,0.0025,0.17
1700,56.667,0.0006,0.14
1701,56.700,0.0008,0.17
1702,56.733,0.0015,0.25
1703,56.767,0.0003,0.22
1704,56.800,0.0001,0.22
1705,56.833,0.0011,0.27
1706,56.867,0.0013,0.35
1707,56.900,0.0006,0.38
1708,56.933,0.0006,0.34
1709,56.967,0.0010,0.43
1710,57.000,0.0005,0.40
1711,57.033,0.0006,0.39
1712,57.067,0.0001,0.37
1713,57.100,0.0005,0.35
1714,57.133,0.0014,0.30
1715,57.167,0.0013,0.21
1716,57.200,0.0005,0.26
1717,57.233,0.0009,0.26
1718,57.267,0.0002,0.28
1719,57.300,0.0009,0.24
1720,57.333,0.0007,0.23
1721,57.367,0.0003,0.21
1722,57.400,0.0000,0.21
1723,57.433,0.0001,0.20
1724,57.467,0.0003,0.19
1725,57.500,0.0006,0.25
1726,57.533,0.0012,0.26
1727,57.567,0.0000,0.24
1728,57.600,0.0002,0.25
1729,57.633,0.0003,0.29
1730,57.667,0.0009,0.22
1731,57.700,0.0011,0.30
1732,57.733,0.0013,0.23
1733,57.767,0.0004,0.22
1734,57.800,0.0003,0.27
1735,57.833,0.0002,0.23
1736,57.867,0.0008,0.28
1737,57.900,0.0006,0.34
1738,57.933,0.0005,0.38
1739,57.967,0.0003,0.37
1740,58.000,0.0005,0.35
1741,58.033,0.0005,0.41
1742,58.067,0.0003,0.38
1743,58.100,0.0005,0.43
1744,58.133,0.0206,2.89
1745,58.167,0.0071,0.36
1746,58.200,0.0283,3.61
1747,58.233,0.0092,2.67
1748,58.267,0.0110,3.79
1749,58.300,0.0089,2.89
1750,58.333,0.0014,3.04
1751,58.367,0.0067,3.73
1752,58.400,0.0102,2.66
1753,58.433,0.0113,3.85
1754,58.467,0.0090,3.00
1755,58.500,0.0010,3.08
1756,58.533,0.0089,3.95
1757,58.567,0.0154,2.46
1758,58.600,0.0139,3.93
1759,58.633,0.0105,2.90
1760,58.667,0.0127,1.03
1761,58.700,0.0014,0.98
1762,58.733,0.0015,1.10
1763,58.767,0.0058,0.49
1764,58.800,0.0051,1.05
1765,58.833,0.0003,1.05
1766,58.867,0.0105,2.31
1767,58.900,0.0026,2.00
1768,58.933,0.0067,2.88
1769,58.967,0.0101,1.01
1770,59.000,0.0075,1.79
1771,59.033,0.0082,2.78
1772,59.067,0.0112,1.38
1773,59.100,0.0150,3.22
1774,59.133,0.0146,1.43
1775,59.167,0.0012,1.58
1776,59.200,0.0103,2.57
1777,59.233,0.0095,1.42
1778,59.267,0.0038,0.90
1779,59.300,0.0025,0.70
1780,59.333,0.0006,0.77
1781,59.367,0.0030,0.51
1782,59.400,0.0043,0.89
1783,59.433,0.0005,0.94
1784,59.467,0.0025,0.73
1785,59.500,0.0017,0.90
1786,59.533,0.0003,0.88
1787,59.567,0.0008,0.74
1788,59.600,0.0012,0.88
1789,59.633,0.0022,0.70
1790,59.667,0.0010,0.83
1791,59.700,0.0016,0.92
1792,59.733,0.0000,0.96
1793,59.767,0.0014,0.73
1794,59.800,0.0018,0.66
1795,59.833,0.0018,0.84
1796,59.867,0.0010,0.90
1797,59.900,0.0009,0.96
1798,59.933,0.0002,0.95
1799,59.967,0.0041,0.33
1800,60.000,0.0120,1.41
1801,60.033,0.0025,1.66
1802,60.067,0.0000,1.67
1803,60.100,0.0031,1.43
1804,60.133,0.0003,1.40
1805,60.167,0.0066,0.51
1806,60.200,0.0113,1.64
1807,60.233,0.0017,1.76
1808,60.267,0.0009,1.66
1809,60.300,0.0000,1.69
1810,60.333,0.0029,1.41
1811,60.367,0.0050,0.45
1812,60.400,0.0111,1.39
1813,60.433,0.0021,1.59
1814,60.467,0.0017,1.41
1815,60.500,0.0007,1.52
1816,60.533,0.0012,1.39
1817,60.567,0.0046,0.41
1818,60.600,0.0122,1.46
1819,60.633,0.0003,1.43
1820,60.667,0.0003,1.44
1821,60.700,0.0001,1.39
1822,60.733,0.0009,1.33
1823,60.767,0.0045,0.41
1824,60.800,0.0131,1.56
1825,60.833,0.0006,1.64
1826,60.867,0.0007,1.69
1827,60.900,0.0018,1.59
1828,60.933,0.0014,1.72
1829,60.967,0.0065,0.54
1830,61.000,0.0120,1.65
1831,61.033,0.0042,1.30
1832,61.067,0.0033,1.01
1833,61.100,0.0011,1.08
1834,61.133,0.0015,1.21
1835,61.167,0.0026,0.94
1836,61.200,0.0015,1.12
1837,61.233,0.0031,0.86
1838,61.267,0.0011,0.99
1839,61.300,0.0002,0.93
1840,61.333,0.0025,1.18
1841,61.367,0.0035,0.78
1842,61.400,0.0071,1.48
1843,61.433,0.0023,1.71
1844,61.467,0.0003,1.69
1845,61.500,0.0012,1.80
1846,61.533,0.0004,1.74
1847,61.567,0.0040,0.36
1848,61.600,0.0145,1.80
1849,61.633,0.0022,1.55
1850,61.667,0.0007,1.58
1851,61.700,0.0015,1.74
1852,61.733,0.0004,1.75
1853,61.767,0.0039,0.35
1854,61.800,0.0149,1.76
1855,61.833,0.0010,1.63
1856,61.867,0.0005,1.70
1857,61.900,0.0003,1.73
1858,61.933,0.0008,1.80
1859,61.967,0.0040,0.36
1860,62.000,0.0141,1.70
1861,62.033,0.0011,1.83
1862,62.067,0.0024,1.60
1863,62.100,0.0003,1.58
1864,62.133,0.0022,1.40
1865,62.167,0.0048,0.45
1866,62.200,0.0106,1.47
1867,62.233,0.0028,1.75
1868,62.267,0.0036,1.42
1869,62.300,0.0020,1.22
1870,62.333,0.0020,1.03
1871,62.367,0.0049,0.46
1872,62.400,0.0061,1.06
1873,62.433,0.0007,1.14
1874,62.467,0.0018,0.93
1875,62.500,0.0017,1.08
1876,62.533,0.0016,0.92
1877,62.567,0.0032,0.31
1878,62.600,0.0060,0.86
1879,62.633,0.0004,0.92
1880,62.667,0.0010,1.01
1881,62.700,0.0040,1.54
1882,62.733,0.0074,2.38
1883,62.767,0.0039,0.32
1884,62.800,0.0174,2.33
1885,62.833,0.0020,2.01
1886,62.867,0.0052,1.46
1887,62.900,0.0008,1.51
1888,62.933,0.0016,1.32
1889,62.967,0.0009,0.09
1890,63.000,0.0119,1.27
1891,63.033,0.0017,1.09
1892,63.067,0.0017,0.96
1893,63.100,0.0007,0.90
1894,63.133,0.0016,1.07
1895,63.167,0.0037,0.34
1896,63.200,0.0057,0.98
1897,63.233,0.0067,0.97
1898,63.267,0.0366,2.59
1899,63.300,0.0718,7.27
1900,63.333,0.0674,18.68
1901,63.367,0.0746,27.09
1902,63.400,0.0146,28.82
1903,63.433,0.0173,26.63
1904,63.467,0.0941,10.89
1905,63.500,0.0284,7.62
1906,63.533,0.0085,8.29
1907,63.567,0.0194,5.88
1908,63.600,0.0022,5.34
1909,63.633,0.0104,0.96
1910,63.667,0.0020,1.15
1911,63.700,0.0053,0.47
1912,63.733,0.0001,0.50
1913,63.767,0.0001,0.51
1914,63.800,0.0001,0.53
1915,63.833,0.0001,0.52
1916,63.867,0.0019,0.17
1917,63.900,0.0006,0.23
1918,63.933,0.0002,0.26
1919,63.967,0.0005,0.30
1920,64.000,0.0001,0.56
1921,64.033,0.0001,0.28
1922,64.067,0.0001,0.32
1923,64.100,0.1022,11.45
1924,64.133,0.0059,0.61
1925,64.167,0.0001,0.59
1926,64.200,0.0005,0.57
1927,64.233,0.0006,0.63
1928,64.267,0.0009,0.53
1929,64.300,0.0007,0.57
1930,64.333,0.0009,0.51
1931,64.367,0.0010,0.43
1932,64.400,0.0013,0.55
1933,64.433,0.0007,0.65
1934,64.467,0.0005,0.53
1935,64.500,0.0006,0.61
1936,64.533,0.0002,0.61
1937,64.567,0.0006,0.54
1938,64.600,0.0007,0.60
1939,64.633,0.0008,0.53
1940,64.667,0.0011,0.64
1941,64.700,0.0789,9.16
1942,64.733,0.0052,0.44
1943,64.767,0.0002,0.42
1944,64.800,0.0006,0.36
1945,64.833,0.0010,0.09
1946,64.867,0.0113,1.07
1947,64.900,0.0002,1.05
1948,64.933,0.0000,1.05
1949,64.967,0.0002,1.06
1950,65.000,0.0001,1.09
1951,65.033,0.0002,1.08
1952,65.067,0.0000,1.07
1953,65.100,0.0001,1.06
1954,65.133,0.0002,1.08
1955,65.167,0.0003,1.03
1956,65.200,0.0001,1.04
1957,65.233,0.0012,0.93
1958,65.267,0.0053,0.46
1959,65.300,0.0009,0.53
1960,65.333,0.0001,0.55
1961,65.367,0.0000,0.55
1962,65.400,0.0001,0.54
1963,65.433,0.1192,13.40
1964,65.467,0.0098,0.90
1965,65.500,0.0005,0.86
1966,65.533,0.0000,0.86
1967,65.567,0.0003,0.90
1968,65.600,0.0001,0.90
1969,65.633,0.0000,0.91
1970,65.667,0.0000,0.93
1971,65.700,0.0003,0.90
1972,65.733,0.0005,0.87
1973,65.767,0.0000,0.89
1974,65.800,0.0043,0.52
1975,65.833,0.0086,1.54
1976,65.867,0.0174,3.25
1977,65.900,0.0196,4.99
1978,65.933,0.0190,7.23
1979,65.967,0.0231,9.65
1980,66.000,0.0224,12.28
1981,66.033,0.0191,14.21
1982,66.067,0.0133,16.18
1983,66.100,0.0088,15.42
1984,66.133,0.0145,13.85
1985,66.167,0.0088,13.01
1986,66.200,0.0080,13.64
1987,66.233,0.0321,17.47
1988,66.267,0.1061,30.39
1989,66.300,0.0077,0.59
1990,66.333,0.0033,0.25
1991,66.367,0.0028,0.38
1992,66.400,0.0025,0.24
1993,66.433,0.0000,0.23
1994,66.467,0.0002,0.23
1995,66.500,0.0008,0.21
1996,66.533,0.0010,0.24
1997,66.567,0.0009,0.29
1998,66.600,0.0007,0.21
1999,66.633,0.0005,0.20
2000,66.667,0.0005,0.19
2001,66.700,0.0005,0.16
2002,66.733,0.0004,0.16
2003,66.767,0.0005,0.16
2004,66.800,0.0004,0.20
2005,66.833,0.0008,0.16
2006,66.867,0.0008,0.20
2007,66.900,0.0001,0.20
2008,66.933,0.0005,0.15
2009,66.967,0.0002,0.15
2010,67.000,0.0526,5.21
2011,67.033,0.0105,0.61
2012,67.067,0.0008,0.64
2013,67.100,0.0015,0.52
2014,67.133,0.0005,0.50
2015,67.167,0.0002,0.48
2016,67.200,0.0015,0.58
2017,67.233,0.0007,0.57
2018,67.267,0.0008,0.51
2019,67.300,0.0016,0.41
2020,67.333,0.0005,0.42
2021,67.367,0.0005,0.41
2022,67.400,0.0005,0.33
2023,67.433,0.0004,0.34
2024,67.467,0.0023,0.50
2025,67.500,0.0029,0.76
2026,67.533,0.0019,0.92
2027,67.567,0.0017,1.03
2028,67.600,0.0003,1.02
2029,67.633,0.0010,1.03
2030,67.667,0.0001,1.01
2031,67.700,0.0011,0.95
2032,67.733,0.0023,0.77
2033,67.767,0.0022,0.62
2034,67.800,0.0023,0.51
2035,67.833,0.0003,0.41
2036,67.867,0.0007,0.46
2037,67.900,0.0010,0.41
2038,67.933,0.0027,0.26
2039,67.967,0.0006,0.28
2040,68.000,0.0004,0.27
2041,68.033,0.0006,0.27
2042,68.067,0.0013,0.36
2043,68.100,0.0000,0.34
2044,68.133,0.0003,0.38
2045,68.167,0.0023,0.24
2046,68.200,0.0004,0.23
2047,68.233,0.0002,0.22
2048,68.267,0.0005,0.18
2049,68.300,0.0010,0.26
2050,68.333,0.0001,0.26
2051,68.367,0.0007,0.24
2052,68.400,0.0005,0.19
2053,68.433,0.0008,0.15
2054,68.467,0.0002,0.17
2055,68.500,0.0002,0.17
2056,68.533,0.0003,0.17
2057,68.567,0.0001,0.17
2058,68.600,0.0004,0.15
2059,68.633,0.0003,0.18
2060,68.667,0.0003,0.18
2061,68.700,0.0003,0.18
2062,68.733,0.0011,0.24
2063,68.767,0.0013,0.33
2064,68.800,0.0013,0.45
2065,68.833,0.0003,0.42
2066,68.867,0.0000,0.44
2067,68.900,0.0001,0.43
2068,68.933,0.0001,0.48
2069,68.967,0.0018,0.57
2070,69.000,0.0002,0.55
2071,69.033,0.0011,0.61
2072,69.067,0.0008,0.61
2073,69.100,0.0001,0.54
2074,69.133,0.0013,0.69
2075,69.167,0.0011,0.75
2076,69.200,0.0005,0.67
2077,69.233,0.0010,0.60
2078,69.267,0.0019,0.51
2079,69.300,0.0007,0.48
2080,69.333,0.0078,0.77
2081,69.367,0.0065,0.58
2082,69.400,0.0015,0.67
2083,69.433,0.0023,0.88
2084,69.467,0.0001,0.94
2085,69.500,0.0006,0.83
2086,69.533,0.0010,0.72
2087,69.567,0.0026,0.57
2088,69.600,0.0008,0.53
2089,69.633,0.0006,0.49
2090,69.667,0.0005,0.46
2091,69.700,0.0000,0.43
2092,69.733,0.0000,0.42
2093,69.767,0.0007,0.39
2094,69.800,0.0003,0.36
2095,69.833,0.0011,0.29
2096,69.867,0.0015,0.38
2097,69.900,0.0009,0.46
2098,69.933,0.0001,0.48
2099,69.967,0.0004,0.47
2100,70.000,0.0002,0.48
2101,70.033,0.0002,0.43
2102,70.067,0.0000,0.46
2103,70.100,0.0022,0.34
2104,70.133,0.0000,0.35
2105,70.167,0.0007,0.37
2106,70.200,0.0014,0.51
2107,70.233,0.0004,0.59
2108,70.267,0.0000,0.64
2109,70.300,0.0116,1.97
2110,70.333,0.0619,8.31
2111,70.367,0.0143,8.40
2112,70.400,0.0193,10.20
2113,70.433,0.0090,10.75
2114,70.467,0.0044,10.76
2115,70.500,0.0120,9.06
2116,70.533,0.0235,5.50
2117,70.567,0.0322,1.73
2118,70.600,0.0227,0.54
2119,70.633,0.0003,0.49
2120,70.667,0.0021,0.61
2121,70.700,0.0020,0.55
2122,70.733,0.0013,0.54
2123,70.767,0.0012,0.53
2124,70.800,0.0026,0.47
2125,70.833,0.0013,0.53
2126,70.867,0.0017,0.58
2127,70.900,0.0033,0.51
2128,70.933,0.0048,0.60
2129,70.967,0.0067,0.46
2130,71.000,0.0106,0.62
2131,71.033,0.0015,0.58
2132,71.067,0.0081,0.35
2133,71.100,0.0186,0.68
2134,71.133,0.0019,0.67
2135,71.167,0.0051,0.76
2136,71.200,0.0013,0.65
2137,71.233,0.0006,0.65
2138,71.267,0.0068,0.80
2139,71.300,0.0011,0.88
2140,71.333,0.2183,24.97
2141,71.367,0.0205,0.94
2142,71.400,0.0008,0.92
2143,71.433,0.0018,0.81
2144,71.467,0.0005,0.81
2145,71.500,0.0012,0.90
2146,71.533,0.0018,0.97
2147,71.567,0.0002,0.93
2148,71.600,0.0027,0.79
2149,71.633,0.0007,0.85
2150,71.667,0.0006,0.84
2151,71.700,0.0006,0.78
2152,71.733,0.0002,0.81
2153,71.767,0.0004,0.85
2154,71.800,0.0013,0.77
2155,71.833,0.0022,0.65
2156,71.867,0.0017,0.57
2157,71.900,0.0027,0.73
2158,71.933,0.0029,0.91
2159,71.967,0.0016,0.94
2160,72.000,0.0009,0.93
2161,72.033,0.0048,0.73
2162,72.067,0.0010,0.66
2163,72.100,0.0019,0.74
2164,72.133,0.2106,23.27
2165,72.167,0.0297,0.70
2166,72.200,0.0102,1.16
2167,72.233,0.0050,0.88
2168,72.267,0.0050,0.76
2169,72.300,0.0111,1.34
2170,72.333,0.0021,1.14
2171,72.367,0.0032,1.00
2172,72.400,0.0103,1.55
2173,72.433,0.0054,1.24
2174,72.467,0.0044,1.11
2175,72.500,0.0088,1.55
2176,72.533,0.0047,1.19
2177,72.567,0.0046,1.05
2178,72.600,0.0082,1.36
2179,72.633,0.0059,0.92
2180,72.667,0.0085,0.63
2181,72.700,0.0094,1.15
2182,72.733,0.0073,0.60
2183,72.767,0.0047,0.45
2184,72.800,0.0102,0.86
2185,72.833,0.0038,0.69
2186,72.867,0.0049,0.63
2187,72.900,0.0116,1.09
2188,72.933,0.0033,0.81
2189,72.967,0.0089,0.45
2190,73.000,0.0210,1.85
2191,73.033,0.0202,4.45
2192,73.067,0.0150,6.99
2193,73.100,0.0093,8.48
2194,73.133,0.0039,9.30
2195,73.167,0.0105,8.53
2196,73.200,0.0212,6.28
2197,73.233,0.0166,5.17
2198,73.267,0.0043,0.24
2199,73.300,0.0014,0.31
2200,73.333,0.0007,0.35
2201,73.367,0.0927,7.44
2202,73.400,0.0092,6.71
2203,73.433,0.0034,6.40
2204,73.467,0.0073,5.88
2205,73.500,0.0058,5.29
2206,73.533,0.0085,4.41
2207,73.567,0.0006,4.36
2208,73.600,0.0068,3.78
2209,73.633,0.0000,3.93
2210,73.667,0.0059,3.43
2211,73.700,0.0084,2.72
2212,73.733,0.0094,2.00
2213,73.767,0.0066,1.59
2214,73.800,0.0120,0.65
2215,73.833,0.0056,0.28
2216,73.867,0.0006,0.32
2217,73.900,0.0007,0.28
2218,73.933,0.0011,0.22
2219,73.967,0.0014,0.28
2220,74.000,0.0005,0.31
2221,74.033,0.0002,0.31
2222,74.067,0.0005,0.30
2223,74.100,0.0000,0.31
2224,74.133,0.0002,0.30
2225,74.167,0.0009,0.27
2226,74.200,0.0002,0.24
2227,74.233,0.0002,0.21
2228,74.267,0.0018,0.31
2229,74.300,0.0009,0.27
2230,74.333,0.0003,0.27
2231,74.367,0.0006,0.25
2232,74.400,0.0006,0.21
2233,74.433,0.0016,0.32
2234,74.467,0.0007,0.26
2235,74.500,0.0016,0.17
2236,74.533,0.0021,0.29
2237,74.567,0.0014,0.20
2238,74.600,0.0007,0.26
2239,74.633,0.0004,0.29
2240,74.667,0.0055,0.45
2241,74.700,0.0032,0.18
2242,74.733,0.0014,0.26
2243,74.767,0.0012,0.16
2244,74.800,0.0001,0.16
2245,74.833,0.0000,0.17
2246,74.867,0.0002,0.18
2247,74.900,0.0011,0.23
2248,74.933,0.0001,0.24
2249,74.967,0.0008,0.20
2250,75.000,0.0002,0.22
2251,75.033,0.0001,0.22
2252,75.067,0.0002,0.21
2253,75.100,0.0001,0.21
2254,75.133,0.0012,0.27
2255,75.167,0.0010,0.22
2256,75.200,0.0007,0.25
2257,75.233,0.0001,0.27
2258,75.267,0.0014,0.19
2259,75.300,0.0004,0.17
2260,75.333,0.0006,0.13
2261,75.367,0.0000,0.13
2262,75.400,0.0002,0.13
2263,75.433,0.0000,0.14
2264,75.467,0.0004,0.15
2265,75.500,0.0001,0.16
2266,75.533,0.0008,0.21
2267,75.567,0.0005,0.22
2268,75.600,0.0003,0.19
2269,75.633,0.0003,0.17
2270,75.667,0.0000,0.18
2271,75.700,0.0012,0.26
2272,75.733,0.0002,0.26
2273,75.767,0.0008,0.19
2274,75.800,0.0004,0.23
2275,75.833,0.0017,0.34
2276,75.867,0.0022,0.47
2277,75.900,0.0014,0.56
2278,75.933,0.0016,0.68
2279,75.967,0.0014,0.76
2280,76.000,0.0017,0.61
2281,76.033,0.0006,0.62
2282,76.067,0.0010,0.53
2283,76.100,0.0016,0.42
2284,76.133,0.0007,0.39
2285,76.167,0.0006,0.35
2286,76.200,0.0001,0.37
2287,76.233,0.0001,0.37
2288,76.267,0.0006,0.43
2289,76.300,0.0008,0.37
2290,76.333,0.0024,0.23
2291,76.367,0.0006,0.26
2292,76.400,0.0004,0.30
2293,76.433,0.0014,0.38
2294,76.467,0.0003,0.40
2295,76.500,0.0015,0.30
2296,76.533,0.0001,0.28
2297,76.567,0.0003,0.26
2298,76.600,0.0002,0.25
2299,76.633,0.0001,0.29
2300,76.667,0.0015,0.19
2301,76.700,0.0012,0.26
2302,76.733,0.0010,0.33
2303,76.767,0.0006,0.39
2304,76.800,0.0000,0.38
2305,76.833,0.0004,0.38
2306,76.867,0.0016,0.46
2307,76.900,0.0003,0.43
2308,76.933,0.0016,0.33
2309,76.967,0.0015,0.26
2310,77.000,0.0012,0.16
2311,77.033,0.0009,0.23
2312,77.067,0.0001,0.23
2313,77.100,0.0005,0.20
2314,77.133,0.0007,0.25
2315,77.167,0.0005,0.24
2316,77.200,0.0004,0.23
2317,77.233,0.0006,0.20
2318,77.267,0.0006,0.24
2319,77.300,0.0015,0.34
2320,77.333,0.0003,0.40
2321,77.367,0.0005,0.40
2322,77.400,0.0001,0.37
2323,77.433,0.0004,0.35
2324,77.467,0.0010,0.29
2325,77.500,0.0025,0.17
2326,77.533,0.0009,0.12
2327,77.567,0.0001,0.11
2328,77.600,0.0001,0.11
2329,77.633,0.0005,0.08
2330,77.667,0.0006,0.05
2331,77.700,0.0012,0.11
2332,77.733,0.0004,0.09
2333,77.767,0.0005,0.11
2334,77.800,0.2965,32.14
2335,77.833,0.0000,0.00
2336,77.867,0.0336,4.30
2337,77.900,0.0713,10.69
2338,77.933,0.0498,16.35
2339,77.967,0.0706,8.60
2340,78.000,0.0332,4.90
2341,78.033,0.0217,6.79
2342,78.067,0.0018,6.70
2343,78.100,0.0206,4.96
2344,78.133,0.0074,0.41
2345,78.167,0.0410,4.10
2346,78.200,0.0150,5.83
2347,78.233,0.0009,6.07
2348,78.267,0.0151,4.14
2349,78.300,0.0186,1.17
2350,78.333,0.0007,0.99
2351,78.367,0.0012,1.24
2352,78.400,0.0017,1.35
2353,78.433,0.0014,1.08
2354,78.467,0.0072,0.64
2355,78.500,0.0015,0.59
2356,78.533,0.0001,0.58
2357,78.567,0.0004,0.61
2358,78.600,0.0003,0.62
2359,78.633,0.0000,0.64
2360,78.667,0.0000,0.66
2361,78.700,0.0000,0.66
2362,78.733,0.0002,0.65
2363,78.767,0.0002,0.66
2364,78.800,0.0002,0.68
2365,78.833,0.0015,0.88
2366,78.867,0.0007,0.79
2367,78.900,0.0052,1.38
2368,78.933,0.0058,2.11
2369,78.967,0.0016,2.18
2370,79.000,0.0010,2.14
2371,79.033,0.0045,1.59
2372,79.067,0.0076,0.79
2373,79.100,0.0017,1.00
2374,79.133,0.0001,1.00
2375,79.167,0.0053,1.62
2376,79.200,0.0002,1.65
2377,79.233,0.0035,2.05
2378,79.267,0.0006,1.96
2379,79.300,0.0090,0.94
2380,79.333,0.0008,0.84
2381,79.367,0.0018,1.05
2382,79.400,0.0024,1.32
2383,79.433,0.0049,1.86
2384,79.467,0.0015,2.00
2385,79.500,0.0002,1.98
2386,79.533,0.0050,1.38
2387,79.567,0.0052,0.82
2388,79.600,0.0015,0.93
2389,79.633,0.0002,0.92
2390,79.667,0.0048,1.50
2391,79.700,0.0019,1.70
2392,79.733,0.0042,2.27
2393,79.767,0.0024,1.88
2394,79.800,0.0074,1.02
2395,79.833,0.0012,0.88
2396,79.867,0.0001,0.88
2397,79.900,0.0058,0.53
2398,79.933,0.0000,0.53
2399,79.967,0.0002,0.52
2400,80.000,0.0032,0.82
2401,80.033,0.0009,1.16
2402,80.067,0.0034,0.56
2403,80.100,0.0000,0.56
2404,80.133,0.0007,0.50
2405,80.167,0.0011,0.41
2406,80.200,0.0000,0.44
2407,80.233,0.3511,36.74
2408,80.267,0.0079,0.43
2409,80.300,0.0013,0.52
2410,80.333,0.0004,0.48
2411,80.367,0.0007,0.56
2412,80.400,0.0020,0.44
2413,80.433,0.0011,0.40
2414,80.467,0.0016,0.28
2415,80.500,0.0004,0.31
2416,80.533,0.0005,0.27
2417,80.567,0.0011,0.20
2418,80.600,0.0008,0.29
2419,80.633,0.0004,0.24
2420,80.667,0.0001,0.24
2421,80.700,0.0010,0.16
2422,80.733,0.0011,0.10
2423,80.767,0.0007,0.14
2424,80.800,0.0001,0.16
2425,80.833,0.0004,0.14
2426,80.867,0.0001,0.13
2427,80.900,0.0006,0.11
2428,80.933,0.0006,0.13
2429,80.967,0.0001,0.11
2430,81.000,0.0004,0.10
2431,81.033,0.0005,0.15
2432,81.067,0.0003,0.16
2433,81.100,0.0004,0.21
2434,81.133,0.0002,0.18
2435,81.167,0.0001,0.16
2436,81.200,0.0004,0.18
2437,81.233,0.0001,0.18
2438,81.267,0.0000,0.18
2439,81.300,0.0000,0.17
2440,81.333,0.0013,0.26
2441,81.367,0.0003,0.30
2442,81.400,0.0001,0.28
2443,81.433,0.0012,0.37
2444,81.467,0.0000,0.34
2445,81.500,0.0001,0.33
2446,81.533,0.0001,0.31
2447,81.567,0.0003,0.32
2448,81.600,0.0014,0.38
2449,81.633,0.0006,0.44
2450,81.667,0.0016,0.59
2451,81.700,0.0008,0.71
2452,81.733,0.0003,0.73
2453,81.767,0.0006,0.65
2454,81.800,0.0028,0.48
2455,81.833,0.0025,0.30
2456,81.867,0.0002,0.27
2457,81.900,0.0003,0.24
2458,81.933,0.0006,0.30
2459,81.967,0.0009,0.32
2460,82.000,0.0009,0.36
2461,82.033,0.0001,0.38
2462,82.067,0.0004,0.39
2463,82.100,0.0001,0.39
2464,82.133,0.0001,0.42
2465,82.167,0.0002,0.47
2466,82.200,0.0019,0.58
2467,82.233,0.0005,0.66
2468,82.267,0.0003,0.63
2469,82.300,0.0008,0.53
2470,82.333,0.0006,0.48
2471,82.367,0.0027,0.30
2472,82.400,0.0015,0.18
2473,82.433,0.0002,0.15
2474,82.467,0.0003,0.12
2475,82.500,0.0018,0.23
2476,82.533,0.0017,0.35
2477,82.567,0.0017,0.51
2478,82.600,0.0019,0.66
2479,82.633,0.0015,0.80
2480,82.667,0.0007,0.92
2481,82.700,0.0002,0.95
2482,82.733,0.0000,0.92
2483,82.767,0.0007,0.90
2484,82.800,0.0002,0.76
2485,82.833,0.0006,0.64
2486,82.867,0.0045,1.14
2487,82.900,0.0080,1.82
2488,82.933,0.0012,2.01
2489,82.967,0.0734,6.99
2490,83.000,0.0184,8.38
2491,83.033,0.0085,9.53
2492,83.067,0.0034,9.12
2493,83.100,0.0049,8.69
2494,83.133,0.0086,7.96
2495,83.167,0.0123,7.17
2496,83.200,0.0007,7.09
2497,83.233,0.0189,5.48
2498,83.267,0.0166,3.90
2499,83.300,0.0162,2.71
2500,83.333,0.0032,2.40
2501,83.367,0.0069,1.97
2502,83.400,0.0051,1.63
2503,83.433,0.0058,1.31
2504,83.467,0.0072,0.83
2505,83.500,0.0078,0.42
2506,83.533,0.0035,0.26
2507,83.567,0.0002,0.25
2508,83.600,0.0005,0.30
2509,83.633,0.0020,0.18
2510,83.667,0.0006,0.21
2511,83.700,0.0021,0.35
2512,83.733,0.0010,0.46
2513,83.767,0.0018,0.62
2514,83.800,0.0039,0.93
2515,83.833,0.0067,1.49
2516,83.867,0.0182,3.14
2517,83.900,0.0307,5.78
2518,83.933,0.0322,8.54
2519,83.967,0.0037,8.28
2520,84.000,0.0153,7.33
2521,84.033,0.0055,6.41
2522,84.067,0.0094,5.56
2523,84.100,0.0124,4.55
2524,84.133,0.0110,3.66
2525,84.167,0.0103,2.53
2526,84.200,0.0995,11.86
2527,84.233,0.0081,0.70
2528,84.267,0.0033,1.01
2529,84.300,0.0000,0.95
2530,84.333,0.0014,0.79
2531,84.367,0.0007,0.71
2532,84.400,0.0024,0.44
2533,84.433,0.0030,0.26
2534,84.467,0.0007,0.21
2535,84.500,0.0024,0.35
2536,84.533,0.0016,0.50
2537,84.567,0.2072,19.65
2538,84.600,0.0110,0.72
2539,84.633,0.0001,0.71
2540,84.667,0.0011,0.55
2541,84.700,0.0030,0.43
2542,84.733,0.0005,0.49
2543,84.767,0.0002,0.42
2544,84.800,0.0025,0.56
2545,84.833,0.0003,0.56
2546,84.867,0.0015,0.47
2547,84.900,0.0017,0.53
2548,84.933,0.0036,0.39
2549,84.967,0.0004,0.44
2550,85.000,0.0009,0.52
2551,85.033,0.0001,0.54
2552,85.067,0.0009,0.66
2553,85.100,0.2249,21.23
2554,85.133,0.0098,0.78
2555,85.167,0.0009,0.69
2556,85.200,0.0029,0.36
2557,85.233,0.0004,0.33
2558,85.267,0.0009,0.28
2559,85.300,0.0013,0.18
2560,85.333,0.0067,0.38
2561,85.367,0.0025,0.14
2562,85.400,0.0002,0.12
2563,85.433,0.0003,0.11
2564,85.467,0.0002,0.10
2565,85.500,0.0008,0.06
2566,85.533,0.0001,0.06
2567,85.567,0.0001,0.07
2568,85.600,0.0003,0.05
2569,85.633,0.3028,29.77
2570,85.667,0.0025,0.12
2571,85.700,0.0081,0.69
2572,85.733,0.0007,0.67
2573,85.767,0.0088,1.56
2574,85.800,0.0312,4.51
2575,85.833,0.0142,3.05
2576,85.867,0.0169,1.50
2577,85.900,0.0047,1.97
2578,85.933,0.0208,4.20
2579,85.967,0.0172,5.30
2580,86.000,0.0299,2.15
2581,86.033,0.0093,1.47
2582,86.067,0.0038,1.86
2583,86.100,0.0118,0.83
2584,86.133,0.0031,0.62
2585,86.167,0.1402,13.27
2586,86.200,0.0039,0.24
2587,86.233,0.0009,0.19
2588,86.267,0.0009,0.12
2589,86.300,0.0005,0.14
2590,86.333,0.0001,0.16
2591,86.367,0.0009,0.20
2592,86.400,0.0001,0.22
2593,86.433,0.0009,0.17
2594,86.467,0.0010,0.22
2595,86.500,0.0007,0.24
2596,86.533,0.0001,0.25
2597,86.567,0.0005,0.28
2598,86.600,0.0008,0.24
2599,86.633,0.0007,0.28
2600,86.667,0.0001,0.27
2601,86.700,0.0004,0.31
2602,86.733,0.0008,0.26
2603,86.767,0.0005,0.23
2604,86.800,0.0000,0.24
2605,86.833,0.0005,0.19
2606,86.867,0.0005,0.18
2607,86.900,0.0003,0.15
2608,86.933,0.0010,0.11
2609,86.967,0.0006,0.13
2610,87.000,0.0001,0.13
2611,87.033,0.0003,0.13
2612,87.067,0.0006,0.11
2613,87.100,0.0000,0.12
2614,87.133,0.0004,0.14
2615,87.167,0.0007,0.09
2616,87.200,0.0002,0.09
2617,87.233,0.0002,0.11
2618,87.267,0.0003,0.11
2619,87.300,0.0013,0.17
2620,87.333,0.0003,0.14
2621,87.367,0.0003,0.14
2622,87.400,0.0001,0.12
2623,87.433,0.0009,0.07
2624,87.467,0.0016,0.16
2625,87.500,0.0002,0.14
2626,87.533,0.0000,0.18
2627,87.567,0.0008,0.13
2628,87.600,0.0005,0.09
2629,87.633,0.0007,0.12
2630,87.667,0.0002,0.11
2631,87.700,0.0001,0.13
2632,87.733,0.0006,0.16
2633,87.767,0.0006,0.15
2634,87.800,0.0003,0.15
2635,87.833,0.0006,0.12
2636,87.867,0.0005,0.09
2637,87.900,0.0002,0.08
2638,87.933,0.0004,0.10
2639,87.967,0.0012,0.18
2640,88.000,0.0004,0.15
2641,88.033,0.0041,0.37
2642,88.067,0.0333,2.35
2643,88.100,0.0834,8.36
2644,88.133,0.0941,18.41
2645,88.167,0.0584,28.31
2646,88.200,0.2048,55.50
2647,88.233,0.1182,13.70
2648,88.267,0.0506,7.63
2649,88.300,0.0107,6.31
2650,88.333,0.0052,5.48
2651,88.367,0.0005,5.12
2652,88.400,0.0019,4.67
2653,88.433,0.0018,4.41
2654,88.467,0.0011,4.18
2655,88.500,0.0002,4.22
2656,88.533,0.0025,4.38
2657,88.567,0.0024,4.59
2658,88.600,0.0020,4.83
2659,88.633,0.0008,4.82
2660,88.667,0.0005,4.68
2661,88.700,0.0006,4.55
2662,88.733,0.0016,4.14
2663,88.767,0.0008,3.94
2664,88.800,0.0022,3.58
2665,88.833,0.0007,3.41
2666,88.867,0.0027,3.14
2667,88.900,0.0013,2.85
2668,88.933,0.0029,2.64
2669,88.967,0.0010,2.44
2670,89.000,0.0032,2.16
2671,89.033,0.0003,2.07
2672,89.067,0.0013,1.94
2673,89.100,0.0026,1.65
2674,89.133,0.0025,1.44
2675,89.167,0.0029,1.22
2676,89.200,0.0023,1.17
2677,89.233,0.0018,1.05
2678,89.267,0.0040,1.72
2679,89.300,0.0060,2.48
2680,89.333,0.0031,2.01
2681,89.367,0.0037,1.94
2682,89.400,0.0065,1.53
2683,89.433,0.0070,0.89
2684,89.467,0.0015,0.69
2685,89.500,0.0031,0.15
2686,89.533,0.0118,1.57
2687,89.567,0.0070,2.24
2688,89.600,0.0044,1.66
2689,89.633,0.0069,1.09
2690,89.667,0.0039,0.68
2691,89.700,0.0007,0.03
2692,89.733,0.0003,0.01
2693,89.767,0.0009,0.06
2694,89.800,0.0002,0.05
2695,89.833,0.0009,0.15
2696,89.867,0.0058,0.80
2697,89.900,0.0027,1.19
2698,89.933,0.0064,1.64
2699,89.967,0.0068,1.04
2700,90.000,0.0037,0.56
2701,90.033,0.0030,0.15
2702,90.067,0.0010,0.03
2703,90.100,0.0006,0.06
2704,90.133,0.0004,0.08
2705,90.167,0.0004,0.04
2706,90.200,0.0004,0.05
2707,90.233,0.0010,0.02
2708,90.267,0.0000,0.01
2709,90.300,0.0339,1.39
2710,90.333,0.0524,5.24
2711,90.367,0.0617,10.85
2712,90.400,0.0310,15.18
2713,90.433,0.0545,21.67
2714,90.467,0.0829,33.31
2715,90.500,0.1363,50.78
2716,90.533,0.3412,90.60
2717,90.567,0.2264,22.23
2718,90.600,0.0658,14.27
2719,90.633,0.0504,9.87
2720,90.667,0.0426,5.66
2721,90.700,0.0061,4.57
2722,90.733,0.0243,3.20
2723,90.767,0.0121,1.07
2724,90.800,0.0058,0.32
2725,90.833,0.0024,0.20
2726,90.867,0.0030,0.38
2727,90.900,0.0016,0.29
2728,90.933,0.0007,0.22
2729,90.967,0.0003,0.23
2730,91.000,0.0009,0.18
2731,91.033,0.0005,0.23
2732,91.067,0.0008,0.18
2733,91.100,0.0004,0.16
2734,91.133,0.0001,0.15
2735,91.167,0.0002,0.12
2736,91.200,0.0007,0.17
2737,91.233,0.0004,0.13
2738,91.267,0.0003,0.16
2739,91.300,0.0012,0.24
2740,91.333,0.0016,0.31
2741,91.367,0.0018,0.42
2742,91.400,0.0002,0.40
2743,91.433,0.0014,0.32
2744,91.467,0.0014,0.24
2745,91.500,0.0018,0.16
2746,91.533,0.0005,0.18
2747,91.567,0.0002,0.18
2748,91.600,0.0007,0.14
2749,91.633,0.0009,0.11
2750,91.667,0.0006,0.08
2751,91.700,0.0006,0.11
2752,91.733,0.0010,0.15
2753,91.767,0.0005,0.19
2754,91.800,0.0001,0.16
2755,91.833,0.0006,0.14
2756,91.867,0.0006,0.13
2757,91.900,0.0020,0.24
2758,91.933,0.0013,0.31
2759,91.967,0.0011,0.37
2760,92.000,0.0010,0.48
2761,92.033,0.0022,0.71
2762,92.067,0.0028,0.97
2763,92.100,0.0023,1.13
2764,92.133,0.0010,1.28
2765,92.167,0.0006,1.32
2766,92.200,0.0001,1.30
2767,92.233,0.0009,1.34
2768,92.267,0.0011,1.36
2769,92.300,0.0002,1.35
2770,92.333,0.0017,1.14
2771,92.367,0.0004,1.12
2772,92.400,0.0023,0.88
2773,92.433,0.0022,0.70
2774,92.467,0.0027,0.46
2775,92.500,0.0015,0.35
2776,92.533,0.0014,0.42
2777,92.567,0.0036,0.71
2778,92.600,0.0029,0.96
2779,92.633,0.0007,0.99
2780,92.667,0.0071,0.46
2781,92.700,0.0002,0.39
2782,92.733,0.0014,0.33
2783,92.767,0.0028,0.50
2784,92.800,0.0017,0.36
2785,92.833,0.0025,0.24
2786,92.867,0.0003,0.26
2787,92.900,0.0003,0.27
2788,92.933,0.0017,0.32
2789,92.967,0.0013,0.43
2790,93.000,0.0012,0.56
2791,93.033,0.0029,0.78
2792,93.067,0.0035,1.14
2793,93.100,0.0022,1.38
2794,93.133,0.0031,1.65
2795,93.167,0.0004,1.58
2796,93.200,0.0001,1.60
2797,93.233,0.0012,1.45
2798,93.267,0.0013,1.37
2799,93.300,0.0015,1.27
2800,93.333,0.0020,1.18
2801,93.367,0.0023,0.91
2802,93.400,0.0007,0.82
2803,93.433,0.0002,0.79
2804,93.467,0.0022,0.67
2805,93.500,0.0009,0.55
2806,93.533,0.0000,0.54
2807,93.567,0.0002,0.54
2808,93.600,0.0013,0.63
2809,93.633,0.0015,0.73
2810,93.667,0.0003,0.78
2811,93.700,0.0012,0.82
2812,93.733,0.0020,1.06
2813,93.767,0.0025,1.21
2814,93.800,0.0006,1.25
2815,93.833,0.0007,1.29
2816,93.867,0.0001,1.21
2817,93.900,0.0004,1.28
2818,93.933,0.0028,1.02
2819,93.967,0.0002,1.01
2820,94.000,0.0002,1.05
2821,94.033,0.0000,0.95
2822,94.067,0.0010,0.99
2823,94.100,0.0017,0.89
2824,94.133,0.0027,0.71
2825,94.167,0.0018,0.55
2826,94.200,0.0002,0.59
2827,94.233,0.0010,0.67
2828,94.267,0.0012,0.79
2829,94.300,0.0005,0.79
2830,94.333,0.0001,0.80
2831,94.367,0.0005,0.72
2832,94.400,0.0034,0.47
2833,94.433,0.0013,0.36
2834,94.467,0.0007,0.40
2835,94.500,0.0002,0.40
2836,94.533,0.0005,0.43
2837,94.567,0.0007,0.37
2838,94.600,0.0001,0.36
2839,94.633,0.0007,0.33
2840,94.667,0.0019,0.22
2841,94.700,0.0015,0.17
2842,94.733,0.0013,0.10
2843,94.767,0.0002,0.09
2844,94.800,0.0010,0.13
2845,94.833,0.0001,0.15
2846,94.867,0.0003,0.13
2847,94.900,0.3190,33.63
2848,94.933,0.0065,0.38
2849,94.967,0.0005,0.42
2850,95.000,0.0024,0.55
2851,95.033,0.0010,0.66
2852,95.067,0.0017,0.82
2853,95.100,0.0004,0.87
2854,95.133,0.0006,0.93
2855,95.167,0.0027,0.71
2856,95.200,0.0025,0.49
2857,95.233,0.0019,0.37
2858,95.267,0.0014,0.26
2859,95.300,0.0003,0.29
2860,95.333,0.0004,0.30
2861,95.367,0.0008,0.24
2862,95.400,0.0009,0.31
2863,95.433,0.0002,0.29
2864,95.467,0.0001,0.29
2865,95.500,0.0004,0.25
2866,95.533,0.0015,0.18
2867,95.567,0.0009,0.25
2868,95.600,0.0009,0.21
2869,95.633,0.0001,0.21
2870,95.667,0.0010,0.27
2871,95.700,0.0000,0.28
2872,95.733,0.0023,0.48
2873,95.767,0.0028,0.69
2874,95.800,0.0020,0.87
2875,95.833,0.0010,0.95
2876,95.867,0.0016,0.83
2877,95.900,0.0011,0.71
2878,95.933,0.0016,0.56
2879,95.967,0.0014,0.45
2880,96.000,0.0069,0.67
2881,96.033,0.0068,0.42
2882,96.067,0.0000,0.44
2883,96.100,0.0009,0.48
2884,96.133,0.0009,0.54
2885,96.167,0.0003,0.50
2886,96.200,0.0007,0.56
2887,96.233,0.0001,0.58
2888,96.267,0.0002,0.50
2889,96.300,0.0006,0.48
2890,96.333,0.0012,0.49
2891,96.367,0.0038,0.77
2892,96.400,0.0022,0.92
2893,96.433,0.0008,1.01
2894,96.467,0.0003,0.96
2895,96.500,0.0014,0.87
2896,96.533,0.0022,1.01
2897,96.567,0.0008,1.00
2898,96.600,0.0013,0.88
2899,96.633,0.0005,0.81
2900,96.667,0.0010,0.96
2901,96.700,0.0038,1.30
2902,96.733,0.0022,1.52
2903,96.767,0.0014,1.51
2904,96.800,0.0029,1.33
2905,96.833,0.0050,0.89
2906,96.867,0.0026,0.64
2907,96.900,0.0025,0.40
2908,96.933,0.0015,0.57
2909,96.967,0.0007,0.61
2910,97.000,0.0005,0.65
2911,97.033,0.0012,0.76
2912,97.067,0.0003,0.69
2913,97.100,0.0013,0.57
2914,97.133,0.0012,0.45
2915,97.167,0.0020,0.29
2916,97.200,0.0023,0.44
2917,97.233,0.0031,0.71
2918,97.267,0.0017,0.89
2919,97.300,0.0007,0.93
2920,97.333,0.0033,0.72
2921,97.367,0.0023,0.45
2922,97.400,0.0023,0.26
2923,97.433,0.0026,0.48
2924,97.467,0.0033,0.73
2925,97.500,0.0022,0.89
2926,97.533,0.0006,0.98
2927,97.567,0.3245,35.21
2928,97.600,0.0104,0.50
2929,97.633,0.0011,0.48
2930,97.667,0.0023,0.35
2931,97.700,0.0007,0.33
2932,97.733,0.0008,0.41
2933,97.767,0.0034,0.18
2934,97.800,0.0240,2.96
2935,97.833,0.0070,3.46
2936,97.867,0.0047,3.79
2937,97.900,0.0063,4.29
2938,97.933,0.0057,4.37
2939,97.967,0.0138,5.75
2940,98.000,0.0143,4.04
2941,98.033,0.0106,2.77
2942,98.067,0.0150,1.19
2943,98.100,0.0059,0.26
2944,98.133,0.0028,0.44
2945,98.167,0.0013,0.38
2946,98.200,0.0018,0.29
2947,98.233,0.0004,0.26
2948,98.267,0.0001,0.26
2949,98.300,0.0020,0.41
2950,98.333,0.0003,0.32
2951,98.367,0.0004,0.30
2952,98.400,0.0001,0.33
2953,98.433,0.0001,0.31
2954,98.467,0.0006,0.36
2955,98.500,0.0009,0.31
2956,98.533,0.0004,0.29
2957,98.567,0.0002,0.31
2958,98.600,0.0006,0.26
2959,98.633,0.0015,0.33
2960,98.667,0.0005,0.35
2961,98.700,0.0001,0.35
2962,98.733,0.0010,0.41
2963,98.767,0.0003,0.41
2964,98.800,0.0013,0.61
2965,98.833,0.0002,0.57
2966,98.867,0.0004,0.54
2967,98.900,0.0004,0.54
2968,98.933,0.0009,0.51
2969,98.967,0.0006,0.48
2970,99.000,0.0006,0.51
2971,99.033,0.0006,0.41
2972,99.067,0.0019,0.29
2973,99.100,0.0021,0.16
2974,99.133,0.0002,0.17
2975,99.167,0.0003,0.14
2976,99.200,0.0599,5.66
2977,99.233,0.0131,0.54
2978,99.267,0.0004,0.63
2979,99.300,0.0009,0.76
2980,99.333,0.0024,0.63
2981,99.367,0.0012,0.62
2982,99.400,0.0013,0.69
2983,99.433,0.0013,0.59
2984,99.467,0.0010,0.52
2985,99.500,0.0014,0.41
2986,99.533,0.0009,0.38
2987,99.567,0.0012,0.45
2988,99.600,0.0003,0.43
2989,99.633,0.0011,0.50
2990,99.667,0.0013,0.61
2991,99.700,0.0006,0.65
2992,99.733,0.0002,0.66
2993,99.767,0.0017,0.78
2994,99.800,0.0011,0.81
2995,99.833,0.0002,0.88
2996,99.867,0.0222,2.14
2997,99.900,0.0193,4.07
2998,99.933,0.0087,5.33
2999,99.967,0.0017,5.31
3000,100.000,0.0103,4.66
3001,100.033,0.0070,4.16
3002,100.067,0.0056,3.85
3003,100.100,0.0064,3.27
3004,100.133,0.0120,2.14
3005,100.167,0.0062,0.28
3006,100.200,0.0002,0.26
3007,100.233,0.0003,0.29
3008,100.267,0.0008,0.35
3009,100.300,0.0580,6.56
3010,100.333,0.0081,0.63
3011,100.367,0.0000,0.00
3012,100.400,0.0046,0.37
3013,100.433,0.0005,0.40
3014,100.467,0.0004,0.41
3015,100.500,0.0017,0.53
3016,100.533,0.0016,0.43
3017,100.567,0.0004,0.43
3018,100.600,0.0009,0.38
3019,100.633,0.0004,0.41
3020,100.667,0.0013,0.51
3021,100.700,0.0006,0.44
3022,100.733,0.0019,0.58
3023,100.767,0.0000,0.64
3024,100.800,0.0002,0.59
3025,100.833,0.0015,0.51
3026,100.867,0.0005,0.44
3027,100.900,0.0033,0.70
3028,100.933,0.0001,0.69
3029,100.967,0.0006,0.62
3030,101.000,0.0014,0.49
3031,101.033,0.0014,0.64
3032,101.067,0.0010,0.78
3033,101.100,0.0009,0.84
3034,101.133,0.0005,0.87
3035,101.167,0.0012,0.94
3036,101.200,0.0009,0.82
3037,101.233,0.0007,0.78
3038,101.267,0.0013,0.65
3039,101.300,0.0020,0.50
3040,101.333,0.0060,0.64
3041,101.367,0.0060,0.34
3042,101.400,0.0004,0.36
3043,101.433,0.0011,0.46
3044,101.467,0.0011,0.40
3045,101.500,0.0015,0.28
3046,101.533,0.0007,0.36
3047,101.567,0.0009,0.40
3048,101.600,0.0003,0.41
3049,101.633,0.0012,0.46
3050,101.667,0.0018,0.34
3051,101.700,0.0002,0.36
3052,101.733,0.0008,0.31
3053,101.767,0.0005,0.27
3054,101.800,0.0003,0.26
3055,101.833,0.0010,0.32
3056,101.867,0.0010,0.37
3057,101.900,0.0005,0.39
3058,101.933,0.0002,0.42
3059,101.967,0.0001,0.41
3060,102.000,0.0009,0.38
3061,102.033,0.0006,0.33
3062,102.067,0.0010,0.27
3063,102.100,0.0006,0.25
3064,102.133,0.0008,0.19
3065,102.167,0.0012,0.14
3066,102.200,0.0007,0.16
3067,102.233,0.0002,0.15
3068,102.267,0.0014,0.30
3069,102.300,0.0010,0.24
3070,102.333,0.0005,0.24
3071,102.367,0.0011,0.30
3072,102.400,0.0004,0.28
3073,102.433,0.0008,0.21
3074,102.467,0.0009,0.30
3075,102.500,0.0013,0.21
3076,102.533,0.0003,0.25
3077,102.567,0.0000,0.24
3078,102.600,0.2887,30.99
3079,102.633,0.0090,0.85
3080,102.667,0.0054,1.48
3081,102.700,0.0158,3.30
3082,102.733,0.0106,1.10
3083,102.767,0.0269,4.31
3084,102.800,0.0103,5.58
3085,102.833,0.0171,3.46
3086,102.867,0.0453,8.71
3087,102.900,0.0518,14.97
3088,102.933,0.0218,12.42
3089,102.967,0.0847,22.24
3090,103.000,0.0151,23.97
3091,103.033,0.0926,13.19
3092,103.067,0.0121,14.55
3093,103.100,0.0236,2.75
3094,103.133,0.0386,7.21
3095,103.167,0.0969,18.48
3096,103.200,0.0269,15.32
3097,103.233,0.0254,2.83
3098,103.267,0.0269,6.01
3099,103.300,0.0348,10.02
3100,103.333,0.0346,4.00
3101,103.367,0.0113,5.29
3102,103.400,0.0082,6.20
3103,103.433,0.0237,2.71
3104,103.467,0.0553,9.20
3105,103.500,0.0020,8.90
3106,103.533,0.0076,0.90
3107,103.567,0.0308,4.45
3108,103.600,0.0080,5.36
3109,103.633,0.0212,2.49
3110,103.667,0.0138,4.04
3111,103.700,0.0404,8.75
3112,103.733,0.0307,5.19
3113,103.767,0.0092,6.27
3114,103.800,0.0099,5.09
3115,103.833,0.0199,2.78
3116,103.867,0.0449,8.02
3117,103.900,0.0595,14.93
3118,103.933,0.0254,12.05
3119,103.967,0.0851,21.85
3120,104.000,0.0387,17.29
3121,104.033,0.0747,8.60
3122,104.067,0.0044,9.04
3123,104.100,0.0077,8.00
3124,104.133,0.0327,3.56
3125,104.167,0.0197,5.76
3126,104.200,0.0080,6.65
3127,104.233,0.0268,2.87
3128,104.267,0.0218,5.24
3129,104.300,0.0170,3.36
3130,104.333,0.0136,1.37
3131,104.367,0.0046,1.83
3132,104.400,0.0004,1.79
3133,104.433,0.0044,1.32
3134,104.467,0.0085,2.29
3135,104.500,0.0077,1.43
3136,104.533,0.0068,0.72
3137,104.567,0.0119,1.98
3138,104.600,0.0170,3.87
3139,104.633,0.0093,0.76
3140,104.667,0.0041,1.26
3141,104.700,0.0043,0.77
3142,104.733,0.0029,0.47
3143,104.767,0.0004,0.56
3144,104.800,0.0028,0.83
3145,104.833,0.0003,0.85
3146,104.867,0.0040,1.26
3147,104.900,0.0012,1.15
3148,104.933,0.0013,0.95
3149,104.967,0.0028,1.26
3150,105.000,0.0037,0.82
3151,105.033,0.0002,0.85
3152,105.067,0.0033,1.32
3153,105.100,0.0031,1.68
3154,105.133,0.2835,31.48
3155,105.167,0.0088,0.43
3156,105.200,0.0007,0.49
3157,105.233,0.0015,0.44
3158,105.267,0.0026,0.32
3159,105.300,0.0010,0.23
3160,105.333,0.0022,0.33
3161,105.367,0.0010,0.41
3162,105.400,0.0005,0.43
3163,105.433,0.0012,0.36
3164,105.467,0.0018,0.23
3165,105.500,0.0002,0.20
3166,105.533,0.0003,0.18
3167,105.567,0.0009,0.13
3168,105.600,0.0000,0.13
3169,105.633,0.0005,0.16
3170,105.667,0.0013,0.24
3171,105.700,0.0012,0.34
3172,105.733,0.0020,0.49
3173,105.767,0.0013,0.58
3174,105.800,0.0009,0.61
3175,105.833,0.0004,0.58
3176,105.867,0.0008,0.50
3177,105.900,0.0008,0.55
3178,105.933,0.0001,0.57
3179,105.967,0.0019,0.47
3180,106.000,0.0005,0.51
3181,106.033,0.0001,0.52
3182,106.067,0.0005,0.56
3183,106.100,0.0015,0.65
3184,106.133,0.0013,0.58
3185,106.167,0.0020,0.34
3186,106.200,0.0011,0.30
3187,106.233,0.0003,0.26
3188,106.267,0.0006,0.29
3189,106.300,0.0017,0.22
3190,106.333,0.0028,0.39
3191,106.367,0.0006,0.42
3192,106.400,0.0005,0.46
3193,106.433,0.0012,0.38
3194,106.467,0.0018,0.29
3195,106.500,0.0008,0.32
3196,106.533,0.0006,0.37
3197,106.567,0.0014,0.26
3198,106.600,0.0015,0.18
3199,106.633,0.0002,0.18
3200,106.667,0.0083,0.52
3201,106.700,0.0056,0.39
3202,106.733,0.0008,0.45
3203,106.767,0.0005,0.41
3204,106.800,0.0005,0.34
3205,106.833,0.0002,0.34
3206,106.867,0.0012,0.44
3207,106.900,0.0007,0.50
3208,106.933,0.0000,0.53
3209,106.967,0.0007,0.46
3210,107.000,0.0017,0.32
3211,107.033,0.0008,0.27
3212,107.067,0.0006,0.30
3213,107.100,0.0010,0.37
3214,107.133,0.0016,0.48
3215,107.167,0.0000,0.48
3216,107.200,0.0007,0.52
3217,107.233,0.0002,0.49
3218,107.267,0.0001,0.49
3219,107.300,0.0001,0.50
3220,107.333,0.0003,0.45
3221,107.367,0.0005,0.51
3222,107.400,0.0005,0.47
3223,107.433,0.0001,0.46
3224,107.467,0.0013,0.37
3225,107.500,0.0022,0.24
3226,107.533,0.0012,0.33
3227,107.567,0.0010,0.41
3228,107.600,0.0006,0.46
3229,107.633,0.0001,0.48
3230,107.667,0.0008,0.42
3231,107.700,0.0001,0.41
3232,107.733,0.0005,0.37
3233,107.767,0.0001,0.38
3234,107.800,0.0004,0.39
3235,107.833,0.0009,0.34
3236,107.867,0.0010,0.39
3237,107.900,0.0005,0.40
3238,107.933,0.0003,0.41
3239,107.967,0.0003,0.39
3240,108.000,0.0027,0.21
3241,108.033,0.0001,0.22
3242,108.067,0.0010,0.16
3243,108.100,0.0002,0.18
3244,108.133,0.0006,0.24
3245,108.167,0.0002,0.26
3246,108.200,0.0005,0.28
3247,108.233,0.0001,0.28
3248,108.267,0.0004,0.30
3249,108.300,0.0003,0.32
3250,108.333,0.0000,0.33
3251,108.367,0.0008,0.38
3252,108.400,0.0021,0.18
3253,108.433,0.0004,0.23
3254,108.467,0.0003,0.20
3255,108.500,0.0002,0.21
3256,108.533,0.0018,0.29
3257,108.567,0.0022,0.42
3258,108.600,0.0020,0.58
3259,108.633,0.0028,0.80
3260,108.667,0.0012,0.99
3261,108.700,0.0004,1.03
3262,108.733,0.0009,1.16
3263,108.767,0.0000,1.11
3264,108.800,0.0008,1.02
3265,108.833,0.0020,0.79
3266,108.867,0.0009,0.66
3267,108.900,0.0003,0.68
3268,108.933,0.0008,0.78
3269,108.967,0.0012,0.83
3270,109.000,0.0009,0.95
3271,109.033,0.0001,0.99
3272,109.067,0.0003,1.01
3273,109.100,0.0006,0.94
3274,109.133,0.0010,0.99
3275,109.167,0.0003,1.04
3276,109.200,0.0003,1.03
3277,109.233,0.0005,1.10
3278,109.267,0.0007,1.18
3279,109.300,0.0004,1.17
3280,109.333,0.0007,1.21
3281,109.367,0.0001,1.23
3282,109.400,0.0019,1.08
3283,109.433,0.0001,1.00
3284,109.467,0.0005,1.09
3285,109.500,0.0002,1.19
3286,109.533,0.0011,1.28
3287,109.567,0.0017,1.50
3288,109.600,0.0002,1.50
3289,109.633,0.0001,1.51
3290,109.667,0.0013,1.47
3291,109.700,0.0007,1.39
3292,109.733,0.0028,0.98
3293,109.767,0.0030,0.66
3294,109.800,0.0027,0.46
3295,109.833,0.0028,0.31
3296,109.867,0.0002,0.32
3297,109.900,0.0008,0.25
3298,109.933,0.0007,0.20
3299,109.967,0.0004,0.18
3300,110.000,0.0001,0.18
3301,110.033,0.0025,0.38
3302,110.067,0.0036,0.63
3303,110.100,0.0045,1.10
3304,110.133,0.0031,1.41
3305,110.167,0.0002,1.44
3306,110.200,0.0004,1.37
3307,110.233,0.0013,1.20
3308,110.267,0.0006,1.03
3309,110.300,0.0001,0.88
3310,110.333,0.0007,0.78
3311,110.367,0.0002,0.73
3312,110.400,0.0011,0.64
3313,110.433,0.0005,0.63
3314,110.467,0.0004,0.66
3315,110.500,0.0014,0.59
3316,110.533,0.0000,0.63
3317,110.567,0.0011,0.56
3318,110.600,0.0005,0.54
3319,110.633,0.0002,0.52
3320,110.667,0.0012,0.48
3321,110.700,0.0012,0.59
3322,110.733,0.0006,0.53
3323,110.767,0.0002,0.47
3324,110.800,0.0001,0.53
3325,110.833,0.0000,0.54
3326,110.867,0.0017,0.69
3327,110.900,0.0007,0.76
3328,110.933,0.0009,0.84
3329,110.967,0.0010,0.97
3330,111.000,0.0004,0.92
3331,111.033,0.0006,0.86
3332,111.067,0.0007,0.79
3333,111.100,0.0016,0.61
3334,111.133,0.0006,0.52
3335,111.167,0.0018,0.36
3336,111.200,0.0016,0.24
3337,111.233,0.0009,0.20
3338,111.267,0.0011,0.14
3339,111.300,0.0007,0.09
3340,111.333,0.0001,0.09
3341,111.367,0.3321,35.07
3342,111.400,0.0054,0.34
3343,111.433,0.0005,0.33
3344,111.467,0.0000,0.31
3345,111.500,0.0002,0.31
3346,111.533,0.0016,0.43
3347,111.567,0.0000,0.42
3348,111.600,0.0000,0.44
3349,111.633,0.0017,0.32
3350,111.667,0.0009,0.29
3351,111.700,0.0013,0.36
3352,111.733,0.0006,0.40
3353,111.767,0.0000,0.44
3354,111.800,0.0014,0.35
3355,111.833,0.0002,0.34
3356,111.867,0.0002,0.35
3357,111.900,0.0007,0.26
3358,111.933,0.0000,0.25
3359,111.967,0.0003,0.25
3360,112.000,0.0054,0.40
3361,112.033,0.0026,0.17
3362,112.067,0.0005,0.18
3363,112.100,0.0009,0.22
3364,112.133,0.0007,0.26
3365,112.167,0.0006,0.23
3366,112.200,0.0007,0.28
3367,112.233,0.0007,0.34
3368,112.267,0.0009,0.29
3369,112.300,0.0004,0.34
3370,112.333,0.0008,0.31
3371,112.367,0.0002,0.29
3372,112.400,0.0010,0.22
3373,112.433,0.0007,0.16
3374,112.467,0.0006,0.19
3375,112.500,0.0003,0.25
3376,112.533,0.0008,0.30
3377,112.567,0.0017,0.18
3378,112.600,0.0007,0.12
3379,112.633,0.0003,0.13
3380,112.667,0.0003,0.11
3381,112.700,0.0003,0.13
3382,112.733,0.0004,0.09
3383,112.767,0.0002,0.12
3384,112.800,0.0001,0.11
3385,112.833,0.0004,0.15
3386,112.867,0.0549,5.32
3387,112.900,0.0171,1.25
3388,112.933,0.0032,1.56
3389,112.967,0.0016,1.72
3390,113.000,0.0001,1.67
3391,113.033,0.0002,1.56
3392,113.067,0.0006,1.63
3393,113.100,0.0006,1.64
3394,113.133,0.0004,1.61
3395,113.167,0.0003,1.59
3396,113.200,0.0013,1.50
3397,113.233,0.0005,1.49
3398,113.267,0.0013,1.56
3399,113.300,0.0009,1.50
3400,113.333,0.0004,1.59
3401,113.367,0.0008,1.55
3402,113.400,0.0027,1.34
3403,113.433,0.0002,1.38
3404,113.467,0.0004,1.38
3405,113.500,0.0017,1.53
3406,113.533,0.0018,1.73
3407,113.567,0.0022,2.02
3408,113.600,0.0002,2.06
3409,113.633,0.0031,1.89
3410,113.667,0.0015,1.76
3411,113.700,0.0027,1.56
3412,113.733,0.0045,1.08
3413,113.767,0.0012,0.89
3414,113.800,0.0022,0.71
3415,113.833,0.0018,0.58
3416,113.867,0.0028,0.34
3417,113.900,0.0023,0.19
3418,113.933,0.0012,0.12
3419,113.967,0.0000,0.13
3420,114.000,0.0003,0.14
3421,114.033,0.0002,0.16
3422,114.067,0.0002,0.14
3423,114.100,0.0798,8.14
3424,114.133,0.0150,1.14
3425,114.167,0.0004,1.18
3426,114.200,0.0014,1.30
3427,114.233,0.0001,1.35
3428,114.267,0.0002,1.34
3429,114.300,0.0020,1.17
3430,114.333,0.0021,0.94
3431,114.367,0.0015,0.78
3432,114.400,0.0022,0.56
3433,114.433,0.0005,0.55
3434,114.467,0.0002,0.58
3435,114.500,0.0008,0.65
3436,114.533,0.0010,0.70
3437,114.567,0.0003,0.68
3438,114.600,0.0005,0.67
3439,114.633,0.0001,0.66
3440,114.667,0.0013,0.55
3441,114.700,0.0024,0.40
3442,114.733,0.0006,0.35
3443,114.767,0.0004,0.40
3444,114.800,0.0003,0.41
3445,114.833,0.0001,0.46
3446,114.867,0.0007,0.40
3447,114.900,0.0000,0.42
3448,114.933,0.0009,0.49
3449,114.967,0.0006,0.42
3450,115.000,0.0006,0.40
3451,115.033,0.0006,0.46
3452,115.067,0.0003,0.47
3453,115.100,0.0013,0.60
3454,115.133,0.0010,0.62
3455,115.167,0.0007,0.53
3456,115.200,0.0006,0.46
3457,115.233,0.0016,0.33
3458,115.267,0.0008,0.27
3459,115.300,0.0003,0.26
3460,115.333,0.0004,0.27
3461,115.367,0.0003,0.30
3462,115.400,0.0017,0.22
3463,115.433,0.0002,0.19
3464,115.467,0.0001,0.21
3465,115.500,0.3474,37.00
3466,115.533,0.0063,0.29
3467,115.567,0.0001,0.30
3468,115.600,0.0008,0.35
3469,115.633,0.0018,0.29
3470,115.667,0.0008,0.34
3471,115.700,0.0012,0.27
3472,115.733,0.0005,0.31
3473,115.767,0.0001,0.27
3474,115.800,0.0007,0.24
3475,115.833,0.0003,0.22
3476,115.867,0.0004,0.25
3477,115.900,0.0011,0.31
3478,115.933,0.0005,0.32
3479,115.967,0.0001,0.31
3480,116.000,0.0005,0.35
3481,116.033,0.0010,0.39
3482,116.067,0.0003,0.40
3483,116.100,0.0006,0.43
3484,116.133,0.0003,0.44
3485,116.167,0.0002,0.48
3486,116.200,0.0007,0.46
3487,116.233,0.0010,0.38
3488,116.267,0.0014,0.33
3489,116.300,0.0022,0.22
3490,116.333,0.0007,0.19
3491,116.367,0.0002,0.18
3492,116.400,0.0003,0.16
3493,116.433,0.0006,0.20
3494,116.467,0.0006,0.16
3495,116.500,0.0005,0.20
3496,116.533,0.0000,0.20
3497,116.567,0.0005,0.22
3498,116.600,0.0004,0.22
3499,116.633,0.0009,0.16
3500,116.667,0.0004,0.18
3501,116.700,0.0002,0.15
3502,116.733,0.0003,0.16
3503,116.767,0.0000,0.15
3504,116.800,0.0006,0.13
3505,116.833,0.0001,0.16
3506,116.867,0.0008,0.19
3507,116.900,0.0001,0.17
3508,116.933,0.0001,0.16
3509,116.967,0.0009,0.22
3510,117.000,0.0024,0.36
3511,117.033,0.0009,0.29
3512,117.067,0.0011,0.22
3513,117.100,0.0011,0.17
3514,117.133,0.0009,0.12
3515,117.167,0.0009,0.17
3516,117.200,0.0005,0.18
3517,117.233,0.0003,0.19
3518,117.267,0.0001,0.20
3519,117.300,0.0006,0.18
3520,117.333,0.0076,0.42
3521,117.367,0.0027,0.13
3522,117.400,0.0001,0.14
3523,117.433,0.0003,0.15
3524,117.467,0.0003,0.18
3525,117.500,0.0012,0.12
3526,117.533,0.0003,0.14
3527,117.567,0.0002,0.14
3528,117.600,0.0003,0.12
3529,117.633,0.0001,0.13
3530,117.667,0.0006,0.10
3531,117.700,0.0007,0.14
3532,117.733,0.0005,0.15
3533,117.767,0.0004,0.19
3534,117.800,0.0004,0.18
3535,117.833,0.0015,0.08
3536,117.867,0.0013,0.16
3537,117.900,0.0006,0.11
3538,117.933,0.0003,0.14
3539,117.967,0.0005,0.11
3540,118.000,0.0008,0.08
3541,118.033,0.0004,0.09
3542,118.067,0.0001,0.09
3543,118.100,0.0000,0.09
3544,118.133,0.0004,0.12
3545,118.167,0.0008,0.08
3546,118.200,0.0001,0.07
3547,118.233,0.0007,0.11
3548,118.267,0.0000,0.10
3549,118.300,0.0002,0.09
3550,118.333,0.0001,0.11
3551,118.367,0.0007,0.14
3552,118.400,0.0002,0.13
3553,118.433,0.0001,0.11
3554,118.467,0.0003,0.14
3555,118.500,0.0008,0.10
3556,118.533,0.0001,0.12
3557,118.567,0.0003,0.08
3558,118.600,0.0005,0.11
3559,118.633,0.0003,0.13
3560,118.667,0.0008,0.08
3561,118.700,0.0006,0.13
3562,118.733,0.0003,0.09
3563,118.767,0.0004,0.13
3564,118.800,0.0005,0.08
3565,118.833,0.0003,0.07
3566,118.867,0.0010,0.13
3567,118.900,0.0007,0.08
3568,118.933,0.0000,0.09
3569,118.967,0.0003,0.06
3570,119.000,0.0004,0.05
3571,119.033,0.0004,0.07
3572,119.067,0.0005,0.05
3573,119.100,0.0002,0.01
3574,119.133,0.0006,0.04
3575,119.167,0.0003,0.04
3576,119.200,0.0002,0.01
3577,119.233,0.0000,0.01
3578,119.267,0.0001,0.02
3579,119.300,0.0001,0.02
3580,119.333,0.0956,11.19
3581,119.367,0.0001,11.18
3582,119.400,0.0022,11.42
3583,119.433,0.0012,11.27
3584,119.467,0.0007,11.55
3585,119.500,0.0005,11.99
3586,119.533,0.0042,5.87
3587,119.567,0.0000,0.00
3588,119.600,0.0012,0.34
3589,119.633,0.0020,0.59
3590,119.667,0.0003,0.62
3591,119.700,0.0007,0.40
3592,119.733,0.0013,0.61
3593,119.767,0.0005,0.48
3594,119.800,0.0009,0.56
3595,119.833,0.0085,1.59
3596,119.867,0.0082,2.63
3597,119.900,0.0050,3.24
3598,119.933,0.0019,3.29
3599,119.967,0.0014,3.34
3600,120.000,0.0025,3.61
3601,120.033,0.0006,3.64
3602,120.067,0.0033,3.25
3603,120.100,0.0041,2.82
3604,120.133,0.0017,2.69
3605,120.167,0.0025,2.38
3606,120.200,0.0002,2.29
3607,120.233,0.0026,1.99
3608,120.267,0.0015,2.04
3609,120.300,0.0025,2.11
3610,120.333,0.0009,1.90
3611,120.367,0.0011,1.87
3612,120.400,0.0037,2.20
3613,120.433,0.0030,2.40
3614,120.467,0.0050,2.78
3615,120.500,0.0057,3.19
3616,120.533,0.0180,5.24
3617,120.567,0.0220,7.63
3618,120.600,0.0035,7.71
3619,120.633,0.0162,6.01
3620,120.667,0.0065,5.36
3621,120.700,0.0073,4.37
3622,120.733,0.0048,4.07
3623,120.767,0.0017,3.98
3624,120.800,0.0049,3.47
3625,120.833,0.0007,3.42
3626,120.867,0.0149,1.78
3627,120.900,0.0013,1.67
3628,120.933,0.0017,1.55
3629,120.967,0.0011,1.46
3630,121.000,0.0001,1.57
3631,121.033,0.0002,1.53
3632,121.067,0.0003,1.56
3633,121.100,0.0002,1.50
3634,121.133,0.0027,1.88
3635,121.167,0.0004,1.87
3636,121.200,0.0020,1.56
3637,121.233,0.0044,2.14
3638,121.267,0.0022,2.29
3639,121.300,0.0017,2.11
3640,121.333,0.0026,2.42
3641,121.367,0.0036,2.05
3642,121.400,0.0003,2.12
3643,121.433,0.0038,1.62
3644,121.467,0.0043,1.13
3645,121.500,0.0024,0.77
3646,121.533,0.0010,0.73
3647,121.567,0.0003,0.74
3648,121.600,0.0003,0.78
3649,121.633,0.0025,0.54
3650,121.667,0.0001,0.54
3651,121.700,0.0002,0.60
3652,121.733,0.0017,0.37
3653,121.767,0.0006,0.33
3654,121.800,0.0001,0.36
3655,121.833,0.0001,0.35
3656,121.867,0.0007,0.42
3657,121.900,0.0002,0.46
3658,121.933,0.0011,0.63
3659,121.967,0.0020,0.86
3660,122.000,0.0006,0.79
3661,122.033,0.0016,0.99
3662,122.067,0.0004,0.95
3663,122.100,0.0000,0.93
3664,122.133,0.0015,0.71
3665,122.167,0.0004,0.78
3666,122.200,0.0000,0.80
3667,122.233,0.0013,0.60
3668,122.267,0.0005,0.70
3669,122.300,0.0008,0.81
3670,122.333,0.0032,0.41
3671,122.367,0.0002,0.42
3672,122.400,0.0004,0.33
3673,122.433,0.0040,0.81
3674,122.467,0.0027,0.22
3675,122.500,0.0000,0.24
3676,122.533,0.0006,0.30
3677,122.567,0.0011,0.15
3678,122.600,0.0004,0.11
3679,122.633,0.0002,0.07
3680,122.667,0.0025,0.44
3681,122.700,0.0017,0.11
3682,122.733,0.0000,0.10
3683,122.767,0.0001,0.08
3684,122.800,0.0004,0.12
3685,122.833,0.0006,0.07
3686,122.867,0.0122,1.03
3687,122.900,0.0254,3.69
3688,122.933,0.0166,5.36
3689,122.967,0.0014,5.57
3690,123.000,0.0051,4.94
3691,123.033,0.0086,3.90
3692,123.067,0.0088,2.97
3693,123.100,0.0078,2.19
3694,123.133,0.0073,1.55
3695,123.167,0.0022,1.24
3696,123.200,0.0004,1.12
3697,123.233,0.0013,1.02
3698,123.267,0.0037,1.42
3699,123.300,0.0092,2.37
3700,123.333,0.0087,3.22
3701,123.367,0.0090,4.05
3702,123.400,0.0054,4.58
3703,123.433,0.0021,4.90
3704,123.467,0.0000,5.21
3705,123.500,0.0002,5.31
3706,123.533,0.0025,5.08
3707,123.567,0.0037,4.58
3708,123.600,0.0080,3.85
3709,123.633,0.0101,2.89
3710,123.667,0.0085,2.23
3711,123.700,0.0074,1.56
3712,123.733,0.0054,0.95
3713,123.767,0.0038,0.47
3714,123.800,0.0015,0.20
3715,123.833,0.0004,0.07
3716,123.867,0.0001,0.04
3717,123.900,0.0001,0.03
3718,123.933,0.0001,0.01
3719,123.967,0.0002,0.05
3720,124.000,0.0000,0.03
3721,124.033,0.0000,0.01
3722,124.067,0.0002,0.05
3723,124.100,0.0000,0.01
3724,124.133,0.0007,0.13
3725,124.167,0.0001,0.11
3726,124.200,0.0001,0.01
3727,124.233,0.0003,0.07
3728,124.267,0.0000,0.01
3729,124.300,0.0000,0.00
3730,124.333,0.0001,0.02
3731,124.367,0.0029,0.40
3732,124.400,0.0000,0.39
3733,124.433,0.0008,0.46
3734,124.467,0.0016,0.37
3735,124.500,0.0020,0.81
3736,124.533,0.0018,0.71
3737,124.567,0.1101,8.27
3738,124.600,0.0021,13.84
3739,124.633,0.0026,13.23
3740,124.667,0.0066,13.65
3741,124.700,0.0031,13.36
3742,124.733,0.0004,13.17
3743,124.767,0.0133,0.72
3744,124.800,0.0009,0.72
3745,124.833,0.0006,0.71
3746,124.867,0.0002,0.61
3747,124.900,0.0011,0.62
3748,124.933,0.0004,0.63
3749,124.967,0.0006,0.70
3750,125.000,0.0020,0.55
3751,125.033,0.0030,0.37
3752,125.067,0.0005,0.31
3753,125.100,0.0013,0.45
3754,125.133,0.0018,0.31
3755,125.167,0.0030,0.21
3756,125.200,0.0021,0.27
3757,125.233,0.0008,0.23
3758,125.267,1.0000,137.39
3759,125.300,0.1560,117.86
3760,125.333,0.1015,11.77
3761,125.367,0.0000,0.00
3762,125.400,0.0000,0.00
3763,125.433,0.5093,53.45
3764,125.467,0.0739,43.44
3765,125.500,0.0000,0.00
3766,125.533,0.0000,0.00
3767,125.567,0.4118,39.82
3768,125.600,0.0056,39.06
3769,125.633,0.1670,12.68
3770,125.667,0.0018,0.07
3771,125.700,0.0000,0.00
3772,125.733,0.0000,0.00
3773,125.767,0.0000,0.00
3774,125.800,0.0000,0.00
3775,125.833,0.0016,0.07
3776,125.867,0.0000,0.00
3777,125.900,0.0000,0.00
3778,125.933,0.0000,0.00
3779,125.967,0.0000,0.00
3780,126.000,0.0164,0.22
3781,126.033,0.0000,0.00
3782,126.067,0.0000,0.00
3783,126.100,0.0000,0.00
3784,126.133,0.0000,0.00
3785,126.167,0.0000,0.00
3786,126.200,0.0000,0.00
3787,126.233,0.0000,0.00
3788,126.267,0.0000,0.00
3789,126.300,0.0000,0.00
3790,126.333,0.0000,0.00
3791,126.367,0.0000,0.00
3792,126.400,0.0000,0.00
3793,126.433,0.0000,0.00
3794,126.467,0.0000,0.00
3795,126.500,0.0000,0.00
3796,126.533,0.0000,0.00
3797,126.567,0.0000,0.00
3798,126.600,0.0000,0.00
3799,126.633,0.0000,0.00
3800,126.667,0.0000,0.00
3801,126.700,0.0000,0.00
3802,126.733,0.0000,0.00
3803,126.767,0.0000,0.00
3804,126.800,0.0000,0.00
3805,126.833,0.0129,0.18
3806,126.867,0.0000,0.00
3807,126.900,0.0000,0.00
3808,126.933,0.0000,0.00
3809,126.967,0.0000,0.00
3810,127.000,0.0000,0.00
3811,127.033,0.0000,0.00
3812,127.067,0.0000,0.00
3813,127.100,0.0000,0.00
3814,127.133,0.0000,0.00
3815,127.167,0.0000,0.00
3816,127.200,0.0000,0.00
3817,127.233,0.0000,0.00
3818,127.267,0.0000,0.00
3819,127.300,0.0000,0.00
3820,127.333,0.0000,0.00
3821,127.367,0.0000,0.00
3822,127.400,0.0000,0.00
3823,127.433,0.0000,0.00
3824,127.467,0.0000,0.00
3825,127.500,0.0001,0.01
3826,127.533,0.0009,0.08
3827,127.567,0.0089,0.61
3828,127.600,0.0099,1.27
3829,127.633,0.0033,0.07
3830,127.667,0.0018,0.12
3831,127.700,0.0010,0.13
3832,127.733,0.0012,0.08
3833,127.767,0.0004,0.09
3834,127.800,0.0007,0.07
3835,127.833,0.0008,0.05
3836,127.867,0.0005,0.01
3837,127.900,0.0001,0.02
3838,127.933,0.0001,0.02
3839,127.967,0.0001,0.06
3840,128.000,0.0142,0.19
3841,128.033,0.0000,0.00
3842,128.067,0.0000,0.00
3843,128.100,0.0000,0.00
3844,128.133,0.0000,0.00
3845,128.167,0.0000,0.00
3846,128.200,0.0000,0.00
3847,128.233,0.0000,0.00
3848,128.267,0.0000,0.00
3849,128.300,0.0000,0.00
3850,128.333,0.0000,0.00
3851,128.367,0.0000,0.00
3852,128.400,0.0000,0.00
3853,128.433,0.0000,0.00
3854,128.467,0.0000,0.00
3855,128.500,0.0000,0.00
3856,128.533,0.0000,0.00
3857,128.567,0.0000,0.00
3858,128.600,0.0000,0.00
3859,128.633,0.0000,0.00
3860,128.667,0.0000,0.00
3861,128.700,0.0000,0.00
3862,128.733,0.0000,0.00
3863,128.767,0.0000,0.00
3864,128.800,0.0000,0.00
3865,128.833,0.0000,0.00
3866,128.867,0.0000,0.00
3867,128.900,0.0000,0.00
3868,128.933,0.0000,0.00
3869,128.967,0.0000,0.00
3870,129.000,0.0000,0.00
3871,129.033,0.0000,0.00
3872,129.067,0.0000,0.00
3873,129.100,0.0000,0.00
3874,129.133,0.0000,0.00
3875,129.167,0.0000,0.00
3876,129.200,0.0000,0.00
3877,129.233,0.0000,0.00
3878,129.267,0.0000,0.00
3879,129.300,0.0000,0.00
3880,129.333,0.0000,0.00
3881,129.367,0.0000,0.00
3882,129.400,0.0000,0.00
3883,129.433,0.0000,0.00
3884,129.467,0.0000,0.00
3885,129.500,0.0000,0.00
3886,129.533,0.0000,0.00
3887,129.567,0.0000,0.00
3888,129.600,0.0000,0.00
3889,129.633,0.0000,0.00
3890,129.667,0.0000,0.00
3891,129.700,0.0000,0.00
3892,129.733,0.0000,0.00
3893,129.767,0.0000,0.00
3894,129.800,0.0263,2.98
3895,129.833,0.0031,3.03
3896,129.867,0.0175,5.12
3897,129.900,0.0062,4.42
3898,129.933,0.0017,4.66
3899,129.967,0.0003,4.47
3900,130.000,0.0021,4.48
3901,130.033,0.0011,3.34
3902,130.067,0.0037,0.41
3903,130.100,0.0002,0.45
3904,130.133,0.0014,0.29
3905,130.167,0.0000,0.00
3906,130.200,0.0021,0.05
3907,130.233,0.0000,0.00
3908,130.267,0.0000,0.00
3909,130.300,0.0000,0.00
3910,130.333,0.0000,0.00
3911,130.367,0.0000,0.00
3912,130.400,0.0000,0.00
3913,130.433,0.0000,0.00
3914,130.467,0.0000,0.00
3915,130.500,0.0000,0.00
3916,130.533,0.0000,0.00
3917,130.567,0.0000,0.00
3918,130.600,0.0000,0.00
3919,130.633,0.0000,0.00
3920,130.667,0.0000,0.00
3921,130.700,0.0000,0.00
3922,130.733,0.0000,0.00
3923,130.767,0.0000,0.00
3924,130.800,0.0000,0.00
3925,130.833,0.0000,0.00
3926,130.867,0.0000,0.00
3927,130.900,0.0132,0.85
3928,130.933,0.0109,1.39
3929,130.967,0.0030,1.79
3930,131.000,0.0074,2.40
3931,131.033,0.0126,3.27
3932,131.067,0.0121,3.88
3933,131.100,0.0040,4.12
3934,131.133,0.0006,3.84
3935,131.167,0.0048,2.94
3936,131.200,0.0033,2.35
3937,131.233,0.0037,1.93
3938,131.267,0.0019,1.41
3939,131.300,0.0027,1.18
3940,131.333,0.0036,0.98
3941,131.367,0.0048,0.80
3942,131.400,0.0046,0.66
3943,131.433,0.0045,0.53
3944,131.467,0.0039,0.43
3945,131.500,0.0022,0.40
3946,131.533,0.0043,0.32
3947,131.567,0.0026,0.29
3948,131.600,0.0024,0.25
3949,131.633,0.0023,0.21
3950,131.667,0.0017,0.17
3951,131.700,0.0018,0.14
3952,131.733,0.0014,0.12
3953,131.767,0.0014,0.08
3954,131.800,0.0014,0.06
3955,131.833,0.0012,0.05
3956,131.867,0.0008,0.04
3957,131.900,0.0011,0.03
3958,131.933,0.0000,0.00
3959,131.967,0.0002,0.03
3960,132.000,0.0000,0.03
3961,132.033,0.0000,0.00
3962,132.067,0.0000,0.00
3963,132.100,0.0000,0.00
3964,132.133,0.0000,0.00
3965,132.167,0.0000,0.00
3966,132.200,0.0000,0.00
3967,132.233,0.0000,0.00
3968,132.267,0.0000,0.00
3969,132.300,0.0000,0.00
3970,132.333,0.0000,0.00
3971,132.367,0.0000,0.00
3972,132.400,0.0000,0.00
3973,132.433,0.0000,0.00
3974,132.467,0.0000,0.00
3975,132.500,0.0000,0.00
3976,132.533,0.0000,0.00
3977,132.567,0.0000,0.00
3978,132.600,0.0000,0.00
3979,132.633,0.0000,0.00
3980,132.667,0.0000,0.00
3981,132.700,0.0000,0.00
3982,132.733,0.0000,0.00
3983,132.767,0.0000,0.00
3984,132.800,0.0000,0.00
3985,132.833,0.0000,0.00
3986,132.867,0.0000,0.00
3987,132.900,0.0000,0.00
3988,132.933,0.0000,0.00
3989,132.967,0.0000,0.00
3990,133.000,0.0013,0.04
3991,133.033,0.0000,0.00
3992,133.067,0.0000,0.00
3993,133.100,0.0376,0.51
3994,133.133,0.1249,2.61
3995,133.167,0.0789,9.22
3996,133.200,0.0471,20.89
3997,133.233,0.0346,31.83
3998,133.267,0.2280,63.15
3999,133.300,0.1585,16.66
4000,133.333,0.0061,16.09
4001,133.367,0.0289,11.96
4002,133.400,0.0572,5.50
4003,133.433,0.0334,2.12
4004,133.467,0.0145,0.96
4005,133.500,0.0031,0.72
4006,133.533,0.0007,0.63
4007,133.567,0.0000,0.65
4008,133.600,0.0022,0.48
4009,133.633,0.0008,0.56
4010,133.667,0.0001,0.59
4011,133.700,0.0036,0.35
4012,133.733,0.0017,0.45
4013,133.767,0.0002,0.43
4014,133.800,0.0008,0.39
4015,133.833,0.0006,0.34
4016,133.867,0.0016,0.26
4017,133.900,0.0008,0.31
4018,133.933,0.0000,0.32
4019,133.967,0.0003,0.28
4020,134.000,0.0000,0.28
4021,134.033,0.0005,0.25
4022,134.067,0.0020,0.40
4023,134.100,0.0007,0.34
4024,134.133,0.0004,0.29
4025,134.167,0.0000,0.29
4026,134.200,0.0017,0.19
4027,134.233,0.0025,0.36
4028,134.267,0.0008,0.27
4029,134.300,0.0003,0.27
4030,134.333,0.0000,0.29
4031,134.367,0.0003,0.32
4032,134.400,0.0013,0.41
4033,134.433,0.0010,0.46
4034,134.467,0.0001,0.45
4035,134.500,0.0005,0.40
4036,134.533,0.0008,0.34
4037,134.567,0.0002,0.37
4038,134.600,0.0016,0.26
4039,134.633,0.0004,0.27
4040,134.667,0.0001,0.25
4041,134.700,0.0003,0.24
4042,134.733,0.0010,0.29
4043,134.767,0.0010,0.37
4044,134.800,0.0007,0.43
4045,134.833,0.0012,0.31
4046,134.867,0.0011,0.24
4047,134.900,0.0004,0.29
4048,134.933,0.0001,0.30
4049,134.967,0.0013,0.36
4050,135.000,0.0031,0.62
4051,135.033,0.0065,1.34
4052,135.067,0.0053,1.81
4053,135.100,0.0120,2.99
4054,135.133,0.0076,3.90
4055,135.167,0.0135,5.43
4056,135.200,0.0031,5.69
4057,135.233,0.0136,7.26
4058,135.267,0.0054,7.62
4059,135.300,0.0072,8.54
4060,135.333,0.0016,8.28
4061,135.367,0.0030,8.47
4062,135.400,0.0065,7.67
4063,135.433,0.0023,7.15
4064,135.467,0.0062,6.39
4065,135.500,0.0075,5.51
4066,135.533,0.0205,3.54
4067,135.567,0.0017,4.02
4068,135.600,0.0168,5.47
4069,135.633,0.0011,5.46
4070,135.667,0.0138,6.94
4071,135.700,0.0060,7.58
4072,135.733,0.0037,7.13
4073,135.767,0.0141,8.70
4074,135.800,0.0066,9.44
4075,135.833,0.0734,17.78
4076,135.867,0.0349,14.51
4077,135.900,0.0355,19.11
4078,135.933,0.0317,15.47
4079,135.967,0.0022,15.98
4080,136.000,0.0006,16.16
4081,136.033,0.0230,13.73
4082,136.067,0.0496,19.37
4083,136.100,0.0014,19.54
4084,136.133,0.0303,15.76
4085,136.167,0.0791,24.57
4086,136.200,0.0148,25.83
4087,136.233,0.1095,11.52
4088,136.267,0.0191,14.14
4089,136.300,0.0158,15.60
4090,136.333,0.0657,8.21
4091,136.367,0.0512,14.00
4092,136.400,0.0028,13.64
4093,136.433,0.0557,7.45
4094,136.467,0.0377,11.47
4095,136.500,0.0195,9.33
4096,136.533,0.0445,4.38
4097,136.567,0.0256,7.22
4098,136.600,0.0051,6.71
4099,136.633,0.0242,4.02
4100,136.667,0.0266,6.95
4101,136.700,0.0167,5.52
4102,136.733,0.0247,2.65
4103,136.767,0.0192,4.69
4104,136.800,0.0096,3.65
4105,136.833,0.0171,1.80
4106,136.867,0.0206,4.05
4107,136.900,0.0014,4.22
4108,136.933,0.0191,2.11
4109,136.967,0.0196,4.16
4110,137.000,0.0740,12.77
4111,137.033,0.0075,13.63
4112,137.067,0.0470,18.50
4113,137.100,0.0027,18.31
4114,137.133,0.0426,12.80
4115,137.167,0.0591,19.60
4116,137.200,0.0191,21.48
4117,137.233,0.0143,19.58
4118,137.267,0.0023,19.04
4119,137.300,0.0235,16.41
4120,137.333,0.0298,12.18
4121,137.367,0.0106,10.36
4122,137.400,0.0473,5.90
4123,137.433,0.0165,1.85
4124,137.467,0.0167,3.67
4125,137.500,0.0022,3.94
4126,137.533,0.0159,2.18
4127,137.567,0.0232,4.79
4128,137.600,0.0022,5.07
4129,137.633,0.0214,2.63
4130,137.667,0.0188,4.79
4131,137.700,0.0031,4.41
4132,137.733,0.0196,2.17
4133,137.767,0.0169,4.03
4134,137.800,0.0002,4.00
4135,137.833,0.0133,2.45
4136,137.867,0.0165,4.32
4137,137.900,0.0016,4.14
4138,137.933,0.0154,2.31
4139,137.967,0.0116,3.62
4140,138.000,0.0013,3.53
4141,138.033,0.0110,2.28
4142,138.067,0.0128,3.77
4143,138.100,0.0163,4.78
4144,138.133,0.0482,7.22
4145,138.167,0.0582,14.43
4146,138.200,0.0314,18.92
4147,138.233,0.0253,21.67
4148,138.267,0.0434,26.93
4149,138.300,0.0091,26.69
4150,138.333,0.0042,26.50
4151,138.367,0.0066,27.83
4152,138.400,0.0247,31.59
4153,138.433,0.0312,28.21
4154,138.467,0.0306,24.93
4155,138.500,0.0063,25.46
4156,138.533,0.0098,24.35
4157,138.567,0.1051,36.30
4158,138.600,0.0041,0.38
4159,138.633,0.0007,0.17
4160,138.667,0.0115,0.71
4161,138.700,0.0044,0.23
4162,138.733,0.0011,0.30
4163,138.767,0.0001,0.30
4164,138.800,0.0007,0.35
4165,138.833,0.0005,0.33
4166,138.867,0.0018,0.45
4167,138.900,0.0017,0.32
4168,138.933,0.0017,0.21
4169,138.967,0.0017,0.13
4170,139.000,0.0011,0.08
4171,139.033,0.0028,0.22
4172,139.067,0.0018,0.14
4173,139.100,0.0007,0.17
4174,139.133,0.0012,0.23
4175,139.167,0.0011,0.30
4176,139.200,0.0020,0.43
4177,139.233,0.0001,0.44
4178,139.267,0.0003,0.50
4179,139.300,0.0010,0.40
4180,139.333,0.0007,0.37
4181,139.367,0.0005,0.37
4182,139.400,0.0008,0.32
4183,139.433,0.0010,0.28
4184,139.467,0.0016,0.33
4185,139.500,0.0006,0.39
4186,139.533,0.0001,0.45
4187,139.567,0.4090,45.87
4188,139.600,0.1299,14.84
4189,139.633,0.0002,14.89
4190,139.667,0.0022,14.57
4191,139.700,0.0077,13.61
4192,139.733,0.0071,12.67
4193,139.767,0.0115,11.14
4194,139.800,0.0139,9.49
4195,139.833,0.0127,7.88
4196,139.867,0.0113,6.50
4197,139.900,0.0290,2.74
4198,139.933,0.0087,1.82
4199,139.967,0.0010,1.81
4200,140.000,0.0068,0.56
4201,140.033,0.0119,1.56
4202,140.067,0.0021,1.82
4203,140.100,0.0036,1.50
4204,140.133,0.0021,1.73
4205,140.167,0.0022,1.50
4206,140.200,0.0077,0.76
4207,140.233,0.0058,1.31
4208,140.267,0.0028,1.54
4209,140.300,0.0027,1.76
4210,140.333,0.0020,1.91
4211,140.367,0.0033,1.66
4212,140.400,0.0097,0.74
4213,140.433,0.0098,1.71
4214,140.467,0.0041,1.31
4215,140.500,0.0066,0.81
4216,140.533,0.0021,0.95
4217,140.567,0.0047,1.35
4218,140.600,0.0076,0.59
4219,140.633,0.0058,1.17
4220,140.667,0.0040,1.55
4221,140.700,0.0004,1.50
4222,140.733,0.0015,1.62
4223,140.767,0.0034,1.30
4224,140.800,0.0056,0.78
4225,140.833,0.0088,1.63
4226,140.867,0.0038,1.97
4227,140.900,0.0038,2.41
4228,140.933,0.0065,1.83
4229,140.967,0.0058,1.32
4230,141.000,0.0058,1.58
4231,141.033,0.0089,2.38
4232,141.067,0.0030,2.11
4233,141.100,0.0030,1.85
4234,141.133,0.0028,1.62
4235,141.167,0.0004,1.62
4236,141.200,0.0001,1.52
4237,141.233,0.0028,1.93
4238,141.267,0.0004,1.86
4239,141.300,0.0068,2.50
4240,141.333,0.0005,2.42
4241,141.367,0.0035,2.73
4242,141.400,0.0128,1.02
4243,141.433,0.0055,1.59
4244,141.467,0.0034,1.40
4245,141.500,0.0031,1.63
4246,141.533,0.0016,1.50
4247,141.567,0.0024,1.23
4248,141.600,0.0025,0.96
4249,141.633,0.0014,1.17
4250,141.667,0.0014,1.28
4251,141.700,0.0015,1.14
4252,141.733,0.0031,1.36
4253,141.767,0.0010,1.26
4254,141.800,0.0014,1.07
4255,141.833,0.0027,1.33
4256,141.867,0.0060,0.90
4257,141.900,0.0002,0.85
4258,141.933,0.0016,0.99
4259,141.967,0.0026,0.70
4260,142.000,0.0045,1.14
4261,142.033,0.0050,0.74
4262,142.067,0.0025,0.91
4263,142.100,0.0022,1.06
4264,142.133,0.0016,0.90
4265,142.167,0.0030,0.71
4266,142.200,0.0027,0.96
4267,142.233,0.0020,1.17
4268,142.267,0.0031,0.86
4269,142.300,0.0015,0.72
4270,142.333,0.0018,0.55
4271,142.367,0.0001,0.60
4272,142.400,0.0058,1.06
4273,142.433,0.0002,1.00
4274,142.467,0.0393,4.91
4275,142.500,0.0221,7.45
4276,142.533,0.0187,9.54
4277,142.567,0.0167,11.63
4278,142.600,0.0148,13.52
4279,142.633,0.0239,16.36
4280,142.667,0.0152,18.45
4281,142.700,0.0208,20.94
4282,142.733,0.0216,23.63
4283,142.767,0.0314,27.31
4284,142.800,0.0038,26.97
4285,142.833,0.0473,21.41
4286,142.867,0.0388,16.44
4287,142.900,0.0011,16.02
4288,142.933,0.0092,0.67
4289,142.967,0.0016,0.50
4290,143.000,0.0043,0.74
4291,143.033,0.0005,0.72
4292,143.067,0.0001,0.76
4293,143.100,0.0004,0.73
4294,143.133,0.0007,0.75
4295,143.167,0.0009,0.83
4296,143.200,0.0003,0.83
4297,143.233,0.0012,0.93
4298,143.267,0.0002,0.94
4299,143.300,0.0002,0.98
4300,143.333,0.0002,1.05
4301,143.367,0.0002,1.07
4302,143.400,0.0004,1.04
4303,143.433,0.0007,1.03
4304,143.467,0.0007,0.94
4305,143.500,0.0008,0.92
4306,143.533,0.0009,0.91
4307,143.567,0.0002,0.91
4308,143.600,0.0026,0.67
4309,143.633,0.0022,0.55
4310,143.667,0.0028,0.69
4311,143.700,0.0047,0.36
4312,143.733,0.0021,0.24
4313,143.767,0.0008,0.19
4314,143.800,0.0012,0.12
4315,143.833,0.0002,0.13
4316,143.867,0.0001,0.13
4317,143.900,0.0003,0.14
4318,143.933,0.0001,0.14
4319,143.967,0.0002,0.13
4320,144.000,0.0072,0.34
4321,144.033,0.0015,0.08
4322,144.067,0.0002,0.08
4323,144.100,0.0005,0.06
4324,144.133,0.0001,0.07
4325,144.167,0.0003,0.06
4326,144.200,0.0003,0.09
4327,144.233,0.0000,0.07
4328,144.267,0.0003,0.09
4329,144.300,0.0001,0.10
4330,144.333,0.0004,0.06
4331,144.367,0.0006,0.09
4332,144.400,0.0000,0.09
4333,144.433,0.0001,0.10
4334,144.467,0.0002,0.10
4335,144.500,0.0000,0.10
4336,144.533,0.0001,0.11
4337,144.567,0.0009,0.07
4338,144.600,0.0004,0.08
4339,144.633,0.0000,0.09
4340,144.667,0.0000,0.10
4341,144.700,0.0000,0.09
4342,144.733,0.0003,0.07
4343,144.767,0.0008,0.11
4344,144.800,0.0004,0.13
4345,144.833,0.0005,0.08
4346,144.867,0.0001,0.11
4347,144.900,0.0004,0.12
4348,144.933,0.0004,0.10
4349,144.967,0.0007,0.05
4350,145.000,0.0004,0.08
4351,145.033,0.0003,0.09
4352,145.067,0.6299,71.81
4353,145.100,0.1576,17.66
4354,145.133,0.0005,17.75
4355,145.167,0.0008,17.98
4356,145.200,0.0040,17.47
4357,145.233,0.0163,15.25
4358,145.267,0.0066,14.58
4359,145.300,0.0074,13.34
4360,145.333,0.0012,13.16
4361,145.367,0.0200,10.86
4362,145.400,0.0481,5.39
4363,145.433,0.0119,4.10
4364,145.467,0.0088,3.04
4365,145.500,0.0135,1.68
4366,145.533,0.0004,1.61
4367,145.567,0.0038,1.82
4368,145.600,0.0084,1.10
4369,145.633,0.0069,1.71
4370,145.667,0.0049,1.42
4371,145.700,0.0092,2.20
4372,145.733,0.0354,6.57
4373,145.767,0.0182,1.69
4374,145.800,0.0004,1.83
4375,145.833,0.0024,2.07
4376,145.867,0.0475,7.51
4377,145.900,0.0353,11.65
4378,145.933,0.0043,11.02
4379,145.967,0.0338,6.65
4380,146.000,0.0189,3.57
4381,146.033,0.0095,2.87
4382,146.067,0.0018,2.77
4383,146.100,0.0065,2.21
4384,146.133,0.0003,2.38
4385,146.167,0.0049,1.91
4386,146.200,0.0010,1.40
4387,146.233,0.0058,1.49
4388,146.267,0.0023,1.34
4389,146.300,0.0063,1.09
4390,146.333,0.0028,1.12
4391,146.367,0.0081,0.72
4392,146.400,0.0004,0.69
4393,146.433,0.0007,0.74
4394,146.467,0.0040,0.37
4395,146.500,0.0115,1.48
4396,146.533,0.0009,1.55
4397,146.567,0.0011,1.38
4398,146.600,0.0028,1.62
4399,146.633,0.0039,1.29
4400,146.667,0.0018,1.48
4401,146.700,0.0003,1.42
4402,146.733,0.0011,1.49
4403,146.767,0.0020,1.28
4404,146.800,0.0024,1.48
4405,146.833,0.0020,1.31
4406,146.867,0.0028,1.07
4407,146.900,0.0026,0.87
4408,146.933,0.0006,0.86
4409,146.967,0.0003,0.87
4410,147.000,0.0008,1.02
4411,147.033,0.0010,0.88
4412,147.067,0.0024,1.08
4413,147.100,0.0012,0.97
4414,147.133,0.0017,1.11
4415,147.167,0.0015,1.27
4416,147.200,0.0047,0.87
4417,147.233,0.0052,1.32
4418,147.267,0.0019,1.10
4419,147.300,0.0019,1.27
4420,147.333,0.0005,1.22
4421,147.367,0.0014,1.09
4422,147.400,0.0020,0.96
4423,147.433,0.0011,1.05
4424,147.467,0.0003,1.07
4425,147.500,0.0003,1.09
4426,147.533,0.0015,0.94
4427,147.567,0.0015,1.10
4428,147.600,0.0045,0.74
4429,147.633,0.0025,0.94
4430,147.667,0.0000,0.98
4431,147.700,0.0018,0.79
4432,147.733,0.0016,0.96
4433,147.767,0.0025,0.73
4434,147.800,0.0009,0.80
4435,147.833,0.0003,0.83
4436,147.867,0.0009,0.85
4437,147.900,0.0012,0.90
4438,147.933,0.0009,0.80
4439,147.967,0.0075,1.56
4440,148.000,0.0039,2.07
4441,148.033,0.0015,2.13
4442,148.067,0.0003,2.22
4443,148.100,0.0008,2.14
4444,148.133,0.0003,2.09
4445,148.167,0.0005,2.07
4446,148.200,0.0010,1.99
4447,148.233,0.0008,2.09
4448,148.267,0.0006,2.04
4449,148.300,0.0014,1.88
4450,148.333,0.0092,0.72
4451,148.367,0.0025,0.95
4452,148.400,0.0008,1.05
4453,148.433,0.0002,1.07
4454,148.467,0.0015,1.22
4455,148.500,0.0001,1.19
4456,148.533,0.0007,1.25
4457,148.567,0.0017,1.06
4458,148.600,0.0001,1.09
4459,148.633,0.0009,1.18
4460,148.667,0.0008,1.12
4461,148.700,0.0002,1.14
4462,148.733,0.0011,1.05
4463,148.767,0.0004,1.08
4464,148.800,0.0010,1.16
4465,148.833,0.0007,1.08
4466,148.867,0.0004,1.08
4467,148.900,0.0033,0.81
4468,148.933,0.0031,1.02
4469,148.967,0.0024,1.28
4470,149.000,0.0009,1.18
4471,149.033,0.0025,1.45
4472,149.067,0.0002,1.43
4473,149.100,0.0006,1.52
4474,149.133,0.0009,1.58
4475,149.167,0.0001,1.57
4476,149.200,0.0027,1.33
4477,149.233,0.0016,1.47
4478,149.267,0.0001,1.51
4479,149.300,0.0001,1.53
4480,149.333,0.0048,1.73
4481,149.367,0.0045,1.59
4482,149.400,0.0033,1.21
4483,149.433,0.0040,1.73
4484,149.467,0.0068,1.04
4485,149.500,0.0013,0.97
4486,149.533,0.0023,1.16
4487,149.567,0.0001,1.16
4488,149.600,0.0005,1.18
4489,149.633,0.0004,1.17
4490,149.667,0.0013,1.08
4491,149.700,0.0011,1.21
4492,149.733,0.0007,1.13
4493,149.767,0.0002,1.10
4494,149.800,0.0002,1.16
4495,149.833,0.0005,1.16
4496,149.867,0.0006,1.13
4497,149.900,0.0026,0.92
4498,149.933,0.0037,0.60
4499,149.967,0.0023,0.96
4500,150.000,0.0007,0.86
4501,150.033,0.0044,1.34
4502,150.067,0.0008,1.50
4503,150.100,0.0006,1.58
4504,150.133,0.0002,1.51
4505,150.167,0.0008,1.53
4506,150.200,0.0006,1.45
4507,150.233,0.0009,1.47
4508,150.267,0.0002,1.46
4509,150.300,0.0011,1.55
4510,150.333,0.0005,1.54
4511,150.367,0.0012,1.62
4512,150.400,0.0005,1.58
4513,150.433,0.0002,1.61
4514,150.467,0.0052,0.40
4515,150.500,0.0015,0.45
4516,150.533,0.0091,1.14
4517,150.567,0.0026,1.42
4518,150.600,0.0060,1.01
4519,150.633,0.0064,1.59
4520,150.667,0.0000,1.68
4521,150.700,0.0005,1.83
4522,150.733,0.0005,1.79
4523,150.767,0.0005,1.83
4524,150.800,0.0071,1.09
4525,150.833,0.0069,1.76
4526,150.867,0.0006,1.69
4527,150.900,0.0018,1.49
4528,150.933,0.0064,0.97
4529,150.967,0.0019,1.23
4530,151.000,0.0052,0.58
4531,151.033,0.0070,1.42
4532,151.067,0.0006,1.46
4533,151.100,0.0029,1.12
4534,151.133,0.0008,1.02
4535,151.167,0.0005,1.11
4536,151.200,0.0055,0.51
4537,151.233,0.0068,1.26
4538,151.267,0.0027,0.97
4539,151.300,0.0016,0.78
4540,151.333,0.0003,0.85
4541,151.367,0.0013,0.68
4542,151.400,0.0030,0.40
4543,151.433,0.0007,0.52
4544,151.467,0.0024,0.73
4545,151.500,0.0004,0.73
4546,151.533,0.0013,0.88
4547,151.567,0.0007,0.80
4548,151.600,0.0040,0.41
4549,151.633,0.0037,0.77
4550,151.667,0.0009,0.87
4551,151.700,0.0021,0.63
4552,151.733,0.0026,0.91
4553,151.767,0.0024,0.69
4554,151.800,0.0013,0.55
4555,151.833,0.0026,0.83
4556,151.867,0.0011,0.73
4557,151.900,0.0029,0.42
4558,151.933,0.0105,1.44
4559,151.967,0.0005,1.30
4560,152.000,0.0009,1.25
4561,152.033,0.0032,1.60
4562,152.067,0.0014,1.44
4563,152.100,0.0001,1.52
4564,152.133,0.0004,1.52
4565,152.167,0.0011,1.32
4566,152.200,0.0005,1.27
4567,152.233,0.0028,1.59
4568,152.267,0.0015,1.48
4569,152.300,0.0003,1.49
4570,152.333,0.0008,1.36
4571,152.367,0.0149,2.96
4572,152.400,0.0200,4.57
4573,152.433,0.0505,7.08
4574,152.467,0.0581,10.31
4575,152.500,0.0465,15.16
4576,152.533,0.0215,18.78
4577,152.567,0.0067,22.07
4578,152.600,0.0354,20.42
4579,152.633,0.0019,21.65
4580,152.667,0.0109,23.20
4581,152.700,0.0168,21.58
4582,152.733,0.0187,19.59
4583,152.767,0.0721,27.86
4584,152.800,0.3469,68.58
4585,152.833,0.0088,0.61
4586,152.867,0.0020,0.42
4587,152.900,0.0020,0.25
4588,152.933,0.0003,0.29
4589,152.967,0.0001,0.28
4590,153.000,0.0002,0.29
4591,153.033,0.0006,0.24
4592,153.067,0.0008,0.21
4593,153.100,0.0007,0.27
4594,153.133,0.0000,0.25
4595,153.167,0.0004,0.26
4596,153.200,0.0008,0.21
4597,153.233,0.0004,0.24
4598,153.267,0.0004,0.26
4599,153.300,0.0002,0.23
4600,153.333,0.0004,0.22
4601,153.367,0.0003,0.22
4602,153.400,0.0000,0.21
4603,153.433,0.0001,0.22
4604,153.467,0.0004,0.23
4605,153.500,0.0006,0.19
4606,153.533,0.0009,0.25
4607,153.567,0.0002,0.28
4608,153.600,0.0050,0.56
4609,153.633,0.0249,2.12
4610,153.667,0.0495,6.32
4611,153.700,0.0690,14.39
4612,153.733,0.0499,21.30
4613,153.767,0.3135,59.72
4614,153.800,0.2286,33.30
4615,153.833,0.1279,17.92
4616,153.867,0.0624,9.88
4617,153.900,0.0135,10.96
4618,153.933,0.0133,12.41
4619,153.967,0.0370,8.57
4620,154.000,0.0115,7.38
4621,154.033,0.0060,6.38
4622,154.067,0.0046,5.30
4623,154.100,0.0010,4.74
4624,154.133,0.0007,4.22
4625,154.167,0.0050,3.80
4626,154.200,0.0150,2.98
4627,154.233,0.0047,2.63
4628,154.267,0.0063,2.35
4629,154.300,0.0003,2.71
4630,154.333,0.0113,1.59
4631,154.367,0.0016,1.53
4632,154.400,0.0009,1.63
4633,154.433,0.0024,1.67
4634,154.467,0.0018,1.79
4635,154.500,0.0019,1.66
4636,154.533,0.0008,1.84
4637,154.567,0.0006,1.80
4638,154.600,0.0014,1.90
4639,154.633,0.0013,1.95
4640,154.667,0.0047,2.14
4641,154.700,0.0030,2.00
4642,154.733,0.0002,1.93
4643,154.767,0.0010,2.04
4644,154.800,0.0069,2.62
4645,154.833,0.0093,1.50
4646,154.867,0.0020,1.59
4647,154.900,0.0015,1.52
4648,154.933,0.0011,1.62
4649,154.967,0.0005,1.61
4650,155.000,0.0008,1.75
4651,155.033,0.0009,1.73
4652,155.067,0.0016,1.73
4653,155.100,0.0027,1.88
4654,155.133,0.0041,1.88
4655,155.167,0.0106,1.57
4656,155.200,0.0337,2.78
4657,155.233,0.0003,2.69
4658,155.267,0.0015,2.60
4659,155.300,0.0042,3.19
4660,155.333,0.0062,2.36
4661,155.367,0.0001,2.35
4662,155.400,0.0005,2.32
4663,155.433,0.0005,2.36
4664,155.467,0.0013,2.47
4665,155.500,0.0000,2.45
4666,155.533,0.0010,2.56
4667,155.567,0.0007,2.45
4668,155.600,0.0173,1.95
4669,155.633,0.0010,2.05
4670,155.667,0.0025,2.13
4671,155.700,0.0009,2.17
4672,155.733,0.0007,2.08
4673,155.767,0.0017,2.21
4674,155.800,0.0021,2.63
4675,155.833,0.0078,1.63
4676,155.867,0.0007,1.75
4677,155.900,0.0006,1.67
4678,155.933,0.0010,1.75
4679,155.967,0.0008,1.78
4680,156.000,0.0002,1.88
4681,156.033,0.0010,1.99
4682,156.067,0.0011,1.84
4683,156.100,0.0005,1.92
4684,156.133,0.0011,2.19
4685,156.167,0.0003,2.19
4686,156.200,0.0011,2.06
4687,156.233,0.0005,2.04
4688,156.267,0.0001,2.00
4689,156.300,0.0050,2.60
4690,156.333,0.0070,1.68
4691,156.367,0.0018,1.55
4692,156.400,0.0019,1.74
4693,156.433,0.0013,1.74
4694,156.467,0.0012,1.77
4695,156.500,0.0018,1.88
4696,156.533,0.0011,1.99
4697,156.567,0.0001,1.83
4698,156.600,0.0016,2.01
4699,156.633,0.0064,1.92
4700,156.667,0.0196,2.72
4701,156.700,0.0104,3.35
4702,156.733,0.0011,3.15
4703,156.767,0.0017,3.29
4704,156.800,0.0041,3.86
4705,156.833,0.0079,2.88
4706,156.867,0.0007,2.84
4707,156.900,0.0001,2.81
4708,156.933,0.0008,2.90
4709,156.967,0.0023,3.01
4710,157.000,0.0005,3.02
4711,157.033,0.0152,2.23
4712,157.067,0.0031,2.08
4713,157.100,0.0005,2.18
4714,157.133,0.0007,2.43
4715,157.167,0.0006,2.43
4716,157.200,0.0003,2.45
4717,157.233,0.0022,2.20
4718,157.267,0.0007,2.27
4719,157.300,0.0038,2.85
4720,157.333,0.0058,1.98
4721,157.367,0.0003,1.98
4722,157.400,0.0019,1.90
4723,157.433,0.0003,1.94
4724,157.467,0.0016,2.04
4725,157.500,0.0005,2.10
4726,157.533,0.0008,2.27
4727,157.567,0.0031,2.01
4728,157.600,0.0043,2.28
4729,157.633,0.0141,2.86
4730,157.667,0.0017,2.95
4731,157.700,0.0006,3.01
4732,157.733,0.0013,2.89
4733,157.767,0.0003,2.94
4734,157.800,0.0031,3.48
4735,157.833,0.0065,2.53
4736,157.867,0.0001,2.54
4737,157.900,0.0014,2.43
4738,157.933,0.0010,2.52
4739,157.967,0.0009,2.57
4740,158.000,0.0004,2.64
4741,158.033,0.0008,2.68
4742,158.067,0.0008,2.72
4743,158.100,0.0005,2.79
4744,158.133,0.0019,3.00
4745,158.167,0.0086,2.54
4746,158.200,0.0078,2.37
4747,158.233,0.0080,2.57
4748,158.267,0.0002,2.50
4749,158.300,0.0041,3.08
4750,158.333,0.0064,2.20
4751,158.367,0.0002,2.20
4752,158.400,0.0005,2.29
4753,158.433,0.0002,2.22
4754,158.467,0.0007,2.15
4755,158.500,0.0032,2.39
4756,158.533,0.0007,2.48
4757,158.567,0.0017,2.36
4758,158.600,0.0070,2.11
4759,158.633,0.0072,1.99
4760,158.667,0.0010,2.08
4761,158.700,0.0051,2.30
4762,158.733,0.0057,2.45
4763,158.767,0.0066,2.86
4764,158.800,0.0034,3.36
4765,158.833,0.0094,2.18
4766,158.867,0.0005,2.23
4767,158.900,0.0012,2.41
4768,158.933,0.0005,2.44
4769,158.967,0.0007,2.44
4770,159.000,0.0012,2.40
4771,159.033,0.0012,2.56
4772,159.067,0.0008,2.60
4773,159.100,0.0008,2.66
4774,159.133,0.0009,2.71
4775,159.167,0.0130,1.47
4776,159.200,0.0148,1.92
4777,159.233,0.0091,2.12
4778,159.267,0.0004,2.17
4779,159.300,0.0053,2.82
4780,159.333,0.0078,1.83
4781,159.367,0.0008,1.84
4782,159.400,0.0014,1.82
4783,159.433,0.0006,1.82
4784,159.467,0.0001,1.94
4785,159.500,0.0260,3.40
4786,159.533,0.0163,4.46
4787,159.567,0.0075,5.17
4788,159.600,0.0139,6.82
4789,159.633,0.0403,11.68
4790,159.667,0.0546,18.91
4791,159.700,0.1042,31.40
4792,159.733,0.4269,80.53
4793,159.767,0.1870,20.13
4794,159.800,0.0080,20.04
4795,159.833,0.0459,13.37
4796,159.867,0.0694,5.73
4797,159.900,0.0322,1.87
4798,159.933,0.0082,0.46
4799,159.967,0.0040,0.23
4800,160.000,0.0098,0.52
4801,160.033,0.0063,0.31
4802,160.067,0.0010,0.33
4803,160.100,0.0007,0.40
4804,160.133,0.0005,0.37
4805,160.167,0.0002,0.38
4806,160.200,0.0003,0.41
4807,160.233,0.0008,0.37
4808,160.267,0.0005,0.34
4809,160.300,0.0007,0.30
4810,160.333,0.0010,0.24
4811,160.367,0.0004,0.27
4812,160.400,0.0008,0.31
4813,160.433,0.0005,0.34
4814,160.467,0.0012,0.47
4815,160.500,0.0018,0.64
4816,160.533,0.0029,0.83
4817,160.567,0.0036,1.17
4818,160.600,0.0008,1.28
4819,160.633,0.0009,1.34
4820,160.667,0.0012,1.28
4821,160.700,0.0009,1.34
4822,160.733,0.0010,1.24
4823,160.767,0.0019,1.08
4824,160.800,0.0020,0.94
4825,160.833,0.0021,0.75
4826,160.867,0.4461,49.96
4827,160.900,0.0965,11.26
4828,160.933,0.0054,11.85
4829,160.967,0.0016,11.93
4830,161.000,0.0040,11.42
4831,161.033,0.0081,10.29
4832,161.067,0.0048,9.59
4833,161.100,0.0066,8.42
4834,161.133,0.0064,7.02
4835,161.167,0.0049,5.93
4836,161.200,0.0303,2.60
4837,161.233,0.0141,1.56
4838,161.267,0.0105,0.92
4839,161.300,0.0053,0.64
4840,161.333,0.0022,0.53
4841,161.367,0.0012,0.42
4842,161.400,0.0024,0.72
4843,161.433,0.0037,0.32
4844,161.467,0.0015,0.46
4845,161.500,0.0018,0.60
4846,161.533,0.0028,0.31
4847,161.567,0.0049,0.80
4848,161.600,0.0038,0.31
4849,161.633,0.0029,0.58
4850,161.667,0.0006,0.54
4851,161.700,0.0016,0.32
4852,161.733,0.0034,0.70
4853,161.767,0.0032,0.26
4854,161.800,0.0034,0.57
4855,161.833,0.0006,0.52
4856,161.867,0.0018,0.30
4857,161.900,0.0028,0.63
4858,161.933,0.0027,0.20
4859,161.967,0.0030,0.47
4860,162.000,0.0008,0.44
4861,162.033,0.0013,0.28
4862,162.067,0.0030,0.61
4863,162.100,0.0016,0.13
4864,162.133,0.0036,0.46
4865,162.167,0.0008,0.39
4866,162.200,0.0010,0.29
4867,162.233,0.0025,0.55
4868,162.267,0.0020,0.16
4869,162.300,0.0028,0.42
4870,162.333,0.0004,0.46
4871,162.367,0.0020,0.23
4872,162.400,0.0041,0.65
4873,162.433,0.0029,0.23
4874,162.467,0.0026,0.47
4875,162.500,0.0000,0.45
4876,162.533,0.0010,0.35
4877,162.567,0.0030,0.68
4878,162.600,0.0037,0.32
4879,162.633,0.0030,0.55
4880,162.667,0.0003,0.54
4881,162.700,0.0002,0.56
4882,162.733,0.0007,0.66
4883,162.767,0.0034,0.33
4884,162.800,0.0022,0.52
4885,162.833,0.0008,0.58
4886,162.867,0.0021,0.35
4887,162.900,0.0037,0.76
4888,162.933,0.0041,0.36
4889,162.967,0.0022,0.56
4890,163.000,0.0005,0.62
4891,163.033,0.0014,0.42
4892,163.067,0.0026,0.72
4893,163.100,0.0040,0.34
4894,163.133,0.0012,0.47
4895,163.167,0.0002,0.45
4896,163.200,0.0064,0.70
4897,163.233,0.0183,1.92
4898,163.267,0.0138,3.17
4899,163.300,0.0154,4.94
4900,163.333,0.0138,6.59
4901,163.367,0.0153,8.58
4902,163.400,0.0193,11.08
4903,163.433,0.0183,13.40
4904,163.467,0.0134,15.21
4905,163.500,0.0079,16.26
4906,163.533,0.0099,17.52
4907,163.567,0.0085,18.70
4908,163.600,0.0020,18.99
4909,163.633,0.0044,18.25
4910,163.667,0.0423,22.78
4911,163.700,0.0073,0.45
4912,163.733,0.0004,0.35
4913,163.767,0.0027,0.55
4914,163.800,0.0017,0.76
4915,163.833,0.0027,1.09
4916,163.867,0.0024,1.34
4917,163.900,0.0002,1.34
4918,163.933,0.0001,1.24
4919,163.967,0.0016,1.12
4920,164.000,0.0025,0.87
4921,164.033,0.0019,0.68
4922,164.067,0.0024,0.50
4923,164.100,0.0003,0.51
4924,164.133,0.0000,0.45
4925,164.167,0.0005,0.40
4926,164.200,0.0001,0.41
4927,164.233,0.0001,0.43
4928,164.267,0.0001,0.46
4929,164.300,0.0406,4.96
4930,164.333,0.0007,0.06
4931,164.367,0.0263,1.93
4932,164.400,0.0047,1.39
4933,164.433,0.0011,1.37
4934,164.467,0.0042,1.42
4935,164.500,0.0049,1.15
4936,164.533,0.0014,1.26
4937,164.567,0.0051,1.30
4938,164.600,0.0008,1.20
4939,164.633,0.0058,1.59
4940,164.667,0.0092,1.20
4941,164.700,0.0034,1.31
4942,164.733,0.0049,1.29
4943,164.767,0.0002,1.25
4944,164.800,0.0016,1.02
4945,164.833,0.0019,0.74
4946,164.867,0.0033,0.46
4947,164.900,0.0007,0.42
4948,164.933,0.0028,0.64
4949,164.967,0.0000,0.73
4950,165.000,0.0013,0.80
4951,165.033,0.0008,0.73
4952,165.067,0.0010,0.62
4953,165.100,0.0020,0.48
4954,165.133,0.0002,0.47
4955,165.167,0.0023,0.66
4956,165.200,0.0026,0.92
4957,165.233,0.0013,1.03
4958,165.267,0.0003,1.04
4959,165.300,0.0021,0.86
4960,165.333,0.0052,0.82
4961,165.367,0.0103,0.34
4962,165.400,0.0037,0.59
4963,165.433,0.0017,0.83
4964,165.467,0.0013,0.98
4965,165.500,0.0004,0.97
4966,165.533,0.0004,0.91
4967,165.567,0.0032,0.68
4968,165.600,0.0008,0.54
4969,165.633,0.0144,1.98
4970,165.667,0.0117,0.88
4971,165.700,0.0033,0.88
4972,165.733,0.0129,1.23
4973,165.767,0.0000,1.22
4974,165.800,0.0003,1.14
4975,165.833,0.0008,1.07
4976,165.867,0.0005,1.04
4977,165.900,0.0017,0.93
4978,165.933,0.0012,0.82
4979,165.967,0.0019,0.72
4980,166.000,0.0013,0.57
4981,166.033,0.0007,0.52
4982,166.067,0.0005,0.48
4983,166.100,0.0005,0.50
4984,166.133,0.0066,0.29
4985,166.167,0.0008,0.30
4986,166.200,0.0001,0.30
4987,166.233,0.0011,0.26
4988,166.267,0.0004,0.27
4989,166.300,0.0004,0.28
4990,166.333,0.0002,0.27
4991,166.367,0.0003,0.29
4992,166.400,0.0003,0.28
4993,166.433,0.0006,0.31
4994,166.467,0.0002,0.29
4995,166.500,0.0006,0.28
4996,166.533,0.0000,0.28
4997,166.567,0.0005,0.24
4998,166.600,0.0553,5.66
4999,166.633,0.0195,4.24
5000,166.667,0.0147,0.50
5001,166.700,0.0179,2.05
5002,166.733,0.0087,1.06
5003,166.767,0.0093,1.67
5004,166.800,0.0037,1.16
5005,166.833,0.0029,1.31
5006,166.867,0.0029,1.20
5007,166.900,0.0005,1.21
5008,166.933,0.0022,0.98
5009,166.967,0.0047,1.07
5010,167.000,0.0136,0.60
5011,167.033,0.0004,0.54
5012,167.067,0.0035,0.42
5013,167.100,0.0006,0.43
5014,167.133,0.0001,0.43
5015,167.167,0.0018,0.45
5016,167.200,0.0081,0.61
5017,167.233,0.0032,0.69
5018,167.267,0.0012,0.74
5019,167.300,0.0006,0.73
5020,167.333,0.0009,0.75
5021,167.367,0.0008,0.77
5022,167.400,0.0003,0.83
5023,167.433,0.0001,0.81
5024,167.467,0.0003,0.83
5025,167.500,0.0007,0.84
5026,167.533,0.0002,0.90
5027,167.567,0.0061,0.80
5028,167.600,0.0004,0.78
5029,167.633,0.0012,0.73
5030,167.667,0.0004,0.76
5031,167.700,0.0017,0.84
5032,167.733,0.0003,0.84
5033,167.767,0.0005,0.82
5034,167.800,0.0008,0.74
5035,167.833,0.0003,0.74
5036,167.867,0.0015,0.65
5037,167.900,0.0001,0.63
5038,167.933,0.0012,0.58
5039,167.967,0.0007,0.52
5040,168.000,0.0018,0.47
5041,168.033,0.0038,0.34
5042,168.067,0.0116,0.69
5043,168.100,0.0000,0.68
5044,168.133,0.0006,0.67
5045,168.167,0.0063,0.93
5046,168.200,0.0010,0.96
5047,168.233,0.0000,0.95
5048,168.267,0.0005,0.89
5049,168.300,0.0013,0.81
5050,168.333,0.0007,0.88
5051,168.367,0.0007,0.93
5052,168.400,0.0003,0.93
5053,168.433,0.0013,0.91
5054,168.467,0.0074,0.69
5055,168.500,0.0011,0.73
5056,168.533,0.0004,0.71
5057,168.567,0.0005,0.67
5058,168.600,0.0008,0.62
5059,168.633,0.0005,0.60
5060,168.667,0.0008,0.68
5061,168.700,0.0042,0.56
5062,168.733,0.0022,0.47
5063,168.767,0.0041,0.60
5064,168.800,0.0002,0.57
5065,168.833,0.0126,1.34
5066,168.867,0.0427,4.03
5067,168.900,0.0770,9.56
5068,168.933,0.0303,12.47
5069,168.967,0.0216,15.03
5070,169.000,0.0329,19.70
5071,169.033,0.0296,25.07
5072,169.067,0.0764,35.21
5073,169.100,0.0518,42.80
5074,169.133,0.1792,20.82
5075,169.167,0.0486,14.37
5076,169.200,0.0556,8.94
5077,169.233,0.0563,5.52
5078,169.267,0.0067,4.56
5079,169.300,0.0149,3.63
5080,169.333,0.0246,2.18
5081,169.367,0.0061,0.55
5082,169.400,0.0021,0.23
5083,169.433,0.0009,0.17
5084,169.467,0.0003,0.18
5085,169.500,0.0000,0.18
5086,169.533,0.0009,0.13
5087,169.567,0.0004,0.18
5088,169.600,0.0001,0.17
5089,169.633,0.0005,0.11
5090,169.667,0.0002,0.13
5091,169.700,0.0001,0.11
5092,169.733,0.0006,0.16
5093,169.767,0.0001,0.14
5094,169.800,0.0007,0.11
5095,169.833,0.0001,0.12
5096,169.867,0.0005,0.09
5097,169.900,0.0009,0.14
5098,169.933,0.0004,0.13
5099,169.967,0.0002,0.11
5100,170.000,0.0003,0.11
5101,170.033,0.0009,0.09
5102,170.067,0.0004,0.10
5103,170.100,0.0000,0.10
5104,170.133,0.0006,0.13
5105,170.167,0.0003,0.12
5106,170.200,0.0000,0.12
5107,170.233,0.0034,0.32
5108,170.267,0.0023,0.13
5109,170.300,0.7225,82.42
5110,170.333,0.0922,9.97
5111,170.367,0.0054,10.48
5112,170.400,0.0024,10.67
5113,170.433,0.0046,11.08
5114,170.467,0.0020,11.05
5115,170.500,0.0069,11.43
5116,170.533,0.0051,11.67
5117,170.567,0.0071,10.44
5118,170.600,0.0141,8.81
5119,170.633,0.0453,3.73
5120,170.667,0.0068,2.53
5121,170.700,0.0113,1.54
5122,170.733,0.0098,0.97
5123,170.767,0.0006,0.97
5124,170.800,0.0032,1.19
5125,170.833,0.0055,0.85
5126,170.867,0.0036,1.03
5127,170.900,0.0008,1.05
5128,170.933,0.0018,0.92
5129,170.967,0.0018,0.85
5130,171.000,0.0029,1.01
5131,171.033,0.0014,1.04
5132,171.067,0.0009,1.00
5133,171.100,0.0003,1.01
5134,171.133,0.0012,1.05
5135,171.167,0.0005,1.07
5136,171.200,0.0005,1.08
5137,171.233,0.0001,1.11
5138,171.267,0.0014,1.19
5139,171.300,0.0009,1.15
5140,171.333,0.0000,1.15
5141,171.367,0.0009,1.14
5142,171.400,0.0002,1.16
5143,171.433,0.0014,1.11
5144,171.467,0.0010,1.14
5145,171.500,0.0023,1.47
5146,171.533,0.0033,1.79
5147,171.567,0.0012,1.65
5148,171.600,0.0080,2.39
5149,171.633,0.0063,1.84
5150,171.667,0.0026,2.15
5151,171.700,0.0131,1.31
5152,171.733,0.0379,3.17
5153,171.767,0.0004,3.13
5154,171.800,0.0019,2.79
5155,171.833,0.0003,2.83
5156,171.867,0.0028,2.54
5157,171.900,0.0012,2.63
5158,171.933,0.0044,2.31
5159,171.967,0.0012,2.46
5160,172.000,0.0002,2.47
5161,172.033,0.0001,2.42
5162,172.067,0.0009,2.51
5163,172.100,0.0050,2.19
5164,172.133,0.0187,0.85
5165,172.167,0.0038,1.13
5166,172.200,0.0010,1.21
5167,172.233,0.0020,1.34
5168,172.267,0.0116,0.78
5169,172.300,0.0150,1.50
5170,172.333,0.0254,3.13
5171,172.367,0.0205,5.02
5172,172.400,0.0151,6.90
5173,172.433,0.0152,9.09
5174,172.467,0.0252,12.46
5175,172.500,0.0303,16.56
5176,172.533,0.0168,18.85
5177,172.567,0.0127,20.67
5178,172.600,0.0247,23.78
5179,172.633,0.0333,27.69
5180,172.667,0.0092,28.89
5181,172.700,0.0435,24.21
5182,172.733,0.1095,36.72
5183,172.767,0.0143,1.17
5184,172.800,0.0028,0.84
5185,172.833,0.0018,0.68
5186,172.867,0.0006,0.65
5187,172.900,0.0006,0.61
5188,172.933,0.0008,0.63
5189,172.967,0.0008,0.76
5190,173.000,0.0010,0.65
5191,173.033,0.0001,0.66
5192,173.067,0.0009,0.70
5193,173.100,0.0003,0.68
5194,173.133,0.0009,0.75
5195,173.167,0.0001,0.77
5196,173.200,0.0003,0.73
5197,173.233,0.0005,0.68
5198,173.267,0.0006,0.60
5199,173.300,0.0019,0.49
5200,173.333,0.0027,0.34
5201,173.367,0.0000,0.36
5202,173.400,0.0004,0.30
5203,173.433,0.0008,0.24
5204,173.467,0.0004,0.26
5205,173.500,0.0020,0.17
5206,173.533,0.0002,0.19
5207,173.567,0.0006,0.20
5208,173.600,0.0004,0.21
5209,173.633,0.0002,0.22
5210,173.667,0.0015,0.16
5211,173.700,0.0006,0.19
5212,173.733,0.0018,0.27
5213,173.767,0.0022,0.37
5214,173.800,0.0014,0.46
5215,173.833,0.0020,0.37
5216,173.867,0.0010,0.40
5217,173.900,0.0003,0.42
5218,173.933,0.0013,0.38
5219,173.967,0.0006,0.35
5220,174.000,0.0008,0.29
5221,174.033,0.0009,0.32
5222,174.067,0.0014,0.39
5223,174.100,0.0007,0.40
5224,174.133,0.0006,0.40
5225,174.167,0.0002,0.39
5226,174.200,0.0003,0.42
5227,174.233,0.0035,0.81
5228,174.267,0.0205,3.24
5229,174.300,0.0103,2.15
5230,174.333,0.0098,3.30
5231,174.367,0.0006,3.37
5232,174.400,0.0237,6.13
5233,174.433,0.0230,8.37
5234,174.467,0.0251,11.25
5235,174.500,0.0112,10.11
5236,174.533,0.0289,7.04
5237,174.567,0.0006,6.54
5238,174.600,0.0069,5.96
5239,174.633,0.0149,8.06
5240,174.667,0.0037,8.50
5241,174.700,0.0042,7.51
5242,174.733,0.0082,8.12
5243,174.767,0.0598,15.06
5244,174.800,0.0020,14.48
5245,174.833,0.0268,11.41
5246,174.867,0.0147,10.19
5247,174.900,0.0107,9.07
5248,174.933,0.0077,7.97
5249,174.967,0.0170,5.73
5250,175.000,0.0305,2.77
5251,175.033,0.0062,1.92
5252,175.067,0.0060,1.51
5253,175.100,0.0088,0.60
5254,175.133,0.0010,0.52
5255,175.167,0.0013,0.39
5256,175.200,0.0008,0.37
5257,175.233,0.0036,0.55
5258,175.267,0.0028,0.36
5259,175.300,0.0028,0.60
5260,175.333,0.0031,0.42
5261,175.367,0.0010,0.47
5262,175.400,0.0020,0.58
5263,175.433,0.0023,0.43
5264,175.467,0.0028,0.63
5265,175.500,0.0043,0.38
5266,175.533,0.0007,0.39
5267,175.567,0.0021,0.52
5268,175.600,0.0017,0.38
5269,175.633,0.0024,0.53
5270,175.667,0.0031,1.01
5271,175.700,0.0040,1.42
5272,175.733,0.0063,2.12
5273,175.767,0.0029,2.47
5274,175.800,0.0001,2.45
5275,175.833,0.0000,2.39
5276,175.867,0.0007,2.38
5277,175.900,0.0007,2.25
5278,175.933,0.0027,1.98
5279,175.967,0.0003,1.96
5280,176.000,0.0011,1.78
5281,176.033,0.0071,1.27
5282,176.067,0.0067,0.66
5283,176.100,0.0162,1.38
5284,176.133,0.0009,1.28
5285,176.167,0.0020,1.45
5286,176.200,0.0012,1.34
5287,176.233,0.0004,1.37
5288,176.267,0.0003,1.35
5289,176.300,0.0008,1.42
5290,176.333,0.0009,1.37
5291,176.367,0.0003,1.37
5292,176.400,0.0003,1.39
5293,176.433,0.0001,1.33
5294,176.467,0.0038,1.15
5295,176.500,0.0084,0.60
5296,176.533,0.0025,0.77
5297,176.567,0.0006,0.90
5298,176.600,0.0030,1.23
5299,176.633,0.0025,1.50
5300,176.667,0.0019,1.73
5301,176.700,0.0002,1.78
5302,176.733,0.0007,1.79
5303,176.767,0.0013,1.72
5304,176.800,0.0009,1.67
5305,176.833,0.0014,1.56
5306,176.867,0.0007,1.44
5307,176.900,0.0004,1.37
5308,176.933,0.0007,1.21
5309,176.967,0.0015,1.06
5310,177.000,0.0026,0.83
5311,177.033,0.0017,0.73
5312,177.067,0.0004,0.79
5313,177.100,0.0003,0.77
5314,177.133,0.0003,0.81
5315,177.167,0.0017,0.70
5316,177.200,0.0015,0.79
5317,177.233,0.0005,0.75
5318,177.267,0.0000,0.74
5319,177.300,0.0002,0.76
5320,177.333,0.0007,0.72
5321,177.367,0.0002,0.73
5322,177.400,0.0005,0.77
5323,177.433,0.0010,0.69
5324,177.467,0.0012,0.73
5325,177.500,0.0015,0.68
5326,177.533,0.0044,0.40
5327,177.567,0.0128,1.15
5328,177.600,0.0089,1.76
5329,177.633,0.0005,1.83
5330,177.667,0.0002,1.89
5331,177.700,0.0005,1.84
5332,177.733,0.0003,1.82
5333,177.767,0.0003,1.76
5334,177.800,0.0004,1.81
5335,177.833,0.0001,1.83
5336,177.867,0.0008,1.86
5337,177.900,0.0009,1.81
5338,177.933,0.0121,1.02
5339,177.967,0.0012,1.04
5340,178.000,0.0001,1.07
5341,178.033,0.0002,1.04
5342,178.067,0.0003,1.08
5343,178.100,0.0001,1.10
5344,178.133,0.0001,1.11
5345,178.167,0.0004,1.06
5346,178.200,0.0006,1.06
5347,178.233,0.0019,1.14
5348,178.267,0.0005,1.12
5349,178.300,0.0002,1.11
5350,178.333,0.0001,1.12
5351,178.367,0.0014,1.02
5352,178.400,0.0001,1.08
5353,178.433,0.0006,1.04
5354,178.467,0.0006,0.95
5355,178.500,0.0002,0.95
5356,178.533,0.0050,1.38
5357,178.567,0.0016,1.44
5358,178.600,0.0005,1.46
5359,178.633,0.0011,1.55
5360,178.667,0.0006,1.41
5361,178.700,0.0006,1.49
5362,178.733,0.0001,1.50
5363,178.767,0.0008,1.58
5364,178.800,0.0014,1.49
5365,178.833,0.0019,1.67
5366,178.867,0.0016,1.52
5367,178.900,0.0004,1.54
5368,178.933,0.0005,1.46
5369,178.967,0.0009,1.54
5370,179.000,0.0011,1.43
5371,179.033,0.0002,1.44
5372,179.067,0.0083,0.96
5373,179.100,0.0008,0.92
5374,179.133,0.0055,1.27
5375,179.167,0.0001,1.29
5376,179.200,0.0047,1.83
5377,179.233,0.0165,3.61
5378,179.267,0.0118,4.93
5379,179.300,0.0074,5.88
5380,179.333,0.0001,5.95
5381,179.367,0.0025,5.59
5382,179.400,0.0085,4.96
5383,179.433,0.0019,4.71
5384,179.467,0.0052,5.00
5385,179.500,0.0068,4.48
5386,179.533,0.0073,3.84
5387,179.567,0.0117,2.32
5388,179.600,0.0017,2.06
5389,179.633,0.3114,38.95
5390,179.667,0.2139,63.80
5391,179.700,0.2000,22.57
5392,179.733,0.0415,2.34
5393,179.767,0.1080,16.09
5394,179.800,0.0303,19.54
5395,179.833,0.0036,19.53
5396,179.867,0.0229,16.60
5397,179.900,0.0523,11.21
5398,179.933,0.0095,0.57
5399,179.967,0.0011,0.69
5400,180.000,0.0003,0.77
5401,180.033,0.0002,0.78
5402,180.067,0.0006,0.82
5403,180.100,0.0014,0.95
5404,180.133,0.0005,0.96
5405,180.167,0.0015,0.86
5406,180.200,0.0009,0.93
5407,180.233,0.0006,0.87
5408,180.267,0.0006,0.76
