frame,t,scale,tx_px,ty_px,inliers
0,0.000,1.0000,0.0,0.0,978
1,0.033,0.9854,-0.0,0.1,720
2,0.067,0.9727,-0.2,0.2,675
3,0.100,0.9604,-0.4,0.4,602
4,0.133,0.9493,-0.7,0.1,524
5,0.167,0.9357,0.2,-0.1,420
6,0.200,0.9301,-0.5,0.8,421
7,0.233,0.9254,-1.8,1.4,381
8,0.267,0.9166,-0.3,1.2,376
9,0.300,0.9116,-0.4,0.2,430
10,0.333,0.9124,-0.2,0.4,349
11,0.367,0.9145,-1.0,1.3,385
12,0.400,0.9152,-0.6,1.9,329
13,0.433,0.9078,0.1,-0.4,377
14,0.467,0.9110,-0.2,0.9,407
15,0.500,0.9080,-0.0,-0.3,361
16,0.533,0.9123,-0.4,1.0,380
17,0.567,0.9091,-0.3,1.0,329
18,0.600,0.9124,-0.9,0.8,350
19,0.633,0.9120,-1.0,0.5,354
20,0.667,0.9090,0.1,0.0,374
21,0.700,0.9162,-1.1,0.9,271
22,0.733,0.9063,0.3,-0.4,304
23,0.767,0.9094,-0.0,-0.4,342
24,0.800,0.9092,-0.2,-0.0,306
25,0.833,0.9105,-0.3,0.0,347
26,0.867,0.9101,-0.1,0.3,360
27,0.900,0.9097,0.1,-0.1,350
28,0.933,0.9108,-0.6,0.4,347
29,0.967,0.9085,-0.6,-0.2,279
30,1.000,0.9097,-1.1,-0.4,304
31,1.033,0.9094,0.0,-0.2,357
32,1.067,0.9089,-1.1,0.5,285
33,1.100,0.9083,-0.7,-0.9,286
34,1.133,0.9100,-0.2,-0.3,346
35,1.167,0.9104,-0.0,-0.3,329
36,1.200,0.9100,-0.0,-0.0,341
37,1.233,0.9077,0.7,-0.1,273
38,1.267,0.9099,-0.3,-0.4,331
39,1.300,0.9092,-0.3,0.2,340
40,1.333,0.9092,-0.5,-0.4,320
41,1.367,0.9093,-0.5,-0.4,320
42,1.400,0.9094,-0.3,-0.9,299
43,1.433,0.9095,-0.6,0.1,343
44,1.467,0.9086,0.4,0.1,334
45,1.500,0.9097,-0.0,0.2,352
46,1.533,0.9090,-0.0,0.5,332
47,1.567,0.9110,-1.0,0.5,321
48,1.600,0.9102,-0.7,0.3,324
49,1.633,0.9102,-0.0,-0.2,332
50,1.667,0.9093,0.2,0.1,326
51,1.700,0.9054,0.5,-0.1,271
52,1.733,0.9092,-0.1,0.3,333
53,1.767,0.9082,-0.4,0.3,319
54,1.800,0.9106,-0.2,-0.1,331
55,1.833,0.9098,-0.0,0.0,341
56,1.867,0.9114,-0.6,0.7,315
57,1.900,0.9095,-0.3,-0.3,338
58,1.933,0.9084,-0.3,-0.1,308
59,1.967,0.9087,0.2,-0.1,336
60,2.000,0.9136,-1.0,1.0,289
61,2.033,0.9093,-0.5,0.0,312
62,2.067,0.9088,-0.1,-0.1,323
63,2.100,0.9110,0.2,0.1,328
64,2.133,0.9097,-0.3,1.1,299
65,2.167,0.9097,-0.4,0.0,351
66,2.200,0.9110,0.6,0.5,297
67,2.233,0.9106,-0.1,-0.3,328
68,2.267,0.9077,-0.6,0.0,307
69,2.300,0.9096,0.6,-0.3,270
70,2.333,0.9080,0.9,0.4,318
71,2.367,0.9097,0.7,0.2,312
72,2.400,0.9095,-0.3,-0.3,324
73,2.433,0.9079,0.1,-0.4,302
74,2.467,0.9117,0.0,0.5,257
75,2.500,0.9081,-0.1,-0.6,272
76,2.533,0.9130,-0.7,-0.0,250
77,2.567,0.9082,-0.1,-0.5,282
78,2.600,0.9092,1.4,1.9,215
79,2.633,0.9118,-0.6,-0.0,263
80,2.667,0.9098,0.1,0.2,271
81,2.700,0.9085,0.2,-0.4,263
82,2.733,0.9073,-0.0,0.2,257
83,2.767,0.9100,0.5,0.2,255
84,2.800,0.9081,1.0,0.4,248
85,2.833,0.9086,-0.1,-1.0,252
86,2.867,0.9112,-0.6,-0.2,260
87,2.900,0.9068,1.1,1.0,211
88,2.933,0.9109,-0.2,0.6,255
89,2.967,0.9109,-0.2,0.6,264
90,3.000,0.9079,-0.1,0.3,277
91,3.033,0.9071,0.2,-1.0,273
92,3.067,0.9085,0.0,-0.4,303
93,3.100,0.9070,1.2,0.2,268
94,3.133,0.9118,0.2,0.8,250
95,3.167,0.9080,-0.4,-0.0,246
96,3.200,0.9093,0.2,-0.4,265
97,3.233,0.9080,0.1,-0.5,273
98,3.267,0.9102,-0.0,0.9,258
99,3.300,0.9040,1.8,0.5,223
100,3.333,0.9085,-0.4,0.3,237
101,3.367,0.9102,-0.1,0.3,262
102,3.400,0.9103,0.6,-0.4,211
103,3.433,0.9074,-0.2,-0.1,266
104,3.467,0.9087,0.0,-0.3,261
105,3.500,0.9097,0.9,0.3,227
106,3.533,0.9094,0.5,-0.4,236
107,3.567,0.9067,-0.0,0.4,247
108,3.600,0.9087,0.2,-0.7,253
109,3.633,0.9092,0.7,0.7,253
110,3.667,0.9092,-0.1,-0.0,284
111,3.700,0.9083,0.2,-0.0,264
112,3.733,0.9083,0.1,-0.4,290
113,3.767,0.9079,-0.2,-0.8,259
114,3.800,0.9086,0.1,-0.4,234
115,3.833,0.9107,-0.0,0.4,255
116,3.867,0.9077,-0.1,-0.0,274
117,3.900,0.9090,0.1,0.2,259
118,3.933,0.9090,0.4,0.4,271
119,3.967,0.9059,1.0,-0.3,238
120,4.000,0.9087,0.0,-0.1,274
121,4.033,0.9101,0.4,0.6,246
122,4.067,0.9092,0.3,-0.3,261
123,4.100,0.9104,-0.1,0.1,249
124,4.133,0.9103,0.5,1.3,193
125,4.167,0.9083,-0.0,-0.9,237
126,4.200,0.9064,-0.4,-0.1,208
127,4.233,0.9098,-0.0,0.4,234
128,4.267,0.9086,0.1,0.1,277
129,4.300,0.9110,0.1,0.2,246
130,4.333,0.9082,-0.9,-1.3,230
131,4.367,0.9113,-1.1,-1.1,221
132,4.400,0.9085,0.3,-0.4,217
133,4.433,0.9090,-0.5,-1.3,228
134,4.467,0.9103,-0.0,0.4,217
135,4.500,0.9083,-0.1,-0.9,259
136,4.533,0.9088,0.2,-0.5,240
137,4.567,0.9104,0.2,0.5,222
138,4.600,0.9050,0.6,-1.1,217
139,4.633,0.9086,-0.1,-0.2,245
140,4.667,0.9093,-0.2,0.2,239
141,4.700,0.9086,-0.1,-0.2,256
142,4.733,0.9090,-0.2,0.7,219
143,4.767,0.9078,0.0,-0.5,227
144,4.800,0.9127,-0.8,0.9,187
145,4.833,0.9082,0.1,-0.3,230
146,4.867,0.9100,0.4,-0.1,229
147,4.900,0.9096,0.8,0.9,222
148,4.933,0.9090,-0.4,0.4,223
149,4.967,0.9096,0.4,0.6,245
150,5.000,0.9075,0.2,0.1,265
151,5.033,0.9114,0.2,0.2,231
152,5.067,0.9204,-0.1,0.9,244
153,5.100,0.9324,-0.4,2.8,283
154,5.133,0.9444,-0.1,5.1,293
155,5.167,0.9577,0.1,7.7,263
156,5.200,0.9664,0.6,8.7,228
157,5.233,0.9776,0.0,10.6,151
158,5.267,0.9871,-0.3,12.3,141
159,5.300,0.9977,-0.0,13.3,169
160,5.333,1.0064,0.5,15.2,145
161,5.367,1.0154,0.4,16.5,137
162,5.400,1.0239,0.9,17.5,141
163,5.433,1.0326,-0.2,18.1,114
164,5.467,1.0397,0.0,20.2,141
165,5.500,1.0469,0.5,21.1,146
166,5.533,1.0540,0.6,21.8,170
167,5.567,1.0513,3.4,21.9,176
168,5.600,1.0708,-0.7,24.2,217
169,5.633,1.0712,1.7,25.2,264
170,5.667,1.0815,-0.6,25.3,239
171,5.700,1.0846,0.6,26.9,270
172,5.733,1.0873,0.6,26.7,245
173,5.767,1.0921,0.1,27.6,262
174,5.800,1.0964,0.5,28.8,223
175,5.833,1.0950,0.7,27.8,235
176,5.867,1.0974,0.9,29.7,211
177,5.900,1.0967,0.0,28.7,246
178,5.933,1.0939,0.6,27.4,212
179,5.967,1.0948,0.7,29.2,235
180,6.000,1.0980,-0.4,28.6,219
181,6.033,1.0944,0.3,28.6,232
182,6.067,1.0956,0.6,28.7,255
183,6.100,1.0920,1.4,27.7,204
184,6.133,1.0965,0.9,28.5,225
185,6.167,1.0953,0.7,29.0,216
186,6.200,1.0975,1.0,29.4,206
187,6.233,1.0974,0.1,28.4,244
188,6.267,1.0958,0.7,28.7,252
189,6.300,1.0966,0.1,28.3,239
190,6.333,1.0971,0.3,28.4,216
191,6.367,1.0947,-0.0,28.3,218
192,6.400,1.0953,0.3,28.3,237
193,6.433,1.0958,-0.2,27.7,198
194,6.467,1.0914,2.2,28.6,205
195,6.500,1.0981,-0.6,28.9,207
196,6.533,1.0967,-0.5,28.6,220
197,6.567,1.0979,0.3,28.4,226
198,6.600,1.0922,0.2,28.4,173
199,6.633,1.0896,2.2,27.9,199
200,6.667,1.0962,0.6,28.8,223
201,6.700,1.0953,0.1,27.8,235
202,6.733,1.0935,1.6,29.0,217
203,6.767,1.0968,-0.0,28.7,244
204,6.800,1.0953,0.9,28.5,230
205,6.833,1.0948,0.6,29.0,230
206,6.867,1.0963,0.4,27.9,198
207,6.900,1.0907,2.2,29.1,205
208,6.933,1.0926,0.6,27.3,197
209,6.967,1.0987,-0.9,29.1,184
210,7.000,1.0974,0.0,29.1,188
211,7.033,1.0972,0.4,29.5,219
212,7.067,1.1036,0.1,29.1,208
213,7.100,1.1445,-1.5,29.1,182
214,7.133,1.3179,3.7,35.3,48
215,7.167,,,,0
216,7.200,,,,0
217,7.233,,,,0
218,7.267,,,,0
219,7.300,,,,0
220,7.333,,,,0
221,7.367,,,,0
222,7.400,,,,0
223,7.433,,,,0
224,7.467,,,,0
225,7.500,,,,0
226,7.533,,,,0
227,7.567,,,,0
228,7.600,,,,0
229,7.633,,,,0
230,7.667,,,,0
231,7.700,,,,0
232,7.733,,,,0
233,7.767,,,,0
234,7.800,,,,0
235,7.833,,,,0
236,7.867,,,,0
237,7.900,,,,0
238,7.933,,,,0
239,7.967,,,,0
240,8.000,,,,0
241,8.033,,,,0
242,8.067,,,,0
243,8.100,,,,0
244,8.133,,,,0
245,8.167,,,,0
246,8.200,,,,0
247,8.233,,,,0
248,8.267,,,,0
249,8.300,,,,0
250,8.333,,,,0
251,8.367,,,,0
252,8.400,,,,0
253,8.433,,,,0
254,8.467,,,,0
255,8.500,,,,0
256,8.533,,,,0
257,8.567,,,,0
258,8.600,,,,0
259,8.633,,,,0
260,8.667,,,,0
261,8.700,,,,0
262,8.733,,,,0
263,8.767,,,,0
264,8.800,,,,0
265,8.833,,,,0
266,8.867,,,,0
267,8.900,,,,0
268,8.933,,,,0
269,8.967,,,,0
270,9.000,,,,0
271,9.033,,,,0
272,9.067,,,,0
273,9.100,,,,0
274,9.133,,,,0
275,9.167,,,,0
276,9.200,,,,0
277,9.233,,,,0
278,9.267,,,,0
279,9.300,,,,0
280,9.333,,,,0
281,9.367,,,,0
282,9.400,,,,0
283,9.433,,,,0
284,9.467,,,,0
285,9.500,,,,0
286,9.533,,,,0
287,9.567,,,,0
288,9.600,,,,0
289,9.633,,,,0
290,9.667,,,,0
291,9.700,,,,0
292,9.733,,,,0
293,9.767,,,,0
294,9.800,,,,0
295,9.833,,,,0
296,9.867,,,,0
297,9.900,,,,0
298,9.933,,,,0
299,9.967,,,,0
300,10.000,,,,0
301,10.033,,,,0
302,10.067,,,,0
303,10.100,,,,0
304,10.133,,,,0
305,10.167,,,,0
306,10.200,,,,0
307,10.233,,,,0
308,10.267,,,,0
309,10.300,,,,0
310,10.333,0.9095,3.1,4.2,107
311,10.367,0.9096,0.2,0.4,235
312,10.400,0.9088,-0.8,-0.6,217
313,10.433,0.9117,-1.1,-0.7,179
314,10.467,0.9091,0.1,-0.2,260
315,10.500,0.9100,-0.1,-0.2,268
316,10.533,0.9103,0.2,-0.1,269
317,10.567,0.9094,-0.3,-0.3,254
318,10.600,0.9107,0.0,-0.5,248
319,10.633,0.9105,0.3,0.2,270
320,10.667,0.9092,0.1,-0.9,267
321,10.700,0.9077,-0.0,-0.9,236
322,10.733,0.9097,-0.1,-0.3,276
323,10.767,0.9099,0.4,-0.9,234
324,10.800,0.9075,0.5,-0.4,260
325,10.833,0.9098,0.4,-0.2,265
326,10.867,0.9094,-0.1,-0.3,288
327,10.900,0.9082,0.0,-0.2,247
328,10.933,0.9088,-0.1,-0.1,248
329,10.967,0.9094,-0.3,-0.1,272
330,11.000,0.9111,0.4,0.5,230
331,11.033,0.9091,0.0,-0.6,279
332,11.067,0.9111,-0.3,-0.3,272
333,11.100,0.9088,-0.3,-0.5,258
334,11.133,0.9099,0.3,-0.0,288
335,11.167,0.9096,0.3,-0.2,274
336,11.200,0.9070,0.8,-0.4,261
337,11.233,0.9089,-0.1,-0.3,292
338,11.267,0.9086,-0.2,-0.7,266
339,11.300,0.9089,0.1,-0.6,280
340,11.333,0.9090,0.5,-0.4,270
341,11.367,0.9092,0.0,-0.4,299
342,11.400,0.9051,0.5,-1.1,221
343,11.433,0.9114,-0.2,0.4,253
344,11.467,0.9086,0.3,-0.3,296
345,11.500,0.9103,-0.6,0.1,244
346,11.533,0.9083,0.0,-0.7,280
347,11.567,0.9063,1.1,-0.7,243
348,11.600,0.9085,-0.0,-0.6,272
349,11.633,0.9096,-0.1,-0.0,300
350,11.667,0.9111,-0.5,0.2,241
351,11.700,0.9094,0.6,0.3,220
352,11.733,0.9112,-0.2,-0.6,238
353,11.767,0.9101,-0.6,-0.2,268
354,11.800,0.9104,0.2,1.2,226
355,11.833,0.9106,0.1,0.2,273
356,11.867,0.9101,0.3,0.3,249
357,11.900,0.9083,-0.1,-0.8,252
358,11.933,0.9102,0.3,0.1,216
359,11.967,0.9094,0.1,-0.2,268
360,12.000,0.9093,0.1,-0.2,263
361,12.033,0.9094,-0.9,-0.9,220
362,12.067,0.9094,0.1,0.1,223
363,12.100,0.9120,-0.2,0.5,189
364,12.133,0.9086,-0.3,-0.2,211
365,12.167,0.9098,-0.2,-0.7,200
366,12.200,0.9095,-0.9,-1.2,169
367,12.233,0.9094,-0.4,-0.4,193
368,12.267,0.9100,0.2,-0.2,204
369,12.300,0.9097,-0.3,-0.4,220
370,12.333,0.9094,-0.1,-0.3,212
371,12.367,0.9096,0.1,0.3,199
372,12.400,0.9091,0.0,-0.3,209
373,12.433,0.9090,-0.1,-0.3,200
374,12.467,0.9099,0.2,0.2,195
375,12.500,0.9108,0.4,0.7,179
376,12.533,0.9097,-0.0,-0.3,201
377,12.567,0.9085,-0.2,-0.3,181
378,12.600,0.9078,0.2,-1.0,189
379,12.633,0.9097,0.3,-0.5,208
380,12.667,0.9093,0.5,-0.9,185
381,12.700,0.9090,0.6,-0.4,203
382,12.733,0.9086,0.4,-0.5,200
383,12.767,0.9093,0.0,-0.1,173
384,12.800,0.9094,0.1,-0.4,189
385,12.833,0.9056,0.6,-1.4,146
386,12.867,0.9088,0.4,-0.4,201
387,12.900,0.9081,1.2,0.4,153
388,12.933,0.9097,0.6,-0.3,190
389,12.967,0.9111,0.4,-0.1,169
390,13.000,0.9070,0.3,-1.0,130
391,13.033,,,,0
392,13.067,,,,0
393,13.100,0.9070,-0.4,-0.5,137
394,13.133,0.9097,0.1,-0.6,203
395,13.167,0.9102,-0.2,-0.7,225
396,13.200,0.9072,0.6,0.3,226
397,13.233,0.9095,0.2,-0.6,261
398,13.267,0.9097,0.4,-0.4,286
399,13.300,0.9123,0.0,0.6,239
400,13.333,0.9095,-0.2,-0.3,267
401,13.367,0.9091,0.5,-0.2,276
402,13.400,0.9103,-0.1,0.4,239
403,13.433,0.9076,1.0,-0.4,257
404,13.467,0.9108,0.2,0.2,264
405,13.500,0.9134,0.2,0.1,189
406,13.533,0.9078,-0.4,-1.3,170
407,13.567,0.9092,0.6,-0.7,198
408,13.600,0.9084,-0.0,-0.7,179
409,13.633,0.9098,0.4,-0.5,189
410,13.667,0.9054,1.2,-0.4,166
411,13.700,0.9106,0.5,0.5,165
412,13.733,0.9089,0.6,-0.7,180
413,13.767,0.9087,0.7,-0.6,151
414,13.800,0.9059,1.3,-0.3,172
415,13.833,0.9088,0.6,-0.6,158
416,13.867,0.9114,0.7,1.5,167
417,13.900,0.9103,0.7,0.0,164
418,13.933,0.9083,1.7,1.1,148
419,13.967,0.9050,1.2,0.1,151
420,14.000,0.9107,0.4,1.0,149
421,14.033,0.9104,0.5,-0.1,164
422,14.067,0.9083,1.4,0.9,144
423,14.100,0.9104,0.7,0.4,148
424,14.133,0.9000,2.4,-0.5,119
425,14.167,0.9094,0.5,0.0,170
426,14.200,0.9092,0.3,0.2,154
427,14.233,0.9106,0.8,0.9,150
428,14.267,0.9065,1.9,0.5,157
429,14.300,0.9089,0.1,-0.2,165
430,14.333,0.9095,0.3,-0.4,174
431,14.367,0.9099,0.6,-0.2,157
432,14.400,0.9093,0.9,0.1,167
433,14.433,0.9097,0.5,0.3,136
434,14.467,0.9102,0.5,0.6,165
435,14.500,0.9104,0.3,-0.2,166
436,14.533,0.9096,0.5,-0.5,173
437,14.567,0.9099,0.9,-0.2,141
438,14.600,0.9076,1.1,-0.7,163
439,14.633,0.9075,1.2,0.6,166
440,14.667,0.9058,1.6,-0.4,167
441,14.700,0.9064,1.4,-0.2,166
442,14.733,0.9093,0.8,-0.3,162
443,14.767,0.9126,-0.7,0.3,143
444,14.800,0.9127,-0.5,0.8,153
445,14.833,0.9091,0.7,0.6,167
446,14.867,0.9088,0.2,-0.0,182
447,14.900,0.9099,0.3,-0.4,217
448,14.933,0.9097,0.3,-0.6,219
449,14.967,0.9093,-0.0,-0.0,260
450,15.000,0.9090,-0.2,-0.7,248
451,15.033,0.9112,0.5,0.0,240
452,15.067,,,,0
453,15.100,,,,0
454,15.133,,,,0
455,15.167,,,,0
456,15.200,,,,0
457,15.233,,,,0
458,15.267,,,,0
459,15.300,,,,0
460,15.333,,,,0
461,15.367,,,,0
462,15.400,,,,0
463,15.433,,,,0
464,15.467,,,,0
465,15.500,,,,0
466,15.533,,,,0
467,15.567,,,,0
468,15.600,,,,0
469,15.633,,,,0
470,15.667,,,,0
471,15.700,,,,0
472,15.733,,,,0
473,15.767,,,,0
474,15.800,,,,0
475,15.833,,,,0
476,15.867,,,,0
477,15.900,,,,0
478,15.933,,,,0
479,15.967,,,,0
480,16.000,,,,0
481,16.033,,,,0
482,16.067,,,,0
483,16.100,,,,0
484,16.133,,,,0
485,16.167,,,,0
486,16.200,,,,0
487,16.233,,,,0
488,16.267,,,,0
489,16.300,,,,0
490,16.333,,,,0
491,16.367,,,,0
492,16.400,,,,0
493,16.433,,,,0
494,16.467,,,,0
495,16.500,,,,0
496,16.533,,,,0
497,16.567,,,,0
498,16.600,,,,0
499,16.633,,,,0
500,16.667,,,,0
501,16.700,,,,0
502,16.733,,,,0
503,16.767,,,,0
504,16.800,,,,0
505,16.833,,,,0
506,16.867,,,,0
507,16.900,,,,0
508,16.933,,,,0
509,16.967,,,,0
510,17.000,,,,0
511,17.033,,,,0
512,17.067,,,,0
513,17.100,,,,0
514,17.133,,,,0
515,17.167,,,,0
516,17.200,,,,0
517,17.233,,,,0
518,17.267,,,,0
519,17.300,,,,0
520,17.333,,,,0
521,17.367,,,,0
522,17.400,,,,0
523,17.433,,,,0
524,17.467,,,,0
525,17.500,,,,0
526,17.533,,,,0
527,17.567,,,,0
528,17.600,,,,0
529,17.633,,,,0
530,17.667,,,,0
531,17.700,,,,0
532,17.733,,,,0
533,17.767,,,,0
534,17.800,0.5474,0.6,-0.8,82
535,17.833,0.5469,0.3,-1.0,90
536,17.867,0.5548,-0.6,-0.5,102
537,17.900,0.5558,-0.4,-0.8,114
538,17.933,0.5628,0.0,-0.3,123
539,17.967,0.5749,-0.8,-0.4,107
540,18.000,0.5771,-0.5,-1.3,132
541,18.033,0.5882,-0.2,-0.6,163
542,18.067,0.5968,-0.4,-0.7,164
543,18.100,0.6094,-0.1,-0.5,184
544,18.133,0.6208,-0.2,-0.2,180
545,18.167,0.6321,-0.1,-0.6,177
546,18.200,0.6471,-0.4,-0.1,160
547,18.233,0.6596,0.0,-0.4,193
548,18.267,0.6724,0.2,-0.4,205
549,18.300,0.6832,0.7,-1.2,204
550,18.333,0.7005,0.5,-0.9,194
551,18.367,0.7146,-0.1,-0.2,229
552,18.400,0.7289,0.9,0.5,210
553,18.433,0.7438,-0.1,-0.2,202
554,18.467,0.7583,0.7,-0.3,190
555,18.500,0.7710,0.3,-0.6,217
556,18.533,0.7808,2.1,0.6,177
557,18.567,0.7996,0.2,-0.9,228
558,18.600,0.8123,0.4,-0.6,264
559,18.633,0.8251,-0.1,-0.6,228
560,18.667,0.8400,0.7,0.4,203
561,18.700,0.8480,0.0,-0.2,251
562,18.733,0.8596,0.5,-0.0,241
563,18.767,0.8645,1.5,-0.6,198
564,18.800,0.8756,0.6,0.3,230
565,18.833,0.8868,0.5,0.2,217
566,18.867,0.8931,0.6,0.1,231
567,18.900,0.8981,0.2,-0.7,209
568,18.933,0.9002,0.6,-0.5,240
569,18.967,0.9016,0.9,-0.6,231
570,19.000,0.9058,0.0,0.4,206
571,19.033,0.9049,1.4,-0.0,228
572,19.067,0.9045,0.5,-0.4,239
573,19.100,0.9082,-0.1,-0.1,225
574,19.133,0.9062,0.5,0.0,247
575,19.167,0.9048,0.8,-0.0,222
576,19.200,0.9096,0.2,-0.5,191
577,19.233,0.9046,0.1,-0.4,232
578,19.267,0.9067,0.7,-0.3,257
579,19.300,0.9076,0.2,-0.3,256
580,19.333,0.9069,0.7,-0.5,240
581,19.367,0.9070,0.7,-0.4,273
582,19.400,0.9077,0.3,0.1,269
583,19.433,0.9063,0.1,-0.7,275
584,19.467,0.9069,0.2,-0.2,288
585,19.500,0.9068,-0.1,-0.7,291
586,19.533,0.9085,0.0,-0.7,274
587,19.567,0.9075,1.0,-0.1,258
588,19.600,0.9082,0.0,-0.1,290
589,19.633,0.9060,0.9,-0.4,283
590,19.667,0.9095,0.0,-0.3,284
591,19.700,0.9101,-0.3,0.4,257
592,19.733,0.9073,-0.1,-0.2,268
593,19.767,0.9036,0.7,-0.9,260
594,19.800,0.9076,-0.6,-0.7,274
595,19.833,0.9087,-0.2,-0.5,297
596,19.867,0.9061,0.5,-0.5,281
597,19.900,0.9093,-0.5,-0.2,253
598,19.933,0.9071,-0.6,-0.4,270
599,19.967,0.9102,-0.2,0.1,292
600,20.000,0.9100,-0.3,-0.3,286
601,20.033,0.9111,-0.6,-0.4,274
602,20.067,1.1561,-0.5,43.0,239
603,20.100,1.1551,-0.4,42.0,210
604,20.133,1.1582,-0.5,42.6,189
605,20.167,1.1574,-1.2,43.8,227
606,20.200,1.1574,-0.2,43.6,232
607,20.233,1.1548,-0.1,42.8,246
608,20.267,1.1534,0.3,42.9,235
609,20.300,1.1574,-0.9,43.1,214
610,20.333,1.1558,-0.4,43.3,252
611,20.367,1.1536,0.4,42.3,213
612,20.400,1.1572,-0.6,44.0,207
613,20.433,1.1559,0.0,43.0,237
614,20.467,1.1577,-1.4,43.5,190
615,20.500,1.1554,-0.4,43.7,229
616,20.533,1.1554,-0.4,43.7,224
617,20.567,1.1531,-0.1,42.9,203
618,20.600,1.1561,-0.7,43.1,246
619,20.633,1.1552,-0.7,44.2,196
620,20.667,1.1586,-0.9,45.0,182
621,20.700,1.1550,-1.2,42.5,217
622,20.733,1.1547,-0.3,42.3,205
623,20.767,1.1537,-0.4,43.1,231
624,20.800,1.1555,-1.0,43.2,237
625,20.833,1.1525,0.8,43.1,206
626,20.867,1.1538,0.4,44.6,197
627,20.900,1.1574,-0.9,43.3,234
628,20.933,1.1572,-1.0,43.5,233
629,20.967,1.1539,0.4,42.8,230
630,21.000,1.1555,-0.3,42.8,240
631,21.033,1.1542,0.7,43.7,244
632,21.067,1.1523,1.0,43.1,225
633,21.100,1.1562,-0.3,43.6,226
634,21.133,1.1557,-0.9,43.0,234
635,21.167,1.1534,1.5,42.4,162
636,21.200,1.1562,-0.4,43.0,245
637,21.233,1.1533,1.0,43.6,221
638,21.267,1.1572,-0.5,44.6,211
639,21.300,1.1523,0.8,42.5,231
640,21.333,1.1552,-0.8,43.6,244
641,21.367,1.1551,-0.6,43.1,246
642,21.400,1.1559,0.3,43.9,233
643,21.433,1.1533,1.2,42.2,194
644,21.467,1.1558,-0.5,42.7,232
645,21.500,1.1546,0.1,43.1,233
646,21.533,1.1537,0.5,42.6,163
647,21.567,1.1508,1.1,42.6,40
648,21.600,,,,0
649,21.633,0.9089,0.4,-0.3,147
650,21.667,0.9091,0.3,-0.7,226
651,21.700,0.9084,0.3,-0.5,253
652,21.733,0.9087,0.2,-0.5,285
653,21.767,0.9085,-0.2,-1.5,243
654,21.800,0.9090,0.1,-0.4,286
655,21.833,0.9086,0.1,-1.0,288
656,21.867,0.9066,1.0,-0.5,262
657,21.900,0.9085,0.3,-0.3,271
658,21.933,0.9093,-0.5,-0.8,245
659,21.967,0.9059,1.1,-0.9,263
660,22.000,0.9100,-0.4,-1.0,246
661,22.033,0.9101,0.2,-1.0,250
662,22.067,0.9090,-0.3,-0.0,233
663,22.100,0.9111,0.6,-0.5,250
664,22.133,0.9135,-0.4,-0.1,221
665,22.167,0.9090,0.6,-1.0,259
666,22.200,0.9137,-0.3,0.2,204
667,22.233,0.9111,-0.3,-0.5,280
668,22.267,0.9104,0.3,-0.5,271
669,22.300,0.9080,0.3,-0.5,285
670,22.333,0.9089,-0.2,-0.8,269
671,22.367,0.9091,-0.2,-0.5,271
672,22.400,0.9097,0.7,-0.7,274
673,22.433,0.9081,0.1,-0.4,289
674,22.467,0.9095,0.3,-0.5,303
675,22.500,0.9084,0.3,0.1,256
676,22.533,0.9110,0.1,-0.6,272
677,22.567,0.9101,0.2,-0.3,282
678,22.600,0.9103,0.3,-0.5,274
679,22.633,0.9095,0.4,-0.4,300
680,22.667,0.9116,-0.5,-0.6,257
681,22.700,0.9061,1.4,-0.5,261
682,22.733,0.9106,-0.6,-1.0,257
683,22.767,0.9077,-0.1,-0.8,266
684,22.800,0.9087,0.5,-0.7,290
685,22.833,0.9093,0.0,-0.6,300
686,22.867,0.9051,0.7,-1.7,231
687,22.900,0.9079,0.3,-0.1,268
688,22.933,0.9063,1.2,-0.3,264
689,22.967,0.9093,0.2,-0.9,289
690,23.000,0.9089,0.9,-0.1,274
691,23.033,0.9088,0.7,-0.2,212
692,23.067,0.9075,0.1,-0.6,245
693,23.100,0.9091,1.0,-0.2,230
694,23.133,0.9072,0.9,-0.5,254
695,23.167,0.9096,-0.4,-0.4,230
696,23.200,0.9108,0.4,0.0,208
697,23.233,0.9100,-0.2,-0.2,230
698,23.267,0.9094,-0.1,-1.2,235
699,23.300,0.9088,0.1,-0.5,246
700,23.333,0.9098,-0.0,-0.2,245
701,23.367,0.9086,-0.2,-0.4,229
702,23.400,0.9090,1.2,1.7,208
703,23.433,0.9064,1.3,-0.3,224
704,23.467,0.9100,-0.0,-1.1,242
705,23.500,0.9107,-0.3,-0.3,239
706,23.533,0.9081,-0.0,-1.8,208
707,23.567,0.9055,2.0,-0.2,213
708,23.600,0.9090,-0.0,-0.9,244
709,23.633,0.9094,0.3,0.1,223
710,23.667,0.9072,0.2,-1.2,216
711,23.700,0.9068,1.2,-0.5,234
712,23.733,0.9089,-0.1,-1.5,212
713,23.767,0.9126,-0.4,0.2,217
714,23.800,0.9094,-0.2,-0.6,208
715,23.833,0.9089,0.2,-0.1,233
716,23.867,0.9094,-0.1,-0.2,236
717,23.900,0.9054,1.7,-0.5,196
718,23.933,0.9100,0.1,-0.2,236
719,23.967,0.9078,-0.0,-0.4,163
720,24.000,0.9081,-0.3,-1.0,212
721,24.033,0.9100,0.5,-0.6,179
722,24.067,0.9098,0.4,-0.2,225
723,24.100,0.9103,0.3,-0.2,227
724,24.133,0.9109,-0.4,-0.0,223
725,24.167,0.9093,0.2,-0.5,239
726,24.200,0.9079,0.1,-1.6,189
727,24.233,0.9084,0.5,0.4,205
728,24.267,0.9107,0.1,-0.3,239
729,24.300,0.9097,-0.4,-0.6,224
730,24.333,0.9069,1.3,0.1,208
731,24.367,0.9114,1.0,2.1,170
732,24.400,0.9095,0.4,-0.4,189
733,24.433,0.9100,-0.2,-0.2,237
734,24.467,0.9089,-0.4,-0.8,216
735,24.500,0.9110,0.1,-0.5,240
736,24.533,0.9092,-0.7,-0.7,202
737,24.567,0.9108,-0.6,-0.3,221
738,24.600,0.9108,-0.3,-0.2,239
739,24.633,0.9100,-0.1,-0.3,234
740,24.667,0.9100,-0.2,-0.3,243
741,24.700,0.9105,-0.6,-0.5,224
742,24.733,0.9085,-0.1,-0.8,226
743,24.767,0.9097,-0.5,-0.7,238
744,24.800,0.9097,-0.1,-1.1,231
745,24.833,0.9111,0.5,-0.3,219
746,24.867,0.9100,0.1,-0.4,251
747,24.900,0.9080,0.4,-0.2,214
748,24.933,0.9093,-0.1,-0.4,230
749,24.967,0.9101,-0.1,-0.2,235
750,25.000,0.9110,-0.1,-0.4,258
751,25.033,0.9102,-0.1,-0.8,257
752,25.067,1.0824,0.5,33.1,211
753,25.100,1.0841,-0.6,33.6,197
754,25.133,1.0855,-0.1,33.0,211
755,25.167,1.0852,-0.3,33.7,193
756,25.200,1.0836,0.9,34.0,192
757,25.233,1.0841,-0.0,33.4,219
758,25.267,1.0853,0.4,33.3,198
759,25.300,1.0839,1.1,33.2,207
760,25.333,1.0793,1.0,32.8,198
761,25.367,1.0817,-0.2,33.1,199
762,25.400,1.0820,0.6,32.7,195
763,25.433,1.0840,-0.4,33.1,215
764,25.467,1.0836,0.0,32.6,206
765,25.500,1.0827,0.6,33.5,215
766,25.533,1.0843,-0.2,33.3,195
767,25.567,1.0818,0.4,33.2,211
768,25.600,1.0865,-0.3,33.2,176
769,25.633,1.0804,1.1,33.4,201
770,25.667,1.0874,-1.1,33.1,167
771,25.700,1.0800,1.2,31.6,166
772,25.733,1.0816,1.1,33.5,195
773,25.767,1.0817,-0.7,32.4,150
774,25.800,1.0785,0.6,31.8,168
775,25.833,1.0822,0.9,33.2,209
776,25.867,1.0826,0.5,33.3,220
777,25.900,1.0838,-0.6,32.8,197
778,25.933,1.0807,0.2,32.7,180
779,25.967,1.0825,-0.4,33.5,176
780,26.000,1.0863,-1.0,33.4,169
781,26.033,1.0817,1.1,34.2,145
782,26.067,1.0834,0.4,33.0,223
783,26.100,1.0811,0.1,33.3,160
784,26.133,1.0795,0.8,33.1,184
785,26.167,0.9093,0.0,-0.5,245
786,26.200,0.9089,0.6,-0.4,191
787,26.233,0.9100,0.0,-0.7,248
788,26.267,0.9111,0.2,-1.1,233
789,26.300,0.9092,0.5,-0.8,268
790,26.333,0.9145,-0.8,-0.9,176
791,26.367,0.9102,0.7,0.1,218
792,26.400,0.9097,0.6,-0.1,215
793,26.433,0.9086,-0.4,-1.0,223
794,26.467,0.9090,-0.2,-0.7,244
795,26.500,0.9109,-0.3,-0.4,240
796,26.533,0.9098,0.2,-1.0,249
797,26.567,0.9101,-0.3,-0.3,231
798,26.600,0.9049,1.3,-1.4,221
799,26.633,0.9084,-0.3,-1.5,198
800,26.667,0.9103,0.2,-0.7,260
801,26.700,0.9094,-0.0,-0.3,244
802,26.733,0.9107,-0.4,-0.4,229
803,26.767,0.9093,0.5,-0.4,257
804,26.800,0.9094,0.0,-0.6,250
805,26.833,0.9094,0.2,-0.2,249
806,26.867,0.9099,0.1,-0.0,236
807,26.900,0.9106,0.2,-0.1,234
808,26.933,0.9084,-0.1,-1.2,214
809,26.967,0.9095,0.1,-0.6,246
810,27.000,0.9109,-0.2,-0.5,235
811,27.033,0.9107,0.2,-0.4,238
812,27.067,0.9105,0.3,-0.7,249
813,27.100,0.9062,0.7,-0.8,198
814,27.133,0.9082,0.5,-1.1,159
815,27.167,0.9086,-0.1,-0.2,124
816,27.200,0.9098,-0.2,0.4,88
817,27.233,0.9102,-0.2,-0.5,64
818,27.267,,,,0
819,27.300,,,,0
820,27.333,,,,0
821,27.367,,,,0
822,27.400,,,,0
823,27.433,,,,0
824,27.467,,,,0
825,27.500,,,,0
826,27.533,,,,0
827,27.567,,,,0
828,27.600,,,,0
829,27.633,,,,0
830,27.667,,,,0
831,27.700,,,,0
832,27.733,,,,0
833,27.767,,,,0
834,27.800,,,,0
835,27.833,,,,0
836,27.867,,,,0
837,27.900,,,,0
838,27.933,,,,0
839,27.967,,,,0
840,28.000,,,,0
841,28.033,,,,0
842,28.067,,,,0
843,28.100,,,,0
844,28.133,,,,0
845,28.167,,,,0
846,28.200,,,,0
847,28.233,,,,0
848,28.267,,,,0
849,28.300,,,,0
850,28.333,,,,0
851,28.367,,,,0
852,28.400,,,,0
853,28.433,,,,0
854,28.467,,,,0
855,28.500,,,,0
856,28.533,,,,0
857,28.567,,,,0
858,28.600,,,,0
859,28.633,,,,0
860,28.667,,,,0
861,28.700,,,,0
862,28.733,,,,0
863,28.767,,,,0
864,28.800,,,,0
865,28.833,,,,0
866,28.867,,,,0
867,28.900,,,,0
868,28.933,,,,0
869,28.967,,,,0
870,29.000,,,,0
871,29.033,,,,0
872,29.067,,,,0
873,29.100,,,,0
874,29.133,,,,0
875,29.167,,,,0
876,29.200,,,,0
877,29.233,,,,0
878,29.267,,,,0
879,29.300,,,,0
880,29.333,,,,0
881,29.367,,,,0
882,29.400,,,,0
883,29.433,,,,0
884,29.467,,,,0
885,29.500,,,,0
886,29.533,,,,0
887,29.567,,,,0
888,29.600,,,,0
889,29.633,,,,0
890,29.667,,,,0
891,29.700,,,,0
892,29.733,,,,0
893,29.767,,,,0
894,29.800,,,,0
895,29.833,,,,0
896,29.867,,,,0
897,29.900,,,,0
898,29.933,,,,0
899,29.967,,,,0
900,30.000,,,,0
901,30.033,,,,0
902,30.067,,,,0
903,30.100,,,,0
904,30.133,,,,0
905,30.167,,,,0
906,30.200,,,,0
907,30.233,,,,0
908,30.267,,,,0
909,30.300,,,,0
910,30.333,,,,0
911,30.367,,,,0
912,30.400,,,,0
913,30.433,,,,0
914,30.467,,,,0
915,30.500,,,,0
916,30.533,,,,0
917,30.567,,,,0
918,30.600,,,,0
919,30.633,,,,0
920,30.667,,,,0
921,30.700,,,,0
922,30.733,,,,0
923,30.767,,,,0
924,30.800,,,,0
925,30.833,,,,0
926,30.867,,,,0
927,30.900,,,,0
928,30.933,,,,0
929,30.967,,,,0
930,31.000,,,,0
931,31.033,,,,0
932,31.067,,,,0
933,31.100,,,,0
934,31.133,,,,0
935,31.167,,,,0
936,31.200,,,,0
937,31.233,,,,0
938,31.267,,,,0
939,31.300,,,,0
940,31.333,,,,0
941,31.367,,,,0
942,31.400,,,,0
943,31.433,,,,0
944,31.467,,,,0
945,31.500,,,,0
946,31.533,,,,0
947,31.567,,,,0
948,31.600,,,,0
949,31.633,,,,0
950,31.667,,,,0
951,31.700,,,,0
952,31.733,,,,0
953,31.767,,,,0
954,31.800,,,,0
955,31.833,,,,0
956,31.867,,,,0
957,31.900,,,,0
958,31.933,,,,0
959,31.967,,,,0
960,32.000,,,,0
961,32.033,,,,0
962,32.067,,,,0
963,32.100,,,,0
964,32.133,,,,0
965,32.167,,,,0
966,32.200,,,,0
967,32.233,,,,0
968,32.267,,,,0
969,32.300,,,,0
970,32.333,,,,0
971,32.367,,,,0
972,32.400,,,,0
973,32.433,,,,0
974,32.467,,,,0
975,32.500,,,,0
976,32.533,,,,0
977,32.567,,,,0
978,32.600,,,,0
979,32.633,,,,0
980,32.667,,,,0
981,32.700,,,,0
982,32.733,,,,0
983,32.767,,,,0
984,32.800,,,,0
985,32.833,,,,0
986,32.867,,,,0
987,32.900,,,,0
988,32.933,,,,0
989,32.967,,,,0
990,33.000,,,,0
991,33.033,,,,0
992,33.067,,,,0
993,33.100,,,,0
994,33.133,,,,0
995,33.167,,,,0
996,33.200,,,,0
997,33.233,,,,0
998,33.267,,,,0
999,33.300,,,,0
1000,33.333,,,,0
1001,33.367,,,,0
1002,33.400,,,,0
1003,33.433,,,,0
1004,33.467,,,,0
1005,33.500,,,,0
1006,33.533,,,,0
1007,33.567,,,,0
1008,33.600,,,,0
1009,33.633,,,,0
1010,33.667,,,,0
1011,33.700,,,,0
1012,33.733,,,,0
1013,33.767,,,,0
1014,33.800,,,,0
1015,33.833,,,,0
1016,33.867,,,,0
1017,33.900,,,,0
1018,33.933,,,,0
1019,33.967,,,,0
1020,34.000,,,,0
1021,34.033,,,,0
1022,34.067,,,,0
1023,34.100,,,,0
1024,34.133,,,,0
1025,34.167,,,,0
1026,34.200,,,,0
1027,34.233,,,,0
1028,34.267,,,,0
1029,34.300,,,,0
1030,34.333,,,,0
1031,34.367,,,,0
1032,34.400,,,,0
1033,34.433,,,,0
1034,34.467,,,,0
1035,34.500,,,,0
1036,34.533,,,,0
1037,34.567,,,,0
1038,34.600,,,,0
1039,34.633,,,,0
1040,34.667,,,,0
1041,34.700,,,,0
1042,34.733,,,,0
1043,34.767,,,,0
1044,34.800,,,,0
1045,34.833,,,,0
1046,34.867,,,,0
1047,34.900,,,,0
1048,34.933,,,,0
1049,34.967,,,,0
1050,35.000,,,,0
1051,35.033,1.1866,-0.5,108.8,186
1052,35.067,1.1840,0.4,107.9,213
1053,35.100,1.1780,3.3,107.3,178
1054,35.133,1.1750,2.6,106.4,188
1055,35.167,1.1856,-0.1,108.6,206
1056,35.200,1.1799,1.2,107.4,193
1057,35.233,1.1843,1.2,109.2,210
1058,35.267,1.1823,1.9,109.3,200
1059,35.300,1.1763,2.3,106.4,192
1060,35.333,1.1827,0.1,108.3,179
1061,35.367,1.1774,3.7,107.0,152
1062,35.400,1.1780,1.4,108.3,166
1063,35.433,1.1850,0.4,107.7,202
1064,35.467,1.1838,0.9,110.0,180
1065,35.500,1.1852,0.8,109.1,202
1066,35.533,1.1853,0.7,107.5,194
1067,35.567,1.1824,0.6,108.1,193
1068,35.600,1.1852,2.2,108.6,149
1069,35.633,1.1849,1.2,110.4,184
1070,35.667,1.1848,0.3,107.3,189
1071,35.700,1.1840,1.0,108.2,160
1072,35.733,1.1877,-0.1,109.6,172
1073,35.767,1.1748,3.1,107.6,173
1074,35.800,1.1773,2.2,106.6,177
1075,35.833,1.1838,1.7,109.6,175
1076,35.867,1.1852,-0.3,108.2,183
1077,35.900,1.1812,0.8,108.0,185
1078,35.933,1.1861,-0.1,108.1,186
1079,35.967,1.1844,-0.3,107.9,176
1080,36.000,1.1882,-0.6,109.3,167
1081,36.033,1.1808,1.2,109.3,175
1082,36.067,1.1751,2.8,107.8,170
1083,36.100,1.1832,1.0,108.3,187
1084,36.133,1.1817,1.2,108.0,197
1085,36.167,1.1833,2.0,109.9,177
1086,36.200,1.1873,0.2,108.3,183
1087,36.233,1.1855,0.9,110.4,174
1088,36.267,1.1835,0.2,107.5,182
1089,36.300,1.1800,1.1,107.8,181
1090,36.333,1.1827,0.9,107.5,186
1091,36.367,1.1864,0.1,109.6,178
1092,36.400,1.1820,2.0,109.4,180
1093,36.433,1.1815,1.5,108.8,204
1094,36.467,1.1815,1.7,109.7,194
1095,36.500,1.1871,0.8,108.0,158
1096,36.533,1.1791,1.9,106.9,178
1097,36.567,1.1815,1.9,107.0,172
1098,36.600,1.1771,2.5,107.9,172
1099,36.633,1.1866,-0.1,108.1,189
1100,36.667,1.1841,0.9,110.2,174
1101,36.700,1.1831,1.1,109.5,153
1102,36.733,1.1833,1.5,107.7,183
1103,36.767,,,,0
1104,36.800,,,,0
1105,36.833,,,,0
1106,36.867,,,,0
1107,36.900,,,,0
1108,36.933,,,,0
1109,36.967,,,,0
1110,37.000,,,,0
1111,37.033,,,,0
1112,37.067,,,,0
1113,37.100,,,,0
1114,37.133,,,,0
1115,37.167,,,,0
1116,37.200,,,,0
1117,37.233,,,,0
1118,37.267,,,,0
1119,37.300,,,,0
1120,37.333,,,,0
1121,37.367,,,,0
1122,37.400,,,,0
1123,37.433,,,,0
1124,37.467,,,,0
1125,37.500,,,,0
1126,37.533,,,,0
1127,37.567,,,,0
1128,37.600,,,,0
1129,37.633,,,,0
1130,37.667,,,,0
1131,37.700,,,,0
1132,37.733,,,,0
1133,37.767,,,,0
1134,37.800,,,,0
1135,37.833,,,,0
1136,37.867,,,,0
1137,37.900,,,,0
1138,37.933,,,,0
1139,37.967,,,,0
1140,38.000,,,,0
1141,38.033,,,,0
1142,38.067,,,,0
1143,38.100,,,,0
1144,38.133,,,,0
1145,38.167,,,,0
1146,38.200,,,,0
1147,38.233,,,,0
1148,38.267,,,,0
1149,38.300,,,,0
1150,38.333,,,,0
1151,38.367,,,,0
1152,38.400,,,,0
1153,38.433,,,,0
1154,38.467,,,,0
1155,38.500,,,,0
1156,38.533,,,,0
1157,38.567,,,,0
1158,38.600,,,,0
1159,38.633,,,,0
1160,38.667,,,,0
1161,38.700,,,,0
1162,38.733,,,,0
1163,38.767,,,,0
1164,38.800,,,,0
1165,38.833,,,,0
1166,38.867,,,,0
1167,38.900,,,,0
1168,38.933,,,,0
1169,38.967,,,,0
1170,39.000,,,,0
1171,39.033,,,,0
1172,39.067,,,,0
1173,39.100,,,,0
1174,39.133,,,,0
1175,39.167,,,,0
1176,39.200,,,,0
1177,39.233,,,,0
1178,39.267,0.9113,0.4,-0.7,164
1179,39.300,0.9093,-0.2,-0.8,200
1180,39.333,0.9048,0.7,-1.7,181
1181,39.367,0.9104,-0.3,-0.7,221
1182,39.400,0.9085,-0.1,-0.8,214
1183,39.433,0.9089,-0.1,-1.1,214
1184,39.467,0.9092,-0.0,-0.7,204
1185,39.500,0.9091,0.4,-1.0,212
1186,39.533,0.9117,-0.4,-1.1,191
1187,39.567,0.9081,-0.4,-1.4,167
1188,39.600,0.9103,0.3,-0.9,202
1189,39.633,0.9107,0.5,-1.0,170
1190,39.667,0.9103,-0.9,-2.0,175
1191,39.700,0.9089,-0.6,-1.2,183
1192,39.733,0.9107,-0.5,-1.0,188
1193,39.767,0.9088,0.1,-1.2,214
1194,39.800,0.9085,0.3,-0.6,213
1195,39.833,0.9072,0.3,-1.3,204
1196,39.867,0.9059,1.6,-0.5,209
1197,39.900,0.9090,0.5,-0.7,242
1198,39.933,0.9095,0.5,-1.5,203
1199,39.967,0.9100,0.8,-0.9,214
1200,40.000,0.9115,0.4,-0.1,191
1201,40.033,0.9147,-1.7,-1.2,165
1202,40.067,0.9084,0.6,-1.1,213
1203,40.100,0.9108,0.6,-0.6,186
1204,40.133,0.9087,0.6,-0.9,218
1205,40.167,0.9057,1.4,-0.7,201
1206,40.200,0.9104,-0.7,-2.5,130
1207,40.233,0.9116,0.4,-0.5,123
1208,40.267,0.9110,0.1,-1.8,100
1209,40.300,0.9103,1.6,0.8,58
1210,40.333,0.9133,1.2,-1.6,55
1211,40.367,0.9239,-12.1,-18.5,48
1212,40.400,0.9297,-10.5,-16.6,59
1213,40.433,0.9092,-4.3,-17.9,43
1214,40.467,,,,0
1215,40.500,,,,0
1216,40.533,,,,0
1217,40.567,,,,0
1218,40.600,,,,0
1219,40.633,,,,0
1220,40.667,,,,0
1221,40.700,,,,0
1222,40.733,,,,0
1223,40.767,,,,0
1224,40.800,,,,0
1225,40.833,,,,0
1226,40.867,,,,0
1227,40.900,,,,0
1228,40.933,,,,0
1229,40.967,,,,0
1230,41.000,,,,0
1231,41.033,,,,0
1232,41.067,,,,0
1233,41.100,,,,0
1234,41.133,,,,0
1235,41.167,,,,0
1236,41.200,,,,0
1237,41.233,,,,0
1238,41.267,,,,0
1239,41.300,,,,0
1240,41.333,,,,0
1241,41.367,,,,0
1242,41.400,,,,0
1243,41.433,,,,0
1244,41.467,,,,0
1245,41.500,,,,0
1246,41.533,,,,0
1247,41.567,,,,0
1248,41.600,0.9062,1.4,-1.1,124
1249,41.633,0.9086,0.7,-1.1,153
1250,41.667,0.9102,0.2,-0.2,177
1251,41.700,0.9102,0.9,-0.5,192
1252,41.733,0.9101,0.3,-0.1,199
1253,41.767,0.9095,1.0,-0.9,211
1254,41.800,0.9082,0.2,-1.0,205
1255,41.833,0.9094,1.0,-0.6,222
1256,41.867,0.9129,-0.8,-0.4,182
1257,41.900,0.9095,-0.2,-0.6,218
1258,41.933,0.9096,-0.2,-0.7,208
1259,41.967,0.9095,1.3,-0.9,213
1260,42.000,0.9094,0.0,-0.5,262
1261,42.033,1.1418,2.4,68.9,199
1262,42.067,1.1453,0.6,68.5,232
1263,42.100,1.1455,-0.8,68.1,177
1264,42.133,1.1414,2.4,67.9,202
1265,42.167,1.1483,0.7,69.0,225
1266,42.200,1.1490,-0.8,68.5,201
1267,42.233,1.1441,1.5,68.5,220
1268,42.267,1.1485,-0.0,69.2,217
1269,42.300,1.1470,0.3,68.5,244
1270,42.333,1.1481,-1.0,68.0,193
1271,42.367,1.1463,0.2,68.4,242
1272,42.400,1.1467,-0.5,68.2,197
1273,42.433,1.1471,-0.8,69.1,189
1274,42.467,1.1497,0.7,69.0,202
1275,42.500,1.1400,1.3,66.3,191
1276,42.533,1.1434,1.9,68.9,213
1277,42.567,1.1464,0.5,68.4,229
1278,42.600,1.1463,0.7,69.1,219
1279,42.633,1.1472,1.5,68.5,225
1280,42.667,1.1472,1.1,69.0,227
1281,42.700,1.1471,1.4,70.0,225
1282,42.733,1.1502,-0.8,68.3,224
1283,42.767,1.1473,0.7,68.7,251
1284,42.800,1.1475,0.8,68.9,238
1285,42.833,1.1463,-0.5,67.7,203
1286,42.867,1.1480,-0.5,68.3,224
1287,42.900,1.1504,0.6,69.5,232
1288,42.933,1.1460,0.4,67.2,214
1289,42.967,1.1482,-0.4,69.1,239
1290,43.000,1.1483,0.8,69.3,232
1291,43.033,1.1465,0.6,68.0,251
1292,43.067,1.1486,0.1,69.7,250
1293,43.100,1.1475,0.5,69.4,256
1294,43.133,1.1510,-0.4,69.3,225
1295,43.167,1.1563,-2.7,67.3,156
1296,43.200,1.1502,-0.6,69.3,231
1297,43.233,1.1461,0.3,68.1,238
1298,43.267,1.1449,-0.2,67.4,215
1299,43.300,1.1467,1.4,69.2,233
1300,43.333,1.1486,0.0,68.5,239
1301,43.367,1.1481,1.1,69.7,224
1302,43.400,1.1476,-0.3,68.1,235
1303,43.433,1.1468,0.7,67.9,232
1304,43.467,1.1454,0.5,68.3,250
1305,43.500,1.1481,-0.3,69.1,242
1306,43.533,1.1469,1.0,68.6,261
1307,43.567,1.1478,0.3,69.2,225
1308,43.600,1.1468,0.3,68.1,237
1309,43.633,1.1468,1.1,69.8,230
1310,43.667,1.1460,1.2,69.4,239
1311,43.700,1.1482,0.1,69.6,245
1312,43.733,1.1486,0.2,68.6,237
1313,43.767,1.1451,1.3,69.1,238
1314,43.800,1.1431,1.7,68.6,214
1315,43.833,1.1478,1.3,68.8,229
1316,43.867,1.1487,-0.3,68.3,235
1317,43.900,1.1456,-0.1,69.4,212
1318,43.933,1.1514,-1.3,68.9,204
1319,43.967,1.1478,-0.1,69.2,247
1320,44.000,1.1511,-0.4,69.4,207
1321,44.033,1.1470,0.1,69.1,245
1322,44.067,1.1470,0.6,69.5,246
1323,44.100,1.1471,0.0,68.7,253
1324,44.133,1.1437,1.8,69.0,195
1325,44.167,1.1508,-0.8,69.7,206
1326,44.200,1.1429,1.8,68.0,214
1327,44.233,1.1477,1.0,69.6,230
1328,44.267,1.1482,-0.0,69.5,236
1329,44.300,1.1505,-0.2,69.7,235
1330,44.333,1.1465,0.9,70.2,205
1331,44.367,1.1478,0.4,68.5,250
1332,44.400,1.1475,1.0,69.6,231
1333,44.433,1.1457,-0.2,67.8,210
1334,44.467,1.1469,0.5,67.9,233
1335,44.500,1.1488,0.4,69.5,224
1336,44.533,1.1479,1.0,69.5,226
1337,44.567,1.1479,0.3,69.4,242
1338,44.600,1.1479,1.7,68.9,198
1339,44.633,1.1491,-0.6,68.5,224
1340,44.667,1.1482,0.5,68.1,216
1341,44.700,1.1477,0.7,68.2,235
1342,44.733,1.1482,0.9,68.7,226
1343,44.767,1.1469,1.2,69.0,222
1344,44.800,1.1477,0.7,68.5,249
1345,44.833,1.1470,-0.1,68.5,244
1346,44.867,1.1465,0.7,68.1,228
1347,44.900,1.1458,1.1,68.2,237
1348,44.933,1.1520,-0.8,69.9,200
1349,44.967,1.1428,1.6,68.7,223
1350,45.000,,,,0
1351,45.033,,,,0
1352,45.067,,,,0
1353,45.100,,,,0
1354,45.133,,,,0
1355,45.167,,,,0
1356,45.200,,,,0
1357,45.233,,,,0
1358,45.267,,,,0
1359,45.300,,,,0
1360,45.333,,,,0
1361,45.367,,,,0
1362,45.400,,,,0
1363,45.433,,,,0
1364,45.467,,,,0
1365,45.500,,,,0
1366,45.533,,,,0
1367,45.567,,,,0
1368,45.600,,,,0
1369,45.633,,,,0
1370,45.667,,,,0
1371,45.700,,,,0
1372,45.733,,,,0
1373,45.767,,,,0
1374,45.800,,,,0
1375,45.833,,,,0
1376,45.867,,,,0
1377,45.900,,,,0
1378,45.933,,,,0
1379,45.967,,,,0
1380,46.000,,,,0
1381,46.033,,,,0
1382,46.067,,,,0
1383,46.100,,,,0
1384,46.133,,,,0
1385,46.167,,,,0
1386,46.200,,,,0
1387,46.233,,,,0
1388,46.267,,,,0
1389,46.300,,,,0
1390,46.333,,,,0
1391,46.367,,,,0
1392,46.400,,,,0
1393,46.433,,,,0
1394,46.467,,,,0
1395,46.500,,,,0
1396,46.533,,,,0
1397,46.567,,,,0
1398,46.600,,,,0
1399,46.633,,,,0
1400,46.667,,,,0
1401,46.700,,,,0
1402,46.733,,,,0
1403,46.767,,,,0
1404,46.800,,,,0
1405,46.833,,,,0
1406,46.867,,,,0
1407,46.900,,,,0
1408,46.933,,,,0
1409,46.967,,,,0
1410,47.000,,,,0
1411,47.033,,,,0
1412,47.067,,,,0
1413,47.100,,,,0
1414,47.133,,,,0
1415,47.167,,,,0
1416,47.200,,,,0
1417,47.233,,,,0
1418,47.267,,,,0
1419,47.300,,,,0
1420,47.333,,,,0
1421,47.367,,,,0
1422,47.400,,,,0
1423,47.433,,,,0
1424,47.467,,,,0
1425,47.500,,,,0
1426,47.533,,,,0
1427,47.567,,,,0
1428,47.600,,,,0
1429,47.633,,,,0
1430,47.667,,,,0
1431,47.700,,,,0
1432,47.733,,,,0
1433,47.767,,,,0
1434,47.800,,,,0
1435,47.833,,,,0
1436,47.867,,,,0
1437,47.900,,,,0
1438,47.933,,,,0
1439,47.967,,,,0
1440,48.000,,,,0
1441,48.033,,,,0
1442,48.067,,,,0
1443,48.100,,,,0
1444,48.133,,,,0
1445,48.167,,,,0
1446,48.200,,,,0
1447,48.233,,,,0
1448,48.267,,,,0
1449,48.300,,,,0
1450,48.333,,,,0
1451,48.367,,,,0
1452,48.400,,,,0
1453,48.433,,,,0
1454,48.467,,,,0
1455,48.500,,,,0
1456,48.533,,,,0
1457,48.567,,,,0
1458,48.600,,,,0
1459,48.633,,,,0
1460,48.667,,,,0
1461,48.700,,,,0
1462,48.733,,,,0
1463,48.767,,,,0
1464,48.800,,,,0
1465,48.833,,,,0
1466,48.867,0.9060,0.6,-1.9,246
1467,48.900,0.9057,1.1,-0.3,247
1468,48.933,0.9087,0.2,-0.3,268
1469,48.967,0.9078,0.0,-0.3,242
1470,49.000,0.9096,0.2,-0.9,275
1471,49.033,0.9093,1.0,-0.4,259
1472,49.067,0.9118,0.0,-0.6,258
1473,49.100,0.9084,-0.1,-0.9,278
1474,49.133,0.9110,-0.6,-1.0,266
1475,49.167,0.9100,0.0,-0.2,270
1476,49.200,0.9100,0.6,-0.1,259
1477,49.233,0.9099,1.0,-0.3,237
1478,49.267,0.9032,1.2,-1.2,241
1479,49.300,0.9053,1.3,-1.4,270
1480,49.333,0.9099,-0.1,-1.0,268
1481,49.367,0.9059,1.2,-0.5,261
1482,49.400,0.9091,0.3,-1.5,280
1483,49.433,0.9096,-0.1,-0.7,289
1484,49.467,0.9114,0.1,-0.7,250
1485,49.500,0.9087,-0.3,-1.1,284
1486,49.533,0.9101,0.5,-0.8,249
1487,49.567,0.9098,0.5,-1.0,304
1488,49.600,0.9108,0.1,-1.2,284
1489,49.633,0.9113,-0.2,-0.9,284
1490,49.667,0.9096,0.1,-0.6,305
1491,49.700,0.9062,1.1,-0.9,281
1492,49.733,0.9081,1.2,-0.1,221
1493,49.767,0.9095,0.1,-0.7,299
1494,49.800,0.9083,0.0,-2.0,250
1495,49.833,0.9113,0.8,-1.0,246
1496,49.867,0.9112,-0.1,-1.2,241
1497,49.900,0.9086,0.1,-0.6,280
1498,49.933,0.9059,0.5,-1.7,245
1499,49.967,0.9083,1.1,-0.7,276
1500,50.000,0.9034,2.0,-1.4,253
1501,50.033,0.9105,0.9,0.0,237
1502,50.067,0.9099,0.4,-0.4,292
1503,50.100,0.9059,1.6,-0.5,256
1504,50.133,0.9079,-0.3,-1.0,259
1505,50.167,0.9095,0.1,-1.2,287
1506,50.200,0.9100,0.7,0.4,248
1507,50.233,0.9093,1.3,0.4,231
1508,50.267,0.9118,-0.5,-0.7,261
1509,50.300,0.9098,-0.0,-1.0,287
1510,50.333,0.9082,0.5,-0.2,283
1511,50.367,0.9094,-0.2,-0.8,269
1512,50.400,0.9108,1.0,-0.0,260
1513,50.433,0.9099,0.3,-0.6,288
1514,50.467,0.9106,0.8,-0.3,268
1515,50.500,0.9091,-0.0,-0.3,277
1516,50.533,0.9101,-0.1,-0.7,287
1517,50.567,0.9090,0.9,-1.0,279
1518,50.600,0.9098,0.5,-0.9,303
1519,50.633,0.9099,0.1,-1.2,267
1520,50.667,0.9090,0.4,-0.7,305
1521,50.700,0.9080,0.0,-1.2,247
1522,50.733,0.9095,-0.4,-1.1,265
1523,50.767,0.9103,-0.3,-0.6,281
1524,50.800,0.9100,0.5,-0.5,253
1525,50.833,0.9096,-0.0,-0.9,292
1526,50.867,0.9099,-0.1,-0.5,262
1527,50.900,0.9082,0.0,-1.3,272
1528,50.933,0.9096,0.0,-0.4,286
1529,50.967,0.9106,0.5,0.2,255
1530,51.000,0.9105,-0.2,-0.8,241
1531,51.033,0.9093,0.2,-0.6,283
1532,51.067,0.9099,0.5,0.1,262
1533,51.100,0.9107,-0.1,-0.4,254
1534,51.133,0.9099,0.2,-0.6,269
1535,51.167,0.9074,-0.2,-2.8,219
1536,51.200,0.9091,0.1,-1.4,249
1537,51.233,0.9105,0.1,-0.9,252
1538,51.267,0.9089,-0.7,-0.7,202
1539,51.300,0.9027,2.3,-1.1,205
1540,51.333,0.9095,0.4,0.2,230
1541,51.367,0.9096,0.3,-0.9,256
1542,51.400,0.9101,0.2,-0.9,271
1543,51.433,0.9072,1.5,-0.9,240
1544,51.467,0.9095,0.3,-0.9,226
1545,51.500,0.9010,1.4,-2.3,183
1546,51.533,0.9090,0.1,-1.4,237
1547,51.567,0.9089,0.1,-1.3,233
1548,51.600,0.9108,-0.1,-0.7,229
1549,51.633,0.9085,-0.4,-1.4,199
1550,51.667,0.9097,-0.1,-0.8,237
1551,51.700,0.9088,0.1,-1.4,215
1552,51.733,0.9098,-0.0,-0.7,216
1553,51.767,0.9093,0.1,-2.4,182
1554,51.800,0.9117,-0.6,-0.7,213
1555,51.833,0.9102,0.1,-0.8,243
1556,51.867,0.9071,-0.2,-0.9,195
1557,51.900,0.9109,0.4,0.2,172
1558,51.933,0.9105,0.5,-1.2,207
1559,51.967,0.9110,-0.8,-0.9,207
1560,52.000,0.9107,-0.7,-1.4,206
1561,52.033,0.9096,-0.3,-1.3,221
1562,52.067,0.9098,0.3,-0.9,262
1563,52.100,0.9096,-0.0,-0.6,261
1564,52.133,0.9102,0.4,-0.7,266
1565,52.167,0.9102,-0.0,-0.2,249
1566,52.200,0.9104,0.0,-0.3,252
1567,52.233,0.9111,0.4,-0.5,239
1568,52.267,0.9046,0.9,-2.1,216
1569,52.300,0.9077,-0.0,-2.3,212
1570,52.333,0.9098,-0.0,-0.7,272
1571,52.367,0.9088,0.6,-1.0,262
1572,52.400,0.9087,0.5,-0.8,269
1573,52.433,0.9109,-1.0,-0.9,201
1574,52.467,0.9107,-0.1,-0.4,239
1575,52.500,0.9111,0.2,-0.4,226
1576,52.533,0.9095,0.3,-0.3,259
1577,52.567,0.9091,-0.3,-0.6,221
1578,52.600,0.9105,-0.2,-0.8,232
1579,52.633,0.9095,0.0,-0.7,270
1580,52.667,0.9053,0.7,-1.3,217
1581,52.700,0.9086,-0.3,-1.1,241
1582,52.733,0.9079,0.1,-1.4,238
1583,52.767,0.9108,0.2,0.4,228
1584,52.800,0.9108,0.7,0.1,240
1585,52.833,0.9086,0.2,-0.9,277
1586,52.867,0.9070,1.5,0.4,225
1587,52.900,0.9052,1.7,-0.7,245
1588,52.933,0.9086,0.7,-0.9,267
1589,52.967,0.9112,-0.5,-0.8,243
1590,53.000,0.9089,0.3,-0.4,283
1591,53.033,0.9085,-0.1,-0.6,262
1592,53.067,0.9112,0.4,-0.4,243
1593,53.100,0.9079,0.0,-1.4,258
1594,53.133,0.9087,0.5,-0.9,278
1595,53.167,0.9106,-0.0,-0.2,261
1596,53.200,0.9108,0.9,-1.1,230
1597,53.233,0.9120,-0.9,-0.2,227
1598,53.267,0.9094,0.2,-0.5,284
1599,53.300,0.9099,0.1,-1.2,278
1600,53.333,0.9098,-0.1,0.1,251
1601,53.367,0.9083,0.1,-1.4,260
1602,53.400,0.9082,0.6,-0.1,305
1603,53.433,0.9084,-0.2,-1.5,288
1604,53.467,0.9099,-0.5,-1.2,273
1605,53.500,0.9093,0.4,-0.7,299
1606,53.533,0.9056,0.3,-1.7,222
1607,53.567,0.9080,-0.7,-0.8,227
1608,53.600,0.9098,0.4,-0.4,285
1609,53.633,0.9086,-0.6,-0.6,227
1610,53.667,0.9093,-0.1,-0.3,265
1611,53.700,0.9064,1.2,-0.6,261
1612,53.733,0.9097,0.7,-0.2,281
1613,53.767,0.9093,0.5,0.3,252
1614,53.800,0.9100,0.4,-0.3,233
1615,53.833,0.9106,0.1,-0.9,260
1616,53.867,0.9092,-0.1,-0.9,255
1617,53.900,0.9096,0.1,-0.4,275
1618,53.933,0.9088,0.1,-0.4,277
1619,53.967,0.9097,0.2,-0.4,267
1620,54.000,0.9103,0.7,-0.5,262
1621,54.033,0.9097,0.7,-0.6,253
1622,54.067,0.9094,0.9,-0.5,231
1623,54.100,0.9098,0.4,-0.1,264
1624,54.133,0.9100,0.2,-1.1,261
1625,54.167,0.9088,-0.2,-0.3,223
1626,54.200,0.9104,-0.2,-1.0,240
1627,54.233,0.9065,0.9,-0.5,211
1628,54.267,0.9119,-0.4,0.3,189
1629,54.300,0.9039,1.8,-0.6,203
1630,54.333,0.9087,-0.0,-0.1,188
1631,54.367,0.9082,-0.0,-1.3,204
1632,54.400,0.9018,1.7,-2.5,203
1633,54.433,0.9094,0.3,-0.3,220
1634,54.467,0.9088,0.6,-1.0,229
1635,54.500,0.9128,-1.0,-0.9,205
1636,54.533,0.9038,-0.6,-6.2,208
1637,54.567,0.9029,1.5,-1.4,206
1638,54.600,0.9053,1.6,-1.9,192
1639,54.633,0.9090,0.5,0.8,211
1640,54.667,0.9021,1.6,-2.2,200
1641,54.700,0.9095,-1.6,-3.8,228
1642,54.733,0.9147,-2.6,-1.1,203
1643,54.767,0.9024,1.0,-2.9,192
1644,54.800,0.9069,0.7,-1.7,226
1645,54.833,0.9086,-0.3,-1.0,235
1646,54.867,0.9082,-0.6,-2.7,259
1647,54.900,0.9089,-0.0,-1.8,225
1648,54.933,0.9055,2.3,-0.4,146
1649,54.967,0.9096,-0.1,-0.7,142
1650,55.000,0.9080,-0.2,-1.6,137
1651,55.033,0.9000,1.7,-3.1,124
1652,55.067,0.9089,0.2,-1.0,131
1653,55.100,0.9090,0.6,-0.9,137
1654,55.133,0.9094,0.4,-1.2,131
1655,55.167,0.9059,0.4,-2.1,119
1656,55.200,0.9009,2.6,-2.0,108
1657,55.233,0.9094,0.2,-1.2,129
1658,55.267,0.9088,0.6,-0.7,120
1659,55.300,0.9087,-0.2,-0.7,117
1660,55.333,0.9095,0.1,-0.7,119
1661,55.367,0.9096,0.1,-0.2,117
1662,55.400,0.9091,-0.1,-0.9,128
1663,55.433,0.9054,-0.1,-3.1,111
1664,55.467,0.9107,-0.7,-1.1,111
1665,55.500,0.9094,0.1,-0.4,127
1666,55.533,0.9096,-1.1,-2.4,119
1667,55.567,0.9064,0.7,-1.0,116
1668,55.600,0.9095,0.3,-1.1,129
1669,55.633,0.9102,1.0,1.2,110
1670,55.667,0.9087,0.3,-0.5,123
1671,55.700,0.8999,1.6,-3.4,128
1672,55.733,0.9056,-0.2,-3.6,134
1673,55.767,0.9080,0.9,-1.0,135
1674,55.800,0.9043,1.1,-1.7,136
1675,55.833,0.9001,1.9,-2.8,150
1676,55.867,0.9093,0.4,-1.3,190
1677,55.900,0.9062,1.6,-0.7,233
1678,55.933,0.9105,0.3,-0.0,248
1679,55.967,0.9064,1.3,-0.8,263
1680,56.000,0.9085,-0.0,-0.9,281
1681,56.033,0.9094,0.5,-0.7,302
1682,56.067,0.9093,0.6,-1.0,280
1683,56.100,0.9091,0.1,-0.8,298
1684,56.133,0.9111,0.1,-0.9,267
1685,56.167,0.9090,0.2,-0.4,293
1686,56.200,1.0336,0.9,48.6,273
1687,56.233,1.0363,-0.8,48.8,231
1688,56.267,1.0318,1.8,47.6,232
1689,56.300,1.0355,0.2,49.9,214
1690,56.333,1.0319,0.9,48.8,263
1691,56.367,1.0296,2.2,48.7,243
1692,56.400,1.0336,0.8,48.2,262
1693,56.433,1.0352,0.8,48.8,249
1694,56.467,1.0350,0.9,48.6,236
1695,56.500,1.0339,0.2,48.5,278
1696,56.533,1.0337,0.8,48.5,275
1697,56.567,1.0303,0.2,47.6,239
1698,56.600,1.0341,0.6,47.9,258
1699,56.633,1.0343,0.4,48.4,273
1700,56.667,1.0345,0.4,48.4,269
1701,56.700,1.0324,-0.4,48.5,242
1702,56.733,1.0338,-0.1,48.6,259
1703,56.767,1.0344,0.5,48.9,231
1704,56.800,1.0339,0.4,48.9,266
1705,56.833,1.0324,0.5,48.3,279
1706,56.867,1.0337,0.6,48.1,259
1707,56.900,1.0321,-0.1,48.3,249
1708,56.933,1.0302,1.6,48.2,271
1709,56.967,1.0276,1.1,46.0,211
1710,57.000,1.0330,0.7,48.7,262
1711,57.033,1.0345,0.9,48.0,228
1712,57.067,1.0315,0.9,48.0,256
1713,57.100,1.0312,0.8,48.3,267
1714,57.133,1.0320,0.4,47.5,249
1715,57.167,1.0334,0.4,48.1,270
1716,57.200,1.0327,1.4,49.9,212
1717,57.233,1.0316,0.9,48.7,256
1718,57.267,1.0273,2.5,48.9,220
1719,57.300,1.0332,0.3,48.3,275
1720,57.333,1.0320,0.9,48.8,261
1721,57.367,1.0278,1.3,47.0,248
1722,57.400,1.0296,1.1,48.4,244
1723,57.433,1.0336,0.0,47.9,250
1724,57.467,1.0338,0.5,48.3,266
1725,57.500,1.0337,0.2,48.2,264
1726,57.533,1.0333,0.3,48.0,273
1727,57.567,1.0332,-0.3,48.4,250
1728,57.600,1.0334,1.3,47.6,227
1729,57.633,1.0267,2.0,47.4,231
1730,57.667,1.0319,0.2,48.3,249
1731,57.700,1.0370,-0.0,49.2,231
1732,57.733,1.0301,1.1,48.2,266
1733,57.767,1.0355,0.5,48.1,238
1734,57.800,1.0332,0.2,47.8,264
1735,57.833,1.0343,0.6,50.1,214
1736,57.867,1.0360,-0.4,48.2,242
1737,57.900,1.0350,0.1,48.7,246
1738,57.933,1.0351,0.2,48.1,250
1739,57.967,1.0345,1.0,48.8,225
1740,58.000,1.0331,0.6,48.1,271
1741,58.033,1.0336,0.5,48.3,272
1742,58.067,1.0323,-0.0,48.1,257
1743,58.100,1.0334,-0.2,47.7,251
1744,58.133,1.0350,0.9,48.9,242
1745,58.167,1.0305,1.3,47.9,248
1746,58.200,1.0348,0.5,48.4,245
1747,58.233,1.0339,0.3,48.6,238
1748,58.267,1.0298,1.1,48.4,213
1749,58.300,1.0303,1.4,48.7,180
1750,58.333,1.0321,0.6,48.0,158
1751,58.367,1.0317,0.7,48.0,133
1752,58.400,1.0256,2.3,47.4,101
1753,58.433,1.0340,0.1,48.6,82
1754,58.467,1.0334,0.9,49.1,65
1755,58.500,1.0317,0.3,48.4,42
1756,58.533,,,,0
1757,58.567,,,,0
1758,58.600,,,,0
1759,58.633,,,,0
1760,58.667,,,,0
1761,58.700,,,,0
1762,58.733,,,,0
1763,58.767,,,,0
1764,58.800,,,,0
1765,58.833,,,,0
1766,58.867,,,,0
1767,58.900,,,,0
1768,58.933,,,,0
1769,58.967,,,,0
1770,59.000,,,,0
1771,59.033,,,,0
1772,59.067,,,,0
1773,59.100,,,,0
1774,59.133,,,,0
1775,59.167,,,,0
1776,59.200,,,,0
1777,59.233,,,,0
1778,59.267,,,,0
1779,59.300,,,,0
1780,59.333,,,,0
1781,59.367,,,,0
1782,59.400,,,,0
1783,59.433,,,,0
1784,59.467,,,,0
1785,59.500,,,,0
1786,59.533,,,,0
1787,59.567,,,,0
1788,59.600,,,,0
1789,59.633,,,,0
1790,59.667,,,,0
1791,59.700,,,,0
1792,59.733,,,,0
1793,59.767,,,,0
1794,59.800,,,,0
1795,59.833,,,,0
1796,59.867,,,,0
1797,59.900,,,,0
1798,59.933,,,,0
1799,59.967,,,,0
1800,60.000,,,,0
1801,60.033,,,,0
1802,60.067,,,,0
1803,60.100,,,,0
1804,60.133,,,,0
1805,60.167,,,,0
1806,60.200,,,,0
1807,60.233,,,,0
1808,60.267,,,,0
1809,60.300,,,,0
1810,60.333,,,,0
1811,60.367,,,,0
1812,60.400,,,,0
1813,60.433,,,,0
1814,60.467,,,,0
1815,60.500,,,,0
1816,60.533,,,,0
1817,60.567,,,,0
1818,60.600,,,,0
1819,60.633,,,,0
1820,60.667,,,,0
1821,60.700,,,,0
1822,60.733,,,,0
1823,60.767,,,,0
1824,60.800,,,,0
1825,60.833,,,,0
1826,60.867,,,,0
1827,60.900,,,,0
1828,60.933,,,,0
1829,60.967,,,,0
1830,61.000,,,,0
1831,61.033,,,,0
1832,61.067,,,,0
1833,61.100,,,,0
1834,61.133,,,,0
1835,61.167,,,,0
1836,61.200,,,,0
1837,61.233,,,,0
1838,61.267,,,,0
1839,61.300,,,,0
1840,61.333,,,,0
1841,61.367,,,,0
1842,61.400,,,,0
1843,61.433,,,,0
1844,61.467,,,,0
1845,61.500,,,,0
1846,61.533,,,,0
1847,61.567,,,,0
1848,61.600,,,,0
1849,61.633,,,,0
1850,61.667,,,,0
1851,61.700,,,,0
1852,61.733,,,,0
1853,61.767,,,,0
1854,61.800,,,,0
1855,61.833,,,,0
1856,61.867,,,,0
1857,61.900,,,,0
1858,61.933,,,,0
1859,61.967,,,,0
1860,62.000,,,,0
1861,62.033,,,,0
1862,62.067,,,,0
1863,62.100,,,,0
1864,62.133,,,,0
1865,62.167,,,,0
1866,62.200,,,,0
1867,62.233,,,,0
1868,62.267,,,,0
1869,62.300,,,,0
1870,62.333,,,,0
1871,62.367,,,,0
1872,62.400,,,,0
1873,62.433,,,,0
1874,62.467,,,,0
1875,62.500,,,,0
1876,62.533,,,,0
1877,62.567,,,,0
1878,62.600,,,,0
1879,62.633,,,,0
1880,62.667,,,,0
1881,62.700,,,,0
1882,62.733,,,,0
1883,62.767,,,,0
1884,62.800,,,,0
1885,62.833,,,,0
1886,62.867,,,,0
1887,62.900,,,,0
1888,62.933,,,,0
1889,62.967,,,,0
1890,63.000,,,,0
1891,63.033,,,,0
1892,63.067,,,,0
1893,63.100,,,,0
1894,63.133,,,,0
1895,63.167,,,,0
1896,63.200,,,,0
1897,63.233,,,,0
1898,63.267,,,,0
1899,63.300,,,,0
1900,63.333,,,,0
1901,63.367,,,,0
1902,63.400,,,,0
1903,63.433,,,,0
1904,63.467,,,,0
1905,63.500,,,,0
1906,63.533,,,,0
1907,63.567,,,,0
1908,63.600,,,,0
1909,63.633,,,,0
1910,63.667,,,,0
1911,63.700,,,,0
1912,63.733,,,,0
1913,63.767,,,,0
1914,63.800,,,,0
1915,63.833,,,,0
1916,63.867,,,,0
1917,63.900,,,,0
1918,63.933,,,,0
1919,63.967,,,,0
1920,64.000,,,,0
1921,64.033,,,,0
1922,64.067,,,,0
1923,64.100,,,,0
1924,64.133,,,,0
1925,64.167,,,,0
1926,64.200,,,,0
1927,64.233,,,,0
1928,64.267,,,,0
1929,64.300,,,,0
1930,64.333,,,,0
1931,64.367,,,,0
1932,64.400,,,,0
1933,64.433,,,,0
1934,64.467,,,,0
1935,64.500,,,,0
1936,64.533,,,,0
1937,64.567,,,,0
1938,64.600,,,,0
1939,64.633,,,,0
1940,64.667,,,,0
1941,64.700,,,,0
1942,64.733,,,,0
1943,64.767,,,,0
1944,64.800,,,,0
1945,64.833,,,,0
1946,64.867,,,,0
1947,64.900,,,,0
1948,64.933,,,,0
1949,64.967,,,,0
1950,65.000,,,,0
1951,65.033,,,,0
1952,65.067,,,,0
1953,65.100,,,,0
1954,65.133,,,,0
1955,65.167,,,,0
1956,65.200,,,,0
1957,65.233,,,,0
1958,65.267,,,,0
1959,65.300,,,,0
1960,65.333,,,,0
1961,65.367,,,,0
1962,65.400,,,,0
1963,65.433,,,,0
1964,65.467,,,,0
1965,65.500,,,,0
1966,65.533,,,,0
1967,65.567,,,,0
1968,65.600,,,,0
1969,65.633,,,,0
1970,65.667,,,,0
1971,65.700,,,,0
1972,65.733,,,,0
1973,65.767,,,,0
1974,65.800,,,,0
1975,65.833,,,,0
1976,65.867,,,,0
1977,65.900,,,,0
1978,65.933,,,,0
1979,65.967,,,,0
1980,66.000,,,,0
1981,66.033,,,,0
1982,66.067,,,,0
1983,66.100,,,,0
1984,66.133,,,,0
1985,66.167,,,,0
1986,66.200,0.9103,-0.1,-0.6,57
1987,66.233,0.9133,1.0,-0.7,81
1988,66.267,0.9072,0.0,-1.4,266
1989,66.300,0.9097,-0.8,-0.6,268
1990,66.333,0.9109,0.0,-0.5,278
1991,66.367,0.9100,-0.3,-0.8,306
1992,66.400,0.9095,-0.8,-1.6,264
1993,66.433,0.9105,-0.4,-0.3,288
1994,66.467,0.9090,-0.4,-1.2,298
1995,66.500,0.9112,-0.1,-0.4,280
1996,66.533,0.9090,-0.5,-1.0,290
1997,66.567,0.9090,-0.3,-1.5,262
1998,66.600,0.9102,-0.2,-0.5,297
1999,66.633,0.9096,-0.5,-0.9,305
2000,66.667,0.9106,-0.6,-0.3,288
2001,66.700,0.9098,-0.7,-1.0,302
2002,66.733,0.9086,-0.6,-1.4,296
2003,66.767,0.9094,-0.6,-0.4,283
2004,66.800,0.9110,-0.2,-0.7,297
2005,66.833,0.9088,-0.2,-0.9,293
2006,66.867,0.9099,-1.0,-1.1,255
2007,66.900,0.9087,-0.4,-0.8,285
2008,66.933,0.9082,0.1,-0.8,272
2009,66.967,0.9104,-0.7,-0.7,274
2010,67.000,0.9104,-0.0,-0.6,300
2011,67.033,0.9086,0.0,-1.2,288
2012,67.067,0.9111,-0.1,-0.1,263
2013,67.100,0.9102,-0.2,-0.8,298
2014,67.133,0.9111,-0.4,-0.1,276
2015,67.167,0.9108,0.1,-0.2,264
2016,67.200,0.9075,0.1,-1.4,267
2017,67.233,0.9094,-0.3,-0.7,282
2018,67.267,0.9082,0.1,-1.5,266
2019,67.300,0.9057,0.0,-1.2,226
2020,67.333,0.9099,-0.9,-0.1,237
2021,67.367,0.9079,-0.4,-0.7,255
2022,67.400,0.9085,0.4,-0.8,238
2023,67.433,0.9052,0.5,-1.5,232
2024,67.467,0.9106,-0.7,-0.5,284
2025,67.500,0.9111,-0.0,-0.1,253
2026,67.533,0.9107,0.4,-0.2,243
2027,67.567,0.9095,-0.5,-0.6,274
2028,67.600,0.9100,-0.2,-0.3,276
2029,67.633,0.9079,-0.3,-1.3,259
2030,67.667,0.9081,-0.1,-0.7,248
2031,67.700,0.9087,-0.3,-1.0,281
2032,67.733,0.9109,-0.3,0.0,227
2033,67.767,0.9109,-0.4,-0.3,272
2034,67.800,0.9105,-0.8,-0.8,277
2035,67.833,0.9081,-0.3,-0.9,275
2036,67.867,0.9076,-0.4,-1.3,260
2037,67.900,0.9100,-0.5,-0.1,259
2038,67.933,0.9109,-1.8,-1.2,196
2039,67.967,0.9082,-0.9,-1.7,214
2040,68.000,0.9109,-0.1,-1.4,216
2041,68.033,0.9099,-0.3,-0.6,284
2042,68.067,0.9135,-0.8,0.6,220
2043,68.100,0.9089,-0.2,-0.8,282
2044,68.133,0.9090,-0.4,-0.6,235
2045,68.167,0.9090,-0.4,-0.7,272
2046,68.200,0.9086,-0.4,-1.2,267
2047,68.233,0.9086,-1.0,-1.4,232
2048,68.267,0.9100,-0.8,-0.2,226
2049,68.300,0.9081,-0.5,-1.4,234
2050,68.333,0.9104,-0.9,-0.2,256
2051,68.367,0.9100,-0.3,-0.6,281
2052,68.400,0.9105,-0.7,0.1,214
2053,68.433,0.9118,-1.3,-0.6,240
2054,68.467,0.9091,-0.6,-0.7,274
2055,68.500,0.9085,-1.0,-1.0,240
2056,68.533,0.9117,-0.4,-0.6,269
2057,68.567,0.9103,-0.9,-1.3,239
2058,68.600,0.9107,-0.9,-0.1,258
2059,68.633,0.9107,-0.8,-0.8,264
2060,68.667,0.9068,0.8,-1.0,239
2061,68.700,0.9094,0.3,-0.2,251
2062,68.733,0.9084,-0.6,-1.1,260
2063,68.767,0.9086,-0.3,-1.2,264
2064,68.800,0.9103,-1.1,-0.2,237
2065,68.833,0.9087,-0.7,-0.9,243
2066,68.867,0.9087,-0.5,-1.2,270
2067,68.900,0.9094,0.1,-0.9,251
2068,68.933,0.9114,-0.3,-0.3,259
2069,68.967,0.9114,0.3,-0.6,238
2070,69.000,0.9083,-0.1,-1.0,263
2071,69.033,0.9090,-0.2,-0.7,272
2072,69.067,0.9114,-0.2,-0.2,261
2073,69.100,0.9120,-1.5,-1.3,203
2074,69.133,0.9108,-0.0,-0.4,286
2075,69.167,0.9104,0.2,-1.5,211
2076,69.200,0.9098,-1.2,-0.5,236
2077,69.233,0.9099,-0.5,-0.6,289
2078,69.267,0.9093,-0.6,-0.9,275
2079,69.300,0.9109,-0.7,-0.8,270
2080,69.333,0.9081,-0.3,-1.0,271
2081,69.367,0.9093,-0.8,-1.3,235
2082,69.400,0.9099,-0.4,-1.2,288
2083,69.433,0.9103,-0.1,-0.9,287
2084,69.467,0.9086,-0.1,-0.8,288
2085,69.500,0.9109,0.2,-0.5,279
2086,69.533,0.9102,-0.6,-0.6,281
2087,69.567,0.9106,-0.8,-0.6,273
2088,69.600,0.9101,-0.2,-0.2,273
2089,69.633,0.9096,-0.6,-0.8,287
2090,69.667,0.9110,-0.4,0.0,256
2091,69.700,0.9099,-0.4,-0.6,292
2092,69.733,0.9094,-0.7,-1.2,265
2093,69.767,0.9106,-0.7,-0.0,243
2094,69.800,0.9102,-0.2,-0.5,287
2095,69.833,0.9107,0.0,-0.4,273
2096,69.867,0.9064,0.7,-0.6,251
2097,69.900,0.9095,-0.4,-0.5,264
2098,69.933,0.9096,-0.2,-0.4,260
2099,69.967,0.9103,-0.2,-1.0,258
2100,70.000,0.9097,-0.3,-0.6,265
2101,70.033,0.9121,-1.2,-0.8,211
2102,70.067,0.9120,-0.7,-0.9,247
2103,70.100,0.9098,-0.3,-0.6,268
2104,70.133,0.9113,-0.6,-1.0,243
2105,70.167,0.9080,0.3,-1.2,247
2106,70.200,0.9067,-0.0,-1.4,237
2107,70.233,0.9079,-0.4,-1.4,226
2108,70.267,0.9101,0.2,-0.8,240
2109,70.300,0.9111,0.6,-0.4,218
2110,70.333,0.9089,-0.8,-1.8,207
2111,70.367,0.9104,-0.3,-0.3,227
2112,70.400,0.9076,-0.3,-0.4,190
2113,70.433,0.9104,-0.1,0.2,178
2114,70.467,0.9070,1.0,-0.8,179
2115,70.500,0.9103,-0.6,-0.7,179
2116,70.533,0.9070,1.4,-0.1,159
2117,70.567,0.9081,-0.7,-1.9,160
2118,70.600,0.9125,-1.7,-1.0,152
2119,70.633,0.9062,1.2,-0.8,172
2120,70.667,0.9083,-0.3,-1.3,168
2121,70.700,0.9099,-0.7,-1.2,158
2122,70.733,0.9021,2.0,-2.2,149
2123,70.767,0.9054,0.9,-1.4,182
2124,70.800,0.9082,-0.1,-1.2,177
2125,70.833,0.9047,0.6,-2.0,171
2126,70.867,0.9021,0.5,-3.2,132
2127,70.900,0.9057,1.3,-1.3,170
2128,70.933,0.9090,-0.4,-0.9,172
2129,70.967,0.9112,0.4,1.5,142
2130,71.000,0.9058,0.6,-0.7,139
2131,71.033,0.9039,1.2,-1.4,181
2132,71.067,0.9108,0.1,0.6,160
2133,71.100,0.9039,1.3,-1.8,188
2134,71.133,0.9030,0.9,-2.0,166
2135,71.167,0.9096,-0.8,-1.2,172
2136,71.200,0.9073,-0.1,-1.2,173
2137,71.233,0.9032,1.6,-1.4,191
2138,71.267,0.9083,0.1,-1.3,185
2139,71.300,0.9086,0.2,-0.6,174
2140,71.333,0.9062,0.8,-0.8,205
2141,71.367,0.9057,0.5,-2.3,157
2142,71.400,0.9061,0.7,-1.3,201
2143,71.433,0.9047,0.6,-2.0,195
2144,71.467,0.9046,0.9,-2.0,207
2145,71.500,0.9066,-0.3,-1.4,188
2146,71.533,0.9072,-0.1,-1.5,202
2147,71.567,0.9056,0.3,-1.5,208
2148,71.600,0.9030,1.1,-2.5,186
2149,71.633,0.9074,0.8,-0.7,210
2150,71.667,0.9068,0.1,-2.3,194
2151,71.700,0.9075,-0.1,-1.3,208
2152,71.733,0.9105,-1.1,-1.2,198
2153,71.767,0.9082,-0.1,-0.8,208
2154,71.800,0.9081,0.6,-1.1,209
2155,71.833,0.9085,-0.8,-2.2,189
2156,71.867,0.8978,2.7,-2.9,150
2157,71.900,0.9080,-0.3,-1.1,212
2158,71.933,0.9034,0.7,-2.3,191
2159,71.967,0.9077,-0.4,-1.3,204
2160,72.000,0.9035,1.5,-1.6,204
2161,72.033,0.9105,-0.4,-0.7,214
2162,72.067,0.9120,-1.6,-1.4,193
2163,72.100,0.9061,1.3,-2.0,171
2164,72.133,0.9096,-0.2,-1.0,205
2165,72.167,0.9090,0.1,-1.2,220
2166,72.200,0.9111,0.7,1.2,176
2167,72.233,0.9094,0.6,-0.7,215
2168,72.267,0.9066,-0.2,-2.0,218
2169,72.300,0.9054,0.2,-2.2,207
2170,72.333,0.9064,-0.5,-2.4,165
2171,72.367,0.9031,1.3,-2.4,197
2172,72.400,0.9114,-1.1,-1.1,186
2173,72.433,0.9094,0.2,-1.0,217
2174,72.467,0.9079,0.4,-1.3,220
2175,72.500,0.9053,0.4,-2.6,204
2176,72.533,0.9071,-0.3,-1.6,217
2177,72.567,0.9022,1.8,-1.1,175
2178,72.600,0.9073,-0.4,-1.7,210
2179,72.633,0.9077,0.4,-0.4,216
2180,72.667,0.9066,0.0,-1.4,221
2181,72.700,0.9163,-1.4,-0.4,165
2182,72.733,0.9009,3.2,-0.5,150
2183,72.767,0.9118,-1.4,0.1,178
2184,72.800,0.9051,0.2,-1.5,205
2185,72.833,0.9148,-0.9,1.2,161
2186,72.867,0.9075,-0.4,-1.2,209
2187,72.900,0.9108,0.3,0.9,189
2188,72.933,0.9102,-0.8,-1.0,207
2189,72.967,0.9103,-1.0,-1.1,198
2190,73.000,0.9088,0.0,-0.7,216
2191,73.033,0.9046,0.6,-1.4,212
2192,73.067,0.9107,-1.1,-0.6,205
2193,73.100,0.9035,0.6,-1.9,205
2194,73.133,0.9098,-0.8,-1.5,227
2195,73.167,0.9107,-0.1,-1.0,241
2196,73.200,0.9084,0.1,-0.5,237
2197,73.233,0.9097,0.6,-0.7,254
2198,73.267,0.9113,0.2,-1.1,223
2199,73.300,0.9088,0.2,-0.9,269
2200,73.333,0.9068,1.3,-1.0,218
2201,73.367,0.9282,-0.3,6.1,269
2202,73.400,0.9451,-0.9,12.7,295
2203,73.433,0.9592,-0.5,19.5,295
2204,73.467,0.9777,-1.0,25.7,263
2205,73.500,0.9885,-0.7,30.6,257
2206,73.533,1.0014,-0.2,36.6,305
2207,73.567,1.0163,-0.7,41.9,275
2208,73.600,1.0271,0.4,46.3,215
2209,73.633,1.0362,0.3,49.7,258
2210,73.667,1.0467,0.0,53.6,236
2211,73.700,1.0542,0.1,57.5,214
2212,73.733,1.0607,0.7,58.4,195
2213,73.767,1.0591,0.3,60.3,227
2214,73.800,1.0621,1.2,61.1,207
2215,73.833,1.0648,-0.6,60.8,222
2216,73.867,1.0640,-0.9,59.6,193
2217,73.900,1.0602,2.3,60.5,208
2218,73.933,1.0611,1.0,60.3,238
2219,73.967,1.0600,1.1,60.6,227
2220,74.000,1.0602,1.0,60.9,226
2221,74.033,1.0664,-0.4,60.7,235
2222,74.067,1.0600,1.1,60.0,226
2223,74.100,1.0653,-0.2,60.9,236
2224,74.133,1.0650,0.6,61.2,223
2225,74.167,1.0640,0.4,60.3,232
2226,74.200,1.0635,0.7,60.6,247
2227,74.233,1.0615,1.0,60.5,236
2228,74.267,1.0651,0.7,61.7,214
2229,74.300,1.0634,0.1,60.2,238
2230,74.333,1.0652,0.1,60.5,240
2231,74.367,1.0630,0.6,60.3,242
2232,74.400,1.0603,0.7,59.6,220
2233,74.433,1.0634,0.6,60.3,243
2234,74.467,1.0662,-0.1,60.5,241
2235,74.500,1.0591,1.4,60.6,230
2236,74.533,1.0596,0.8,59.8,229
2237,74.567,1.0661,-0.0,60.1,225
2238,74.600,1.0640,-1.0,60.3,208
2239,74.633,1.0571,1.9,59.4,214
2240,74.667,1.0643,0.1,60.2,238
2241,74.700,1.0648,-0.4,60.4,233
2242,74.733,1.0646,-0.2,60.5,244
2243,74.767,1.0620,-0.1,60.5,239
2244,74.800,1.0625,-0.2,60.6,229
2245,74.833,1.0630,-0.4,60.5,235
2246,74.867,1.0609,0.8,61.1,200
2247,74.900,1.0648,0.1,60.6,243
2248,74.933,1.0663,-0.9,61.0,227
2249,74.967,1.0606,1.3,60.1,235
2250,75.000,1.0609,1.2,60.2,233
2251,75.033,1.0665,-0.5,61.1,216
2252,75.067,1.0618,0.7,61.1,218
2253,75.100,1.0631,-0.2,61.0,221
2254,75.133,1.0607,1.3,59.9,216
2255,75.167,1.0592,0.3,59.8,216
2256,75.200,1.0615,0.1,60.2,248
2257,75.233,1.0593,1.7,59.9,223
2258,75.267,1.0615,0.0,60.2,244
2259,75.300,1.0627,0.7,59.9,222
2260,75.333,1.0645,-0.1,60.6,237
2261,75.367,1.0640,0.0,60.4,252
2262,75.400,1.0644,0.5,62.0,197
2263,75.433,1.0641,0.0,60.5,254
2264,75.467,1.0635,-0.2,60.2,245
2265,75.500,1.0613,1.3,60.0,235
2266,75.533,1.0603,-0.0,60.1,218
2267,75.567,1.0589,-0.0,59.7,192
2268,75.600,1.0656,0.1,60.6,231
2269,75.633,1.0593,0.7,60.6,230
2270,75.667,1.0603,0.9,60.1,248
2271,75.700,1.0635,-0.4,61.1,213
2272,75.733,1.0599,1.7,60.4,225
2273,75.767,1.0649,-0.6,61.1,219
2274,75.800,1.0643,0.1,60.1,230
2275,75.833,1.0593,1.0,60.0,242
2276,75.867,1.0629,0.2,59.1,201
2277,75.900,1.0582,0.8,60.3,222
2278,75.933,1.0622,1.4,61.3,196
2279,75.967,1.0608,0.9,60.0,197
2280,76.000,1.0597,1.1,60.7,226
2281,76.033,1.0583,1.2,59.6,213
2282,76.067,1.0640,-0.7,60.0,226
2283,76.100,1.0621,0.3,59.9,200
2284,76.133,1.0619,-1.0,59.4,169
2285,76.167,1.0625,-0.2,59.3,195
2286,76.200,1.0621,0.5,60.3,210
2287,76.233,1.0627,-0.5,59.1,181
2288,76.267,1.0632,0.5,60.7,222
2289,76.300,1.0646,-0.0,60.9,202
2290,76.333,1.0608,0.2,59.8,224
2291,76.367,1.0592,0.8,60.3,203
2292,76.400,1.0617,0.1,59.1,200
2293,76.433,1.0610,0.8,59.9,204
2294,76.467,1.0601,-0.1,59.9,210
2295,76.500,1.0657,-1.4,60.5,203
2296,76.533,1.0620,0.1,60.1,188
2297,76.567,1.0619,0.5,60.3,218
2298,76.600,1.0581,1.1,59.4,209
2299,76.633,1.0609,1.4,60.6,216
2300,76.667,1.0611,-0.1,60.5,214
2301,76.700,1.0665,-0.8,60.3,210
2302,76.733,1.0629,0.3,60.8,234
2303,76.767,1.0657,-1.0,61.0,215
2304,76.800,1.0618,-0.2,60.5,231
2305,76.833,1.0669,-0.9,60.8,208
2306,76.867,1.0653,-0.9,60.6,220
2307,76.900,1.0619,-0.2,60.6,220
2308,76.933,1.0638,-0.5,61.9,190
2309,76.967,1.0629,-0.8,59.9,191
2310,77.000,1.0610,0.4,59.8,224
2311,77.033,1.0591,0.8,60.2,221
2312,77.067,1.0606,0.5,60.6,221
2313,77.100,1.0586,1.4,59.7,216
2314,77.133,1.0582,1.4,60.6,209
2315,77.167,1.0586,0.7,59.8,215
2316,77.200,1.0579,1.1,59.3,204
2317,77.233,1.0596,1.1,60.2,230
2318,77.267,1.0663,-0.6,60.7,204
2319,77.300,1.0571,1.8,59.4,201
2320,77.333,1.0673,-0.4,61.3,198
2321,77.367,1.0595,0.9,60.1,236
2322,77.400,1.0608,0.5,60.3,225
2323,77.433,1.0592,0.5,59.0,199
2324,77.467,1.0664,-1.1,60.2,211
2325,77.500,1.0659,-0.7,60.8,226
2326,77.533,1.0605,0.7,59.9,228
2327,77.567,1.0632,-0.4,60.5,239
2328,77.600,1.0666,-0.8,61.1,211
2329,77.633,1.0629,0.5,60.6,239
2330,77.667,1.0606,1.0,60.4,235
2331,77.700,1.0636,0.5,60.6,227
2332,77.733,1.0602,1.3,59.9,219
2333,77.767,1.0603,0.6,60.5,224
2334,77.800,,,,0
2335,77.833,,,,0
2336,77.867,,,,0
2337,77.900,,,,0
2338,77.933,,,,0
2339,77.967,,,,0
2340,78.000,,,,0
2341,78.033,,,,0
2342,78.067,,,,0
2343,78.100,,,,0
2344,78.133,,,,0
2345,78.167,,,,0
2346,78.200,,,,0
2347,78.233,,,,0
2348,78.267,,,,0
2349,78.300,,,,0
2350,78.333,,,,0
2351,78.367,,,,0
2352,78.400,,,,0
2353,78.433,,,,0
2354,78.467,,,,0
2355,78.500,,,,0
2356,78.533,,,,0
2357,78.567,,,,0
2358,78.600,,,,0
2359,78.633,,,,0
2360,78.667,,,,0
2361,78.700,,,,0
2362,78.733,,,,0
2363,78.767,,,,0
2364,78.800,,,,0
2365,78.833,,,,0
2366,78.867,,,,0
2367,78.900,,,,0
2368,78.933,,,,0
2369,78.967,,,,0
2370,79.000,,,,0
2371,79.033,,,,0
2372,79.067,,,,0
2373,79.100,,,,0
2374,79.133,,,,0
2375,79.167,,,,0
2376,79.200,,,,0
2377,79.233,,,,0
2378,79.267,,,,0
2379,79.300,,,,0
2380,79.333,,,,0
2381,79.367,,,,0
2382,79.400,,,,0
2383,79.433,,,,0
2384,79.467,,,,0
2385,79.500,,,,0
2386,79.533,,,,0
2387,79.567,,,,0
2388,79.600,,,,0
2389,79.633,,,,0
2390,79.667,,,,0
2391,79.700,,,,0
2392,79.733,,,,0
2393,79.767,,,,0
2394,79.800,,,,0
2395,79.833,,,,0
2396,79.867,,,,0
2397,79.900,,,,0
2398,79.933,,,,0
2399,79.967,,,,0
2400,80.000,,,,0
2401,80.033,,,,0
2402,80.067,,,,0
2403,80.100,,,,0
2404,80.133,,,,0
2405,80.167,,,,0
2406,80.200,,,,0
2407,80.233,0.9097,-0.6,-0.4,241
2408,80.267,0.9095,-0.8,-1.2,237
2409,80.300,0.9099,-1.3,-0.8,220
2410,80.333,0.9079,-0.4,-0.7,250
2411,80.367,0.9088,-0.7,-0.6,236
2412,80.400,0.9117,-0.5,-0.6,235
2413,80.433,0.9104,-0.1,-0.9,252
2414,80.467,0.9106,-1.1,-0.6,231
2415,80.500,0.9101,0.1,0.3,221
2416,80.533,0.9118,-1.0,-0.8,229
2417,80.567,0.9085,0.1,-0.5,243
2418,80.600,0.9087,0.2,-0.6,246
2419,80.633,0.9129,-0.3,-0.6,223
2420,80.667,0.9100,-0.2,-0.6,273
2421,80.700,0.9087,-0.2,-1.9,224
2422,80.733,0.9112,-0.8,-1.6,214
2423,80.767,0.9114,-1.1,-0.3,219
2424,80.800,0.9086,-0.2,-0.9,262
2425,80.833,0.9114,0.3,-0.1,239
2426,80.867,0.9100,-0.6,-0.6,253
2427,80.900,0.9092,-0.2,-0.9,268
2428,80.933,0.9085,-0.2,-0.4,211
2429,80.967,0.9104,-0.4,-0.2,250
2430,81.000,0.9087,0.3,-0.4,243
2431,81.033,0.9083,0.8,-0.0,224
2432,81.067,0.9093,-0.9,-0.8,236
2433,81.100,0.9088,-0.1,-0.4,261
2434,81.133,0.9081,0.6,-0.8,254
2435,81.167,0.9105,-0.4,-0.2,258
2436,81.200,0.9104,0.4,-0.5,262
2437,81.233,0.9101,-0.3,-0.7,273
2438,81.267,0.9102,-0.2,-0.4,254
2439,81.300,0.9091,0.2,-0.6,269
2440,81.333,0.9073,-0.5,-1.3,232
2441,81.367,0.9089,0.0,-0.8,270
2442,81.400,0.9086,0.2,-0.3,228
2443,81.433,0.9096,-0.2,-0.2,250
2444,81.467,0.9088,-0.2,-0.7,255
2445,81.500,0.9109,-0.2,-0.9,265
2446,81.533,0.9095,-0.4,-0.5,275
2447,81.567,0.9105,-1.0,-0.5,235
2448,81.600,0.9098,-0.4,-0.5,265
2449,81.633,0.9106,0.1,-0.2,261
2450,81.667,0.9105,-0.1,-0.7,274
2451,81.700,0.9120,-1.0,-0.5,248
2452,81.733,0.9079,-0.7,-0.9,255
2453,81.767,0.9090,-0.9,-1.5,234
2454,81.800,0.9097,-0.3,-0.2,242
2455,81.833,0.9090,-0.4,-0.7,270
2456,81.867,0.9096,-0.7,-1.0,266
2457,81.900,0.9093,0.5,-1.2,232
2458,81.933,0.9089,-1.0,-0.2,228
2459,81.967,0.9102,-0.7,0.2,224
2460,82.000,0.9099,-0.6,-0.5,264
2461,82.033,0.9094,0.6,-0.5,231
2462,82.067,0.9088,-1.0,-0.9,242
2463,82.100,0.9114,-0.8,-0.8,254
2464,82.133,0.9080,1.0,-1.2,214
2465,82.167,0.9092,-0.7,-0.5,263
2466,82.200,0.9095,-0.6,-1.2,267
2467,82.233,0.9050,0.4,-1.2,222
2468,82.267,0.9082,-0.3,-0.9,260
2469,82.300,0.9082,-0.5,-0.9,264
2470,82.333,0.9079,-0.6,-1.3,242
2471,82.367,0.9084,-0.6,-1.3,259
2472,82.400,0.9073,-0.4,-1.5,229
2473,82.433,0.9090,-0.7,-0.6,271
2474,82.467,0.9072,1.0,-0.6,217
2475,82.500,0.9095,-0.4,-0.5,284
2476,82.533,0.9076,0.1,-1.4,234
2477,82.567,0.9099,-0.6,-0.3,263
2478,82.600,0.9088,-0.7,-1.3,248
2479,82.633,0.9118,-1.2,-0.2,213
2480,82.667,0.9072,-0.4,-1.7,223
2481,82.700,0.9099,-0.5,-1.0,267
2482,82.733,0.9116,-0.9,-0.3,238
2483,82.767,0.9125,-1.5,-1.4,221
2484,82.800,0.9051,0.4,-2.1,228
2485,82.833,0.9096,-0.2,-0.0,246
2486,82.867,0.9096,-0.4,0.3,218
2487,82.900,0.9100,-0.5,-0.6,272
2488,82.933,0.9093,-0.6,-0.6,269
2489,82.967,0.9213,-0.3,3.5,253
2490,83.000,0.9319,-1.0,7.3,267
2491,83.033,0.9400,0.3,11.9,285
2492,83.067,0.9486,0.9,15.3,260
2493,83.100,0.9614,-1.1,19.8,280
2494,83.133,0.9695,-0.2,23.0,308
2495,83.167,0.9781,-0.9,27.4,219
2496,83.200,0.9839,-0.4,28.9,263
2497,83.233,0.9929,-1.2,31.9,221
2498,83.267,0.9998,-0.1,35.4,276
2499,83.300,1.0059,0.1,36.8,238
2500,83.333,1.0102,-0.1,39.4,233
2501,83.367,1.0166,-1.0,41.8,221
2502,83.400,1.0223,-0.5,42.5,229
2503,83.433,1.0237,-0.4,44.2,232
2504,83.467,1.0230,0.4,44.4,223
2505,83.500,1.0249,0.2,44.9,217
2506,83.533,1.0257,0.2,44.9,226
2507,83.567,1.0284,-0.0,44.7,187
2508,83.600,1.0251,0.5,44.7,225
2509,83.633,1.0213,1.5,45.9,208
2510,83.667,1.0247,0.4,45.3,217
2511,83.700,1.0272,0.3,45.2,233
2512,83.733,1.0235,0.3,45.3,229
2513,83.767,1.0252,0.0,44.7,208
2514,83.800,1.0183,1.8,45.9,178
2515,83.833,1.0265,-0.6,45.9,195
2516,83.867,1.0260,0.2,44.7,230
2517,83.900,1.0261,0.6,45.1,232
2518,83.933,1.0257,0.1,45.1,234
2519,83.967,1.0254,0.3,45.2,226
2520,84.000,1.0281,-0.2,45.7,196
2521,84.033,1.0176,2.1,44.8,188
2522,84.067,1.0255,-0.4,45.0,211
2523,84.100,1.0279,-0.5,45.2,209
2524,84.133,1.0238,1.2,44.8,175
2525,84.167,1.0298,-1.4,46.2,143
2526,84.200,1.0223,1.5,44.7,204
2527,84.233,1.0268,-0.5,44.8,203
2528,84.267,1.0259,0.1,44.5,210
2529,84.300,1.0218,1.2,46.3,184
2530,84.333,1.0210,1.2,45.6,196
2531,84.367,1.0189,2.4,45.0,185
2532,84.400,1.0241,0.6,45.0,225
2533,84.433,1.0229,0.3,44.7,213
2534,84.467,1.0250,0.7,44.7,215
2535,84.500,1.0272,-0.4,44.9,224
2536,84.533,1.0211,0.6,45.2,190
2537,84.567,1.0235,0.9,45.5,224
2538,84.600,1.0279,-1.0,45.4,209
2539,84.633,1.0249,-0.0,45.1,232
2540,84.667,1.0247,-0.5,44.9,210
2541,84.700,1.0232,0.4,45.0,218
2542,84.733,1.0187,2.3,44.7,193
2543,84.767,1.0227,1.4,45.3,212
2544,84.800,1.0269,-0.8,45.4,216
2545,84.833,1.0302,-0.9,46.8,176
2546,84.867,1.0232,1.0,44.8,211
2547,84.900,1.0228,0.3,44.7,231
2548,84.933,1.0279,-0.9,46.6,191
2549,84.967,1.0274,-0.6,45.4,217
2550,85.000,1.0238,0.6,45.6,198
2551,85.033,1.0225,0.5,44.9,225
2552,85.067,1.0225,0.4,44.4,207
2553,85.100,1.0256,0.7,46.6,216
2554,85.133,1.0251,-0.5,44.3,219
2555,85.167,1.0257,0.3,45.0,243
2556,85.200,1.0274,-1.0,44.8,202
2557,85.233,1.0229,-0.4,44.6,225
2558,85.267,1.0212,1.1,45.6,217
2559,85.300,1.0247,-0.1,44.9,249
2560,85.333,1.0255,-0.8,45.7,247
2561,85.367,1.0278,-1.0,46.0,236
2562,85.400,1.0189,2.0,45.9,204
2563,85.433,1.0260,-1.2,45.1,237
2564,85.467,1.0285,-0.9,45.5,244
2565,85.500,1.0285,-0.6,45.6,247
2566,85.533,1.0281,-0.6,46.2,233
2567,85.567,1.0246,-0.1,44.9,239
2568,85.600,1.0262,-0.8,45.5,271
2569,85.633,1.1586,-44.7,58.2,199
2570,85.667,1.1601,-43.6,58.5,182
2571,85.700,1.1574,-43.9,58.7,206
2572,85.733,1.1534,-43.1,57.1,188
2573,85.767,1.1554,-42.7,58.8,228
2574,85.800,1.1602,-45.0,58.8,191
2575,85.833,1.1594,-44.7,59.0,206
2576,85.867,1.1577,-43.4,58.7,223
2577,85.900,1.1553,-44.1,59.2,188
2578,85.933,1.1576,-42.7,60.5,134
2579,85.967,1.1548,-42.9,59.2,153
2580,86.000,1.1587,-44.4,59.8,131
2581,86.033,1.1552,-43.7,59.2,148
2582,86.067,1.1585,-44.7,59.0,144
2583,86.100,1.1590,-43.5,59.6,161
2584,86.133,1.1555,-43.2,59.2,162
2585,86.167,1.1582,-44.2,59.4,177
2586,86.200,1.1565,-43.7,59.2,126
2587,86.233,1.1569,-43.9,59.3,171
2588,86.267,1.1557,-43.6,59.0,161
2589,86.300,1.1576,-43.4,58.9,158
2590,86.333,1.1572,-43.0,59.2,168
2591,86.367,1.1586,-44.1,59.6,164
2592,86.400,1.1544,-43.3,59.1,161
2593,86.433,1.1568,-44.2,59.4,164
2594,86.467,1.1569,-44.1,58.9,173
2595,86.500,1.1619,-44.4,59.1,148
2596,86.533,1.1598,-43.9,59.4,172
2597,86.567,1.1604,-43.7,59.5,157
2598,86.600,1.1563,-44.4,59.1,158
2599,86.633,1.1585,-43.1,58.8,161
2600,86.667,1.1573,-44.5,58.1,145
2601,86.700,1.1582,-45.2,58.3,135
2602,86.733,1.1516,-43.5,58.6,141
2603,86.767,1.1581,-44.1,58.7,150
2604,86.800,1.1583,-44.4,58.8,164
2605,86.833,1.1576,-44.4,59.0,166
2606,86.867,1.1594,-44.5,58.5,156
2607,86.900,1.1540,-43.2,59.1,156
2608,86.933,1.1553,-44.3,59.3,149
2609,86.967,1.1547,-43.8,59.0,155
2610,87.000,1.1607,-44.6,59.1,159
2611,87.033,1.1561,-43.1,58.8,160
2612,87.067,1.1527,-42.8,60.7,135
2613,87.100,1.1589,-42.5,59.2,139
2614,87.133,1.1514,-42.4,58.7,148
2615,87.167,1.1571,-43.3,58.4,147
2616,87.200,1.1574,-44.8,58.5,151
2617,87.233,1.1604,-44.1,58.9,154
2618,87.267,1.1546,-44.1,57.7,116
2619,87.300,1.1576,-44.9,58.7,148
2620,87.333,1.1543,-43.4,58.9,157
2621,87.367,1.1529,-42.9,58.7,151
2622,87.400,1.1539,-43.1,59.2,155
2623,87.433,1.1541,-43.0,58.5,150
2624,87.467,1.1607,-44.6,58.7,154
2625,87.500,1.1564,-42.4,59.0,166
2626,87.533,1.1568,-44.3,58.4,134
2627,87.567,1.1549,-44.1,58.4,138
2628,87.600,1.1575,-45.0,58.8,143
2629,87.633,1.1576,-44.3,58.4,164
2630,87.667,1.1559,-41.9,59.8,144
2631,87.700,1.1590,-43.6,59.5,167
2632,87.733,1.1567,-43.4,59.1,146
2633,87.767,1.1573,-44.5,59.1,161
2634,87.800,1.1538,-43.3,58.9,154
2635,87.833,1.1569,-44.9,58.8,146
2636,87.867,1.1608,-43.7,60.1,147
2637,87.900,1.1564,-43.6,58.7,142
2638,87.933,1.1602,-44.5,60.1,137
2639,87.967,1.1570,-43.5,60.8,145
2640,88.000,1.1577,-44.3,58.6,154
2641,88.033,1.1516,-41.9,58.2,151
2642,88.067,1.1657,-44.2,59.9,174
2643,88.100,1.1883,-41.8,64.1,137
2644,88.133,1.2727,-47.9,63.5,112
2645,88.167,,,,0
2646,88.200,,,,0
2647,88.233,,,,0
2648,88.267,,,,0
2649,88.300,,,,0
2650,88.333,,,,0
2651,88.367,,,,0
2652,88.400,,,,0
2653,88.433,,,,0
2654,88.467,,,,0
2655,88.500,,,,0
2656,88.533,,,,0
2657,88.567,,,,0
2658,88.600,,,,0
2659,88.633,,,,0
2660,88.667,,,,0
2661,88.700,,,,0
2662,88.733,,,,0
2663,88.767,,,,0
2664,88.800,,,,0
2665,88.833,,,,0
2666,88.867,,,,0
2667,88.900,,,,0
2668,88.933,,,,0
2669,88.967,,,,0
2670,89.000,,,,0
2671,89.033,,,,0
2672,89.067,,,,0
2673,89.100,,,,0
2674,89.133,,,,0
2675,89.167,,,,0
2676,89.200,,,,0
2677,89.233,,,,0
2678,89.267,,,,0
2679,89.300,,,,0
2680,89.333,,,,0
2681,89.367,,,,0
2682,89.400,,,,0
2683,89.433,,,,0
2684,89.467,,,,0
2685,89.500,,,,0
2686,89.533,,,,0
2687,89.567,,,,0
2688,89.600,,,,0
2689,89.633,,,,0
2690,89.667,,,,0
2691,89.700,,,,0
2692,89.733,,,,0
2693,89.767,,,,0
2694,89.800,,,,0
2695,89.833,,,,0
2696,89.867,,,,0
2697,89.900,,,,0
2698,89.933,,,,0
2699,89.967,,,,0
2700,90.000,,,,0
2701,90.033,,,,0
2702,90.067,,,,0
2703,90.100,,,,0
2704,90.133,,,,0
2705,90.167,,,,0
2706,90.200,,,,0
2707,90.233,,,,0
2708,90.267,,,,0
2709,90.300,,,,0
2710,90.333,,,,0
2711,90.367,,,,0
2712,90.400,,,,0
2713,90.433,,,,0
2714,90.467,,,,0
2715,90.500,,,,0
2716,90.533,0.7181,-4.5,-1.1,157
2717,90.567,0.8519,-4.8,2.5,221
2718,90.600,0.8964,2.4,0.4,220
2719,90.633,0.9069,6.0,-1.1,221
2720,90.667,0.9075,3.0,0.3,235
2721,90.700,0.9102,-1.1,-1.3,188
2722,90.733,0.9054,1.5,-1.7,218
2723,90.767,0.9089,-0.0,-1.0,283
2724,90.800,0.9087,0.3,-1.5,267
2725,90.833,0.9078,0.2,-0.9,258
2726,90.867,0.9086,-0.7,-1.7,236
2727,90.900,0.9082,0.3,-0.9,260
2728,90.933,0.9094,-0.5,-0.9,252
2729,90.967,0.9103,-0.7,-1.2,259
2730,91.000,0.9112,-1.3,-0.8,231
2731,91.033,0.9110,-0.7,-0.4,227
2732,91.067,0.9073,-0.2,-1.1,246
2733,91.100,0.9091,0.0,-0.8,272
2734,91.133,0.9101,-1.2,-1.4,236
2735,91.167,0.9107,-1.1,-1.0,237
2736,91.200,0.9083,0.2,-1.2,264
2737,91.233,0.9098,-0.6,-1.1,263
2738,91.267,0.9109,-0.3,-0.4,266
2739,91.300,0.9080,-0.2,-0.4,238
2740,91.333,0.9122,0.4,0.4,216
2741,91.367,0.9076,0.1,-0.6,246
2742,91.400,0.9080,-0.3,-0.7,250
2743,91.433,0.9099,-0.3,-0.6,267
2744,91.467,0.9096,-0.0,-1.0,270
2745,91.500,0.9090,-0.3,-1.0,269
2746,91.533,0.9097,0.3,-0.2,253
2747,91.567,0.9085,-1.0,-0.9,241
2748,91.600,0.9095,0.3,-0.8,274
2749,91.633,0.9094,0.4,-0.5,261
2750,91.667,0.9082,-0.2,-0.6,254
2751,91.700,0.9110,0.0,-0.1,260
2752,91.733,0.9073,-0.6,-0.7,231
2753,91.767,0.9078,-0.2,-0.9,240
2754,91.800,0.9102,-0.7,-0.3,250
2755,91.833,0.9092,-0.9,-0.8,242
2756,91.867,0.9106,-0.4,0.2,228
2757,91.900,0.9079,0.0,-0.8,252
2758,91.933,0.9098,-0.5,-1.0,262
2759,91.967,0.9092,0.4,-0.8,242
2760,92.000,0.9078,-0.3,-0.9,248
2761,92.033,0.9100,-0.3,-0.5,280
2762,92.067,0.9087,0.4,-1.2,233
2763,92.100,0.9107,-0.9,-1.3,245
2764,92.133,0.9102,0.2,-0.7,244
2765,92.167,0.9072,0.0,-1.3,240
2766,92.200,0.9090,-0.9,-1.1,237
2767,92.233,0.9104,0.6,-0.2,221
2768,92.267,0.9091,-0.6,-0.9,264
2769,92.300,0.9113,-0.2,-0.2,263
2770,92.333,0.9091,-0.8,-0.8,245
2771,92.367,0.9074,-0.1,-1.2,240
2772,92.400,0.9103,-1.1,-0.5,231
2773,92.433,0.9092,-0.5,-0.9,259
2774,92.467,0.9111,-0.6,-0.2,234
2775,92.500,0.9107,-0.8,-1.0,254
2776,92.533,0.9063,0.4,-1.1,233
2777,92.567,0.9107,0.2,-0.6,271
2778,92.600,0.9041,0.1,-1.5,191
2779,92.633,0.9086,-0.1,-0.2,234
2780,92.667,0.9077,0.1,-1.2,250
2781,92.700,0.9113,-0.6,-1.2,246
2782,92.733,0.9089,0.4,-0.9,254
2783,92.767,0.9106,-0.5,-0.4,272
2784,92.800,0.9105,-0.6,-0.7,270
2785,92.833,0.9114,-0.6,0.2,218
2786,92.867,0.9088,-0.8,-0.5,242
2787,92.900,0.9111,0.2,-0.0,228
2788,92.933,0.9135,-1.9,-0.7,209
2789,92.967,0.9106,-0.9,-1.6,220
2790,93.000,0.9102,-1.1,-1.4,231
2791,93.033,0.9109,-0.5,-0.1,243
2792,93.067,0.9075,0.7,-0.8,248
2793,93.100,0.9041,1.2,-1.3,218
2794,93.133,0.9102,1.0,-0.3,225
2795,93.167,0.9097,-0.6,-0.5,247
2796,93.200,0.9108,-1.1,-0.9,231
2797,93.233,0.9082,-0.2,-1.5,222
2798,93.267,0.9097,-0.3,-0.8,250
2799,93.300,0.9084,-0.4,-1.9,220
2800,93.333,0.9088,-0.9,-1.3,227
2801,93.367,0.9097,-0.3,-0.5,260
2802,93.400,0.9107,0.0,-0.1,240
2803,93.433,0.9091,-1.0,-0.3,212
2804,93.467,0.9105,0.0,-0.9,254
2805,93.500,0.9080,0.3,0.0,190
2806,93.533,0.9128,-0.6,-0.7,230
2807,93.567,0.9088,-0.8,-1.5,222
2808,93.600,0.9100,-0.2,-0.6,266
2809,93.633,0.9123,0.0,-0.1,211
2810,93.667,0.9081,0.1,-0.9,247
2811,93.700,0.9120,-1.5,-0.8,203
2812,93.733,0.9110,-0.9,-0.5,231
2813,93.767,0.9106,0.5,-0.6,243
2814,93.800,0.9109,-0.1,-0.7,245
2815,93.833,0.9091,-0.7,-0.6,239
2816,93.867,0.9101,-0.4,-1.1,254
2817,93.900,0.9084,0.1,-1.1,251
2818,93.933,0.9096,0.0,0.4,210
2819,93.967,0.9094,-0.5,-0.7,264
2820,94.000,0.9095,-0.5,-0.5,255
2821,94.033,0.9108,0.3,-0.3,243
2822,94.067,0.9082,-0.7,-0.9,230
2823,94.100,0.9072,-0.3,-1.0,231
2824,94.133,0.9107,0.2,-0.7,211
2825,94.167,0.9094,-0.7,-0.9,249
2826,94.200,0.9103,0.3,-0.6,266
2827,94.233,0.9094,0.0,-0.7,274
2828,94.267,0.9080,-0.3,-1.1,247
2829,94.300,0.9089,-0.3,-1.0,265
2830,94.333,0.9092,0.4,-0.9,264
2831,94.367,0.9108,-1.3,-0.7,237
2832,94.400,0.9091,-0.2,-0.4,256
2833,94.433,0.9043,0.5,-1.5,216
2834,94.467,0.9145,-1.2,-0.8,215
2835,94.500,0.9081,0.0,-0.8,265
2836,94.533,0.9100,-0.1,-0.2,204
2837,94.567,0.9105,-0.5,-0.4,268
2838,94.600,0.9097,-0.4,-0.8,278
2839,94.633,0.9112,0.0,-0.0,232
2840,94.667,0.9082,-0.8,-0.7,243
2841,94.700,0.9110,-1.2,-0.9,230
2842,94.733,0.9074,-0.4,-0.6,231
2843,94.767,0.9092,-0.1,-1.2,275
2844,94.800,0.9105,0.3,0.0,228
2845,94.833,0.9110,-0.3,-0.6,279
2846,94.867,0.9055,0.3,-1.7,198
2847,94.900,1.1560,2.2,69.5,171
2848,94.933,1.1674,0.1,71.8,211
2849,94.967,1.1691,0.1,72.6,197
2850,95.000,1.1614,2.1,71.5,187
2851,95.033,1.1710,-0.8,72.6,203
2852,95.067,1.1706,-1.1,72.0,196
2853,95.100,1.1663,0.7,71.6,216
2854,95.133,1.1643,0.3,71.5,203
2855,95.167,1.1683,-0.1,71.7,198
2856,95.200,1.1661,0.6,72.1,208
2857,95.233,1.1673,0.4,72.0,218
2858,95.267,1.1640,0.3,72.3,180
2859,95.300,1.1627,0.3,71.4,183
2860,95.333,1.1654,0.6,70.5,187
2861,95.367,1.1658,-0.0,72.0,208
2862,95.400,1.1656,0.7,71.9,222
2863,95.433,1.1700,-0.2,71.8,200
2864,95.467,1.1665,-0.2,72.6,200
2865,95.500,1.1675,0.5,72.7,206
2866,95.533,1.1715,-0.6,73.1,182
2867,95.567,1.1675,-0.1,71.1,191
2868,95.600,1.1653,0.3,71.8,216
2869,95.633,1.1684,0.2,72.4,216
2870,95.667,1.1658,0.8,71.1,194
2871,95.700,1.1671,0.3,71.8,231
2872,95.733,1.1700,-0.6,72.3,202
2873,95.767,1.1658,-0.4,71.6,205
2874,95.800,1.1671,-0.5,71.7,209
2875,95.833,1.1655,0.7,71.7,226
2876,95.867,1.1672,0.2,71.8,225
2877,95.900,1.1687,0.6,73.2,185
2878,95.933,1.1655,0.9,72.4,205
2879,95.967,1.1672,0.3,71.9,224
2880,96.000,1.1675,-0.4,72.0,224
2881,96.033,1.1658,1.1,71.7,208
2882,96.067,1.1664,-0.4,71.3,199
2883,96.100,1.1714,-0.0,72.0,181
2884,96.133,1.1677,0.0,72.7,206
2885,96.167,1.1664,1.0,72.2,211
2886,96.200,1.1656,0.9,71.3,205
2887,96.233,1.1693,0.1,72.8,210
2888,96.267,1.1650,0.8,71.2,203
2889,96.300,1.1674,-1.4,72.4,167
2890,96.333,1.1681,0.0,71.7,221
2891,96.367,1.1668,1.0,72.0,207
2892,96.400,1.1667,-0.4,71.5,209
2893,96.433,1.1656,0.7,71.6,219
2894,96.467,1.1677,0.1,72.0,225
2895,96.500,1.1660,0.8,72.6,195
2896,96.533,1.1656,0.8,72.3,183
2897,96.567,1.1652,0.8,71.8,214
2898,96.600,1.1676,0.6,72.4,215
2899,96.633,1.1705,-0.4,72.6,208
2900,96.667,1.1646,0.8,71.2,193
2901,96.700,1.1694,0.7,71.7,169
2902,96.733,1.1676,0.1,72.8,197
2903,96.767,1.1699,-0.6,71.7,194
2904,96.800,1.1654,0.7,71.8,214
2905,96.833,1.1685,-0.3,72.7,204
2906,96.867,1.1649,0.2,71.9,203
2907,96.900,1.1703,-0.8,72.3,204
2908,96.933,1.1653,0.9,72.4,193
2909,96.967,1.1704,-0.4,71.6,178
2910,97.000,1.1677,0.9,72.2,204
2911,97.033,1.1641,2.4,72.1,177
2912,97.067,1.1695,0.0,71.8,198
2913,97.100,1.1690,0.3,71.7,161
2914,97.133,1.1703,-0.6,71.5,190
2915,97.167,1.1680,-0.0,71.4,198
2916,97.200,1.1683,0.4,72.0,180
2917,97.233,1.1667,0.9,72.2,209
2918,97.267,1.1706,-0.7,72.2,195
2919,97.300,1.1674,0.1,72.1,218
2920,97.333,1.1697,0.6,72.3,195
2921,97.367,1.1627,1.5,71.7,178
2922,97.400,1.1648,0.4,71.4,213
2923,97.433,1.1680,0.0,71.9,207
2924,97.467,1.1688,-0.0,72.1,220
2925,97.500,1.1687,1.0,72.3,193
2926,97.533,1.1691,0.2,72.5,190
2927,97.567,0.9108,-1.0,-0.7,218
2928,97.600,0.9088,0.0,-1.2,237
2929,97.633,0.9105,0.1,-0.7,241
2930,97.667,0.9052,1.2,-1.5,209
2931,97.700,0.9098,-0.0,-0.7,250
2932,97.733,0.9121,-0.2,-0.5,208
2933,97.767,0.9087,0.1,-0.9,238
2934,97.800,0.9103,-0.6,-0.7,240
2935,97.833,0.9093,-0.7,-0.9,233
2936,97.867,0.9103,-0.1,-0.7,243
2937,97.900,0.9096,-0.7,-0.6,214
2938,97.933,0.9094,-0.1,-1.2,224
2939,97.967,0.9102,0.3,-0.2,176
2940,98.000,0.9101,-0.5,-1.2,191
2941,98.033,0.9106,-1.1,-2.7,149
2942,98.067,0.9078,-0.5,-1.3,169
2943,98.100,0.9093,-0.7,-0.3,172
2944,98.133,0.9058,0.1,-2.0,157
2945,98.167,0.9086,-0.6,-1.4,189
2946,98.200,0.9038,1.1,-1.3,157
2947,98.233,0.9079,-0.8,-1.4,166
2948,98.267,0.9119,-0.1,-0.6,164
2949,98.300,0.9094,-0.3,-1.0,203
2950,98.333,0.9075,-0.4,-0.6,153
2951,98.367,0.9117,-1.4,-0.7,154
2952,98.400,0.9093,-0.3,-0.9,191
2953,98.433,0.9104,-0.3,-0.2,177
2954,98.467,0.9120,-2.0,-1.3,153
2955,98.500,0.9095,-0.6,-0.9,190
2956,98.533,0.9102,-1.6,-2.2,149
2957,98.567,0.9091,-0.8,-1.8,142
2958,98.600,0.9098,-0.3,-0.5,176
2959,98.633,0.9106,-0.5,-1.4,169
2960,98.667,0.9084,-0.2,-1.0,182
2961,98.700,0.9132,-1.4,-1.2,139
2962,98.733,0.9105,-0.4,-0.9,171
2963,98.767,0.9087,-0.6,-1.0,183
2964,98.800,0.9095,-1.1,-1.0,161
2965,98.833,0.9065,-0.2,-1.2,146
2966,98.867,0.9085,-0.7,-1.4,180
2967,98.900,0.9094,-1.1,-1.4,172
2968,98.933,0.9086,-1.5,-2.8,141
2969,98.967,0.9109,-0.5,-0.8,175
2970,99.000,0.9108,-0.5,-0.8,178
2971,99.033,0.9096,-0.5,-0.8,186
2972,99.067,0.9092,-0.6,-0.8,179
2973,99.100,0.9088,-0.6,-0.9,172
2974,99.133,0.9114,-1.4,-0.4,152
2975,99.167,0.9094,-0.4,-0.8,179
2976,99.200,0.9112,-0.8,-0.4,173
2977,99.233,0.9093,0.0,-1.0,176
2978,99.267,0.9063,0.4,-1.0,153
2979,99.300,0.9107,-0.6,-1.3,174
2980,99.333,0.9089,-0.3,-1.2,185
2981,99.367,0.9089,-0.1,-1.0,185
2982,99.400,0.9102,-0.9,-0.7,178
2983,99.433,0.9082,-0.4,-0.8,174
2984,99.467,0.9089,-0.9,-1.0,165
2985,99.500,0.9083,-0.8,-1.0,163
2986,99.533,0.9088,-0.7,-1.2,176
2987,99.567,0.9085,-0.5,-1.0,184
2988,99.600,0.9097,-0.6,-0.9,197
2989,99.633,0.9113,-0.7,-0.1,168
2990,99.667,0.9108,-1.3,-1.8,160
2991,99.700,0.9103,-0.3,-1.1,194
2992,99.733,0.9091,-0.9,-1.2,188
2993,99.767,0.9091,-0.9,-1.2,188
2994,99.800,0.9092,-0.8,-1.2,190
2995,99.833,0.9095,-0.5,-1.0,199
2996,99.867,0.9087,-0.5,-1.3,202
2997,99.900,0.9109,-0.3,-1.2,199
2998,99.933,0.9073,-0.3,-1.8,181
2999,99.967,0.9111,-0.9,-0.3,195
3000,100.000,0.9086,-0.2,-0.8,226
3001,100.033,0.9090,-0.7,-1.0,243
3002,100.067,0.9097,-0.4,-1.2,252
3003,100.100,0.9123,-0.7,-0.1,205
3004,100.133,0.9114,-0.2,-0.3,230
3005,100.167,0.9092,0.2,-0.5,231
3006,100.200,0.9073,0.4,-0.5,230
3007,100.233,0.9092,0.0,-0.3,229
3008,100.267,0.9095,-0.3,-1.4,252
3009,100.300,0.9089,-0.8,-1.2,226
3010,100.333,0.9092,-0.5,-0.8,246
3011,100.367,0.9092,-0.5,-0.8,246
3012,100.400,0.9081,-0.1,-1.0,239
3013,100.433,0.9095,-0.6,-0.8,234
3014,100.467,0.9096,-0.2,-1.1,249
3015,100.500,0.9105,0.3,-0.7,217
3016,100.533,0.9087,-0.3,-0.4,194
3017,100.567,0.9047,0.8,-2.1,203
3018,100.600,0.9064,0.5,-0.7,215
3019,100.633,0.9082,-0.9,-1.2,206
3020,100.667,0.9104,-0.7,-1.1,223
3021,100.700,0.9087,-0.7,-0.9,233
3022,100.733,0.9105,-0.5,-1.1,230
3023,100.767,0.9099,0.7,-0.2,172
3024,100.800,0.9092,-1.3,-2.0,183
3025,100.833,0.8994,1.8,-3.1,160
3026,100.867,0.9108,-0.4,-0.9,220
3027,100.900,0.9080,-0.3,-0.5,203
3028,100.933,0.9078,-0.9,-0.9,211
3029,100.967,0.9114,-0.4,-0.7,217
3030,101.000,0.9079,-1.1,-0.6,188
3031,101.033,0.9111,-0.6,-0.6,213
3032,101.067,0.9077,-0.3,-1.2,211
3033,101.100,0.9058,0.6,-0.8,190
3034,101.133,0.9096,-1.2,-0.9,200
3035,101.167,0.9083,-0.2,-1.5,209
3036,101.200,0.9044,0.5,-1.4,173
3037,101.233,0.9099,-0.4,-1.0,231
3038,101.267,0.9084,-0.3,-1.1,218
3039,101.300,0.9080,-0.4,-1.9,198
3040,101.333,0.9109,-0.4,-0.4,215
3041,101.367,0.9108,-0.3,0.3,183
3042,101.400,0.9096,-0.7,-1.3,186
3043,101.433,0.9091,-0.8,-0.8,170
3044,101.467,0.9087,0.3,-1.6,191
3045,101.500,0.9096,-1.3,-2.0,186
3046,101.533,0.9091,-0.2,-1.5,219
3047,101.567,0.9076,-0.2,-1.6,195
3048,101.600,0.9097,-0.2,-0.7,221
3049,101.633,0.9097,-0.7,-0.6,195
3050,101.667,0.9090,-0.6,-0.8,215
3051,101.700,0.9117,-0.5,-0.8,207
3052,101.733,0.9047,0.2,-2.1,164
3053,101.767,0.9095,-0.3,-0.6,213
3054,101.800,0.9085,-0.5,-2.0,184
3055,101.833,0.9121,-1.1,-0.9,160
3056,101.867,0.9047,0.6,-1.5,180
3057,101.900,0.9107,0.0,-0.0,199
3058,101.933,0.9108,-1.1,-1.4,180
3059,101.967,0.9096,-0.6,-1.1,195
3060,102.000,0.9131,-1.5,-0.7,182
3061,102.033,0.9041,-0.0,-2.6,160
3062,102.067,0.9102,-0.5,-0.8,220
3063,102.100,0.9072,0.5,-1.8,201
3064,102.133,0.9126,-1.6,-1.0,181
3065,102.167,0.9060,0.9,-1.6,187
3066,102.200,0.9092,-0.4,-0.7,212
3067,102.233,0.9112,-0.2,0.5,175
3068,102.267,0.9090,-0.4,-1.0,210
3069,102.300,0.9107,-0.9,-0.5,207
3070,102.333,0.9123,-1.1,-1.2,196
3071,102.367,0.9134,-0.1,-0.8,175
3072,102.400,0.9088,-0.5,-1.0,215
3073,102.433,0.9096,-0.2,-1.2,221
3074,102.467,0.9089,-0.9,-1.6,183
3075,102.500,0.9100,-0.0,-1.3,211
3076,102.533,0.9078,-0.3,-2.0,174
3077,102.567,0.9111,-1.1,-0.6,215
3078,102.600,,,,0
3079,102.633,,,,0
3080,102.667,,,,0
3081,102.700,,,,0
3082,102.733,,,,0
3083,102.767,,,,0
3084,102.800,,,,0
3085,102.833,,,,0
3086,102.867,,,,0
3087,102.900,,,,0
3088,102.933,,,,0
3089,102.967,,,,0
3090,103.000,,,,0
3091,103.033,,,,0
3092,103.067,,,,0
3093,103.100,,,,0
3094,103.133,,,,0
3095,103.167,,,,0
3096,103.200,,,,0
3097,103.233,,,,0
3098,103.267,,,,0
3099,103.300,,,,0
3100,103.333,,,,0
3101,103.367,,,,0
3102,103.400,,,,0
3103,103.433,,,,0
3104,103.467,,,,0
3105,103.500,,,,0
3106,103.533,,,,0
3107,103.567,,,,0
3108,103.600,,,,0
3109,103.633,,,,0
3110,103.667,,,,0
3111,103.700,,,,0
3112,103.733,,,,0
3113,103.767,,,,0
3114,103.800,,,,0
3115,103.833,,,,0
3116,103.867,,,,0
3117,103.900,,,,0
3118,103.933,,,,0
3119,103.967,,,,0
3120,104.000,,,,0
3121,104.033,,,,0
3122,104.067,,,,0
3123,104.100,,,,0
3124,104.133,,,,0
3125,104.167,,,,0
3126,104.200,,,,0
3127,104.233,,,,0
3128,104.267,,,,0
3129,104.300,,,,0
3130,104.333,,,,0
3131,104.367,,,,0
3132,104.400,,,,0
3133,104.433,,,,0
3134,104.467,,,,0
3135,104.500,,,,0
3136,104.533,,,,0
3137,104.567,,,,0
3138,104.600,,,,0
3139,104.633,,,,0
3140,104.667,,,,0
3141,104.700,,,,0
3142,104.733,,,,0
3143,104.767,,,,0
3144,104.800,,,,0
3145,104.833,,,,0
3146,104.867,,,,0
3147,104.900,,,,0
3148,104.933,,,,0
3149,104.967,,,,0
3150,105.000,,,,0
3151,105.033,,,,0
3152,105.067,,,,0
3153,105.100,,,,0
3154,105.133,0.9155,-0.6,-1.0,253
3155,105.167,0.9181,-0.1,-1.1,248
3156,105.200,0.9145,-0.6,-0.3,219
3157,105.233,0.9177,-0.3,-0.1,224
3158,105.267,0.9153,-0.9,-1.9,240
3159,105.300,0.9162,-0.5,-1.2,275
3160,105.333,0.9168,-1.4,-1.9,223
3161,105.367,0.9176,-1.4,-0.6,241
3162,105.400,0.9190,-0.8,-1.2,229
3163,105.433,0.9164,0.6,-1.2,236
3164,105.467,0.9135,-0.3,-2.0,240
3165,105.500,0.9118,0.9,-1.7,245
3166,105.533,0.9122,0.4,-1.7,244
3167,105.567,0.9198,-0.6,-0.7,219
3168,105.600,0.9162,-0.4,-1.3,274
3169,105.633,0.9178,-0.8,-1.2,252
3170,105.667,0.9170,-0.2,-0.3,251
3171,105.700,0.9163,-0.3,-0.8,289
3172,105.733,0.9161,-0.6,-1.1,272
3173,105.767,0.9127,0.4,-1.1,271
3174,105.800,0.9162,-0.4,-1.5,264
3175,105.833,0.9157,-1.0,-1.2,256
3176,105.867,0.9154,0.8,-1.3,241
3177,105.900,0.9100,1.3,-1.2,217
3178,105.933,0.9141,-0.4,-1.6,256
3179,105.967,0.9152,-0.3,-1.3,234
3180,106.000,0.9152,0.1,-1.4,257
3181,106.033,0.9181,-1.6,-0.7,232
3182,106.067,0.9169,-0.6,-1.0,278
3183,106.100,0.9139,-0.4,-2.2,235
3184,106.133,0.9125,-0.0,-1.1,248
3185,106.167,0.9151,-0.7,-1.0,270
3186,106.200,0.9146,-0.3,-1.1,249
3187,106.233,0.9187,-0.8,0.1,213
3188,106.267,0.9157,-0.9,-0.7,259
3189,106.300,0.9188,-0.6,-0.1,223
3190,106.333,0.9122,0.4,-2.1,207
3191,106.367,0.9131,-0.0,-1.7,226
3192,106.400,0.9194,-1.1,-1.2,226
3193,106.433,0.9158,-0.6,-0.9,252
3194,106.467,0.9152,-0.9,-1.0,259
3195,106.500,0.9147,-0.8,-1.3,257
3196,106.533,0.9142,-0.9,-2.2,217
3197,106.567,0.9158,-0.5,-1.3,263
3198,106.600,0.9166,-0.6,0.2,204
3199,106.633,0.9104,0.4,-1.0,220
3200,106.667,0.9173,1.0,-0.8,197
3201,106.700,0.9140,-0.4,-1.3,257
3202,106.733,0.9150,-1.3,-1.8,196
3203,106.767,0.9161,-0.6,-0.9,267
3204,106.800,0.9140,-0.9,-2.1,209
3205,106.833,0.9152,-0.8,-1.3,248
3206,106.867,0.9172,-0.1,-0.8,246
3207,106.900,0.9156,-1.1,-1.9,229
3208,106.933,0.9136,-0.2,-1.1,248
3209,106.967,0.9157,-0.7,-0.1,196
3210,107.000,0.9161,-0.6,-1.2,264
3211,107.033,0.9172,-0.8,-0.4,243
3212,107.067,0.9168,-1.1,-1.0,244
3213,107.100,0.9179,-0.4,-1.1,244
3214,107.133,0.9165,0.0,-1.1,238
3215,107.167,0.9146,-0.7,-1.4,253
3216,107.200,0.9147,-0.8,-0.9,234
3217,107.233,0.9181,-0.7,-0.7,239
3218,107.267,0.9155,-0.8,-1.8,239
3219,107.300,0.9158,-0.1,-0.8,262
3220,107.333,0.9147,-0.6,-1.6,254
3221,107.367,0.9179,-1.0,-1.2,241
3222,107.400,0.9162,-1.0,-1.0,257
3223,107.433,0.9152,-0.7,-1.1,264
3224,107.467,0.9167,-0.4,-0.5,254
3225,107.500,0.9176,-0.3,0.7,204
3226,107.533,0.9165,-0.5,-1.0,274
3227,107.567,0.9186,0.1,-0.4,213
3228,107.600,0.9122,0.4,-1.9,206
3229,107.633,0.9171,-0.8,-0.6,252
3230,107.667,0.9169,-0.1,-0.5,249
3231,107.700,0.9126,-0.6,-1.9,198
3232,107.733,0.9150,-1.0,-1.5,257
3233,107.767,0.9154,-0.8,-0.7,255
3234,107.800,0.9138,-0.5,-1.8,245
3235,107.833,0.9142,0.3,-1.2,236
3236,107.867,0.9163,-0.4,-1.3,264
3237,107.900,0.9136,0.2,-1.2,251
3238,107.933,0.9156,-0.3,-0.5,239
3239,107.967,0.9154,-0.8,-1.1,265
3240,108.000,0.9175,-0.8,-1.2,241
3241,108.033,0.9161,-1.2,-2.2,221
3242,108.067,0.9148,-0.3,-0.9,273
3243,108.100,0.9173,-0.2,0.6,211
3244,108.133,0.9143,0.3,-1.1,245
3245,108.167,0.9152,-0.5,-1.6,257
3246,108.200,0.9159,0.2,-0.9,260
3247,108.233,0.9170,-0.9,-0.6,241
3248,108.267,0.9179,-0.9,-1.3,240
3249,108.300,0.9162,-1.2,-0.5,213
3250,108.333,0.9157,-0.8,-1.1,247
3251,108.367,0.9155,0.4,-1.0,253
3252,108.400,0.9174,-1.2,-1.6,222
3253,108.433,0.9155,0.0,-0.5,249
3254,108.467,0.9164,-0.4,-1.1,274
3255,108.500,0.9135,-0.0,-1.3,261
3256,108.533,0.9130,-0.3,-1.9,219
3257,108.567,0.9152,-0.7,-1.5,261
3258,108.600,0.9159,-0.3,-0.7,271
3259,108.633,0.9160,-0.6,-0.9,267
3260,108.667,0.9182,-1.3,-0.8,224
3261,108.700,0.9157,-0.8,-1.0,266
3262,108.733,0.9161,-0.6,-1.5,257
3263,108.767,0.9148,-0.4,-1.8,244
3264,108.800,0.9132,-0.1,-1.5,236
3265,108.833,0.9154,-0.2,-0.9,272
3266,108.867,0.9158,-0.4,-0.7,234
3267,108.900,0.9151,-0.6,-1.4,266
3268,108.933,0.9168,-1.0,-1.1,250
3269,108.967,0.9142,-0.3,-1.6,253
3270,109.000,0.9164,-0.8,-1.2,242
3271,109.033,0.9158,-0.7,-0.8,266
3272,109.067,0.9170,-0.3,-1.4,253
3273,109.100,0.9139,0.2,-1.4,240
3274,109.133,0.9131,-0.3,-1.3,234
3275,109.167,0.9136,-0.2,-1.0,248
3276,109.200,0.9135,-0.0,-1.2,258
3277,109.233,0.9173,-1.5,-1.5,216
3278,109.267,0.9145,-0.4,-1.4,254
3279,109.300,0.9137,-0.7,-1.3,226
3280,109.333,0.9160,-0.3,-1.2,266
3281,109.367,0.9150,-0.2,-1.0,204
3282,109.400,0.9157,-0.5,-1.4,246
3283,109.433,0.9156,-0.6,-0.9,252
3284,109.467,0.9162,-0.6,-1.0,250
3285,109.500,0.9151,-0.2,-1.5,216
3286,109.533,0.9167,0.3,-0.4,201
3287,109.567,0.9152,-0.6,-0.8,220
3288,109.600,0.9177,-1.0,-0.3,206
3289,109.633,0.9165,-0.6,-0.7,237
3290,109.667,0.9175,-1.3,-1.4,203
3291,109.700,0.9162,-0.4,-0.6,231
3292,109.733,0.9143,-1.2,-1.0,186
3293,109.767,0.9152,-0.6,-1.2,244
3294,109.800,0.9149,-0.9,-1.8,203
3295,109.833,0.9150,-0.4,-1.5,210
3296,109.867,0.9167,-0.3,-1.2,240
3297,109.900,0.9149,0.0,-0.7,216
3298,109.933,0.9157,-0.5,-1.1,248
3299,109.967,0.9180,-0.6,-0.7,224
3300,110.000,0.9148,-0.2,-1.5,226
3301,110.033,0.9175,-0.8,-0.6,214
3302,110.067,0.9137,-0.9,-1.5,191
3303,110.100,0.9146,-0.3,-1.0,234
3304,110.133,0.9135,-0.2,-0.6,206
3305,110.167,0.9147,0.3,-1.1,209
3306,110.200,0.9149,-0.4,-1.2,233
3307,110.233,0.9135,-0.0,-1.5,197
3308,110.267,0.9167,-1.2,-0.8,214
3309,110.300,0.9185,-0.8,-0.0,196
3310,110.333,0.9145,0.3,-1.0,211
3311,110.367,0.9150,-0.2,-1.8,212
3312,110.400,0.9167,-0.0,-0.7,224
3313,110.433,0.9156,-1.0,-0.9,229
3314,110.467,0.9146,-0.2,-1.7,237
3315,110.500,0.9181,-1.0,-1.1,215
3316,110.533,0.9140,0.1,-1.4,242
3317,110.567,0.9147,-0.9,-1.6,231
3318,110.600,0.9144,0.1,-1.0,245
3319,110.633,0.9169,-0.8,-1.5,234
3320,110.667,0.9189,-1.0,-0.3,202
3321,110.700,0.9158,-0.3,-1.3,254
3322,110.733,0.9168,-0.5,-1.4,240
3323,110.767,0.9181,-1.0,-1.4,208
3324,110.800,0.9169,-1.0,-1.3,220
3325,110.833,0.9127,-0.5,-1.3,211
3326,110.867,0.9146,-0.7,-0.8,230
3327,110.900,0.9122,0.4,-1.4,222
3328,110.933,0.9134,-0.0,-1.4,236
3329,110.967,0.9192,-1.0,-1.0,210
3330,111.000,0.9159,-0.8,-1.1,249
3331,111.033,0.9154,-0.6,-1.3,243
3332,111.067,0.9145,0.7,-0.8,209
3333,111.100,0.9154,0.0,-0.6,247
3334,111.133,0.9177,-1.0,-0.5,220
3335,111.167,0.9170,-0.3,-0.7,244
3336,111.200,0.9162,-0.4,-1.2,234
3337,111.233,0.9150,-0.4,-1.2,233
3338,111.267,0.9158,-0.6,-0.7,249
3339,111.300,0.9169,-0.4,-0.9,253
3340,111.333,0.9154,0.0,-0.5,237
3341,111.367,1.1492,0.3,92.7,176
3342,111.400,1.1499,0.6,94.3,207
3343,111.433,1.1507,-0.8,93.5,217
3344,111.467,1.1488,-0.7,93.4,187
3345,111.500,1.1483,-0.2,92.9,169
3346,111.533,1.1493,0.2,94.7,212
3347,111.567,1.1499,1.2,94.2,165
3348,111.600,1.1373,2.6,91.8,163
3349,111.633,1.1549,-0.6,93.8,163
3350,111.667,1.1493,-0.4,93.3,183
3351,111.700,1.1494,1.0,94.6,179
3352,111.733,1.1540,-0.2,95.0,173
3353,111.767,1.1524,-0.5,95.8,180
3354,111.800,1.1477,-0.1,94.4,192
3355,111.833,1.1515,-1.4,94.3,202
3356,111.867,1.1508,0.1,95.0,197
3357,111.900,1.1549,-1.5,94.4,186
3358,111.933,1.1529,-0.2,93.7,168
3359,111.967,1.1460,-0.1,93.1,175
3360,112.000,1.1504,-0.9,94.3,207
3361,112.033,1.1527,-1.2,95.1,184
3362,112.067,1.1543,-0.8,95.2,186
3363,112.100,1.1476,1.0,94.4,178
3364,112.133,1.1523,-1.4,94.0,208
3365,112.167,1.1558,-2.3,93.6,168
3366,112.200,1.1514,0.2,94.7,203
3367,112.233,1.1492,0.0,94.9,192
3368,112.267,1.1488,1.1,94.1,185
3369,112.300,1.1512,-1.1,93.9,200
3370,112.333,1.1535,-0.3,94.6,187
3371,112.367,1.1491,0.4,94.3,184
3372,112.400,1.1544,-1.7,94.8,170
3373,112.433,1.1554,-1.0,95.1,176
3374,112.467,1.1528,-1.3,94.8,179
3375,112.500,1.1508,-1.0,93.4,203
3376,112.533,1.1487,0.6,94.2,213
3377,112.567,1.1515,0.2,94.7,202
3378,112.600,1.1487,-0.7,93.2,189
3379,112.633,1.1474,0.7,95.4,175
3380,112.667,1.1529,-1.0,94.9,184
3381,112.700,1.1527,-0.9,93.6,196
3382,112.733,1.1485,0.9,94.9,176
3383,112.767,1.1528,-1.7,94.3,172
3384,112.800,1.1484,0.3,93.2,196
3385,112.833,1.1549,-0.9,95.5,184
3386,112.867,1.1479,2.1,94.2,157
3387,112.900,1.1452,1.4,93.2,190
3388,112.933,1.1536,-1.5,94.3,188
3389,112.967,1.1533,-1.6,94.6,181
3390,113.000,1.1486,0.1,94.9,205
3391,113.033,1.1510,-0.6,93.6,200
3392,113.067,1.1538,-0.5,96.0,170
3393,113.100,1.1514,0.7,94.4,180
3394,113.133,1.1488,-0.0,94.5,209
3395,113.167,1.1513,0.2,94.7,194
3396,113.200,1.1468,0.8,93.9,192
3397,113.233,1.1527,-0.0,95.3,173
3398,113.267,1.1543,-1.3,95.0,162
3399,113.300,1.1527,-0.7,94.9,187
3400,113.333,1.1436,2.3,95.0,157
3401,113.367,1.1550,0.0,95.1,144
3402,113.400,1.1535,-1.0,93.9,165
3403,113.433,1.1509,0.6,95.0,172
3404,113.467,1.1485,0.3,93.7,180
3405,113.500,1.1521,0.6,95.6,148
3406,113.533,1.1550,-0.7,96.2,147
3407,113.567,1.1517,-0.0,94.2,152
3408,113.600,1.1470,-0.5,93.8,153
3409,113.633,1.1515,0.0,94.1,149
3410,113.667,1.1518,0.3,95.2,157
3411,113.700,1.1537,0.2,95.2,141
3412,113.733,1.1526,-0.3,94.3,146
3413,113.767,1.1526,-0.3,94.1,162
3414,113.800,1.1495,0.8,93.8,144
3415,113.833,1.1480,0.9,93.3,158
3416,113.867,1.1469,1.7,94.2,150
3417,113.900,1.1429,2.8,95.3,150
3418,113.933,1.1515,0.1,94.9,172
3419,113.967,1.1486,0.3,94.4,186
3420,114.000,1.1496,0.4,94.2,163
3421,114.033,1.1487,0.6,94.7,174
3422,114.067,1.1502,-0.8,93.7,178
3423,114.100,1.1508,0.1,95.4,197
3424,114.133,1.1490,1.3,94.4,184
3425,114.167,1.1524,-1.3,94.3,201
3426,114.200,1.1529,-0.1,95.4,183
3427,114.233,1.1518,-0.1,94.3,204
3428,114.267,1.1543,-0.9,96.1,164
3429,114.300,1.1483,0.6,95.1,201
3430,114.333,1.1491,1.2,95.1,171
3431,114.367,1.1462,0.1,93.3,183
3432,114.400,1.1470,1.1,94.5,196
3433,114.433,1.1488,0.2,94.5,207
3434,114.467,1.1519,-0.9,94.4,213
3435,114.500,1.1514,0.3,93.3,158
3436,114.533,1.1486,-0.4,94.8,183
3437,114.567,1.1512,-0.9,94.2,202
3438,114.600,1.1489,-0.5,93.8,203
3439,114.633,1.1529,-0.6,94.8,197
3440,114.667,1.1531,-0.2,95.1,195
3441,114.700,1.1506,-0.5,94.2,180
3442,114.733,1.1523,0.2,95.4,193
3443,114.767,1.1474,1.0,94.6,205
3444,114.800,1.1498,1.6,95.3,175
3445,114.833,1.1515,0.4,95.2,201
3446,114.867,1.1533,-1.1,93.4,164
3447,114.900,1.1501,0.0,94.8,195
3448,114.933,1.1517,-0.3,93.6,188
3449,114.967,1.1521,1.0,95.5,179
3450,115.000,1.1489,1.4,94.2,179
3451,115.033,1.1490,-0.2,93.4,188
3452,115.067,1.1512,0.4,95.6,176
3453,115.100,1.1511,-0.1,95.7,204
3454,115.133,1.1494,0.0,95.9,177
3455,115.167,1.1507,0.7,95.3,178
3456,115.200,1.1516,0.1,95.2,199
3457,115.233,1.1472,0.5,94.8,172
3458,115.267,1.1529,-0.6,94.8,211
3459,115.300,1.1514,-0.5,94.7,217
3460,115.333,1.1528,-0.1,95.3,190
3461,115.367,1.1508,-0.1,94.9,217
3462,115.400,1.1521,0.2,94.6,194
3463,115.433,1.1475,-0.2,94.4,184
3464,115.467,1.1532,-0.4,94.7,199
3465,115.500,0.9168,-1.4,-0.5,199
3466,115.533,0.9100,1.4,-1.9,201
3467,115.567,0.9140,-0.2,-1.7,243
3468,115.600,0.9171,-0.3,-0.8,258
3469,115.633,0.9151,-0.9,-1.2,236
3470,115.667,0.9150,-0.4,-1.7,221
3471,115.700,0.9149,0.7,-1.3,225
3472,115.733,0.9160,-0.8,-1.8,230
3473,115.767,0.9143,-0.3,-1.6,250
3474,115.800,0.9160,-0.8,-1.8,231
3475,115.833,0.9176,-0.6,-1.0,253
3476,115.867,0.9187,-0.6,-0.8,240
3477,115.900,0.9116,0.1,-1.6,247
3478,115.933,0.9153,0.1,-0.8,267
3479,115.967,0.9167,0.3,-0.5,268
3480,116.000,0.9168,0.0,0.3,231
3481,116.033,0.9158,-0.8,-1.1,268
3482,116.067,0.9175,-0.0,-0.6,268
3483,116.100,0.9105,1.2,-1.9,217
3484,116.133,0.9164,-0.4,-1.3,251
3485,116.167,0.9159,-0.4,-1.2,245
3486,116.200,0.9180,-0.3,-0.8,205
3487,116.233,0.9140,0.7,-0.9,207
3488,116.267,0.9171,-0.3,-1.4,229
3489,116.300,0.9151,0.2,-0.4,219
3490,116.333,0.9184,-1.0,-1.2,227
3491,116.367,0.9176,-0.9,-1.2,227
3492,116.400,0.9158,0.7,-0.4,186
3493,116.433,0.9174,0.1,0.0,188
3494,116.467,0.9140,0.4,-1.4,226
3495,116.500,0.9157,-0.2,-1.1,234
3496,116.533,0.9140,0.2,-1.4,233
3497,116.567,0.9145,0.8,-1.1,218
3498,116.600,0.9187,-0.6,-0.5,222
3499,116.633,0.9140,0.4,-1.4,241
3500,116.667,0.9128,-0.4,-2.6,204
3501,116.700,0.9150,-0.3,-1.4,241
3502,116.733,0.9155,0.4,-1.3,227
3503,116.767,0.9162,-0.6,-0.6,237
3504,116.800,0.9191,-0.8,-0.5,212
3505,116.833,0.9147,-0.9,-0.9,221
3506,116.867,0.9140,0.9,-0.9,208
3507,116.900,0.9157,-0.4,-1.6,233
3508,116.933,0.9187,-0.8,-0.8,229
3509,116.967,0.9168,-0.9,-1.3,247
3510,117.000,0.9141,-0.2,-1.7,226
3511,117.033,0.9132,-0.4,-1.2,233
3512,117.067,0.9174,-0.6,-1.0,244
3513,117.100,0.9172,-0.5,-0.3,207
3514,117.133,0.9128,0.2,-2.2,205
3515,117.167,0.9135,0.2,-1.5,235
3516,117.200,0.9171,-0.3,-0.0,217
3517,117.233,0.9171,-1.2,-1.2,223
3518,117.267,0.9167,-0.4,-1.1,256
3519,117.300,0.9165,-1.1,-1.2,234
3520,117.333,0.9139,0.7,-1.4,224
3521,117.367,0.9155,-0.5,-0.8,238
3522,117.400,0.9169,-0.4,-0.6,198
3523,117.433,0.9142,0.2,-1.3,254
3524,117.467,0.9137,-0.1,-2.1,222
3525,117.500,0.9144,0.0,-1.3,257
3526,117.533,0.9163,-0.8,-0.8,223
3527,117.567,0.9097,0.5,-2.8,206
3528,117.600,0.9126,-0.3,-2.0,220
3529,117.633,0.9129,-0.1,-1.2,238
3530,117.667,0.9144,-1.1,-1.1,199
3531,117.700,0.9146,-0.8,-1.6,237
3532,117.733,0.9150,-0.4,-1.4,250
3533,117.767,0.9096,1.1,-2.1,216
3534,117.800,0.9146,1.0,-1.2,218
3535,117.833,0.9160,-0.9,-1.0,238
3536,117.867,0.9131,0.2,-2.0,228
3537,117.900,0.9151,-0.2,-1.1,259
3538,117.933,0.9141,0.9,-1.1,236
3539,117.967,0.9168,-0.3,-1.0,261
3540,118.000,0.9153,0.1,-0.3,232
3541,118.033,0.9128,0.0,-1.6,240
3542,118.067,0.9153,-0.1,-1.2,266
3543,118.100,0.9130,-0.2,-1.4,238
3544,118.133,0.9173,-0.6,0.0,198
3545,118.167,0.9164,-0.8,-1.6,234
3546,118.200,0.9171,-0.8,-1.0,247
3547,118.233,0.9139,0.3,-1.1,264
3548,118.267,0.9154,-0.4,-0.8,245
3549,118.300,0.9115,1.1,-1.5,243
3550,118.333,0.9160,-0.7,-0.5,239
3551,118.367,0.9170,-1.0,-0.3,201
3552,118.400,0.9158,-0.5,-1.5,255
3553,118.433,0.9141,0.8,-1.0,243
3554,118.467,0.9171,-0.8,-1.9,216
3555,118.500,0.9146,-0.3,-2.0,222
3556,118.533,0.9155,-0.3,-1.7,238
3557,118.567,0.9167,0.0,-1.3,241
3558,118.600,0.9155,-0.1,-1.0,268
3559,118.633,0.9124,0.5,-1.3,253
3560,118.667,0.9157,-0.6,-2.1,209
3561,118.700,0.9169,-0.8,-1.5,245
3562,118.733,0.9158,-0.2,-1.5,255
3563,118.767,0.9165,-0.1,-0.6,235
3564,118.800,0.9146,0.8,-0.6,199
3565,118.833,0.9175,-0.8,-0.5,231
3566,118.867,0.9141,0.4,-1.4,258
3567,118.900,0.9132,1.6,-1.2,203
3568,118.933,0.9145,0.0,-1.2,266
3569,118.967,0.9162,-0.2,-0.7,271
3570,119.000,0.9138,-0.5,-1.4,244
3571,119.033,0.9139,0.3,-1.8,236
3572,119.067,0.9134,-0.0,-1.6,239
3573,119.100,0.9143,0.5,-0.4,230
3574,119.133,0.9154,-0.1,-1.2,258
3575,119.167,0.9136,0.3,-1.7,235
3576,119.200,0.9157,-0.7,-1.0,252
3577,119.233,0.9155,-0.1,-1.2,253
3578,119.267,0.9116,0.1,-2.6,216
3579,119.300,0.9154,-0.3,-1.7,240
3580,119.333,0.9143,-0.3,-1.2,255
3581,119.367,0.9177,-0.5,-0.9,202
3582,119.400,0.9174,-0.9,-1.0,180
3583,119.433,0.9141,0.0,-1.9,139
3584,119.467,0.9141,1.0,-0.9,108
3585,119.500,,,,0
3586,119.533,,,,0
3587,119.567,,,,0
3588,119.600,,,,0
3589,119.633,,,,0
3590,119.667,,,,0
3591,119.700,,,,0
3592,119.733,,,,0
3593,119.767,,,,0
3594,119.800,,,,0
3595,119.833,,,,0
3596,119.867,,,,0
3597,119.900,,,,0
3598,119.933,,,,0
3599,119.967,,,,0
3600,120.000,,,,0
3601,120.033,,,,0
3602,120.067,,,,0
3603,120.100,,,,0
3604,120.133,,,,0
3605,120.167,,,,0
3606,120.200,,,,0
3607,120.233,,,,0
3608,120.267,,,,0
3609,120.300,,,,0
3610,120.333,,,,0
3611,120.367,,,,0
3612,120.400,,,,0
3613,120.433,,,,0
3614,120.467,,,,0
3615,120.500,,,,0
3616,120.533,,,,0
3617,120.567,,,,0
3618,120.600,,,,0
3619,120.633,,,,0
3620,120.667,,,,0
3621,120.700,,,,0
3622,120.733,,,,0
3623,120.767,,,,0
3624,120.800,,,,0
3625,120.833,,,,0
3626,120.867,,,,0
3627,120.900,,,,0
3628,120.933,,,,0
3629,120.967,,,,0
3630,121.000,,,,0
3631,121.033,,,,0
3632,121.067,,,,0
3633,121.100,,,,0
3634,121.133,,,,0
3635,121.167,,,,0
3636,121.200,,,,0
3637,121.233,,,,0
3638,121.267,,,,0
3639,121.300,,,,0
3640,121.333,,,,0
3641,121.367,,,,0
3642,121.400,,,,0
3643,121.433,,,,0
3644,121.467,,,,0
3645,121.500,,,,0
3646,121.533,,,,0
3647,121.567,,,,0
3648,121.600,,,,0
3649,121.633,,,,0
3650,121.667,,,,0
3651,121.700,,,,0
3652,121.733,,,,0
3653,121.767,,,,0
3654,121.800,,,,0
3655,121.833,,,,0
3656,121.867,,,,0
3657,121.900,,,,0
3658,121.933,,,,0
3659,121.967,,,,0
3660,122.000,,,,0
3661,122.033,,,,0
3662,122.067,,,,0
3663,122.100,,,,0
3664,122.133,,,,0
3665,122.167,,,,0
3666,122.200,,,,0
3667,122.233,,,,0
3668,122.267,,,,0
3669,122.300,,,,0
3670,122.333,,,,0
3671,122.367,,,,0
3672,122.400,,,,0
3673,122.433,,,,0
3674,122.467,,,,0
3675,122.500,,,,0
3676,122.533,,,,0
3677,122.567,,,,0
3678,122.600,,,,0
3679,122.633,,,,0
3680,122.667,,,,0
3681,122.700,,,,0
3682,122.733,,,,0
3683,122.767,,,,0
3684,122.800,,,,0
3685,122.833,,,,0
3686,122.867,,,,0
3687,122.900,,,,0
3688,122.933,,,,0
3689,122.967,,,,0
3690,123.000,,,,0
3691,123.033,,,,0
3692,123.067,,,,0
3693,123.100,,,,0
3694,123.133,,,,0
3695,123.167,,,,0
3696,123.200,,,,0
3697,123.233,,,,0
3698,123.267,,,,0
3699,123.300,,,,0
3700,123.333,,,,0
3701,123.367,,,,0
3702,123.400,,,,0
3703,123.433,,,,0
3704,123.467,,,,0
3705,123.500,,,,0
3706,123.533,,,,0
3707,123.567,,,,0
3708,123.600,,,,0
3709,123.633,,,,0
3710,123.667,,,,0
3711,123.700,,,,0
3712,123.733,,,,0
3713,123.767,,,,0
3714,123.800,,,,0
3715,123.833,,,,0
3716,123.867,,,,0
3717,123.900,,,,0
3718,123.933,,,,0
3719,123.967,,,,0
3720,124.000,,,,0
3721,124.033,,,,0
3722,124.067,,,,0
3723,124.100,,,,0
3724,124.133,,,,0
3725,124.167,,,,0
3726,124.200,,,,0
3727,124.233,,,,0
3728,124.267,,,,0
3729,124.300,,,,0
3730,124.333,,,,0
3731,124.367,,,,0
3732,124.400,,,,0
3733,124.433,,,,0
3734,124.467,,,,0
3735,124.500,,,,0
3736,124.533,,,,0
3737,124.567,,,,0
3738,124.600,0.9020,1.5,-1.0,123
3739,124.633,0.9088,-0.7,-0.9,226
3740,124.667,0.9107,-1.5,-0.7,239
3741,124.700,0.9107,-0.5,-1.0,254
3742,124.733,0.9091,-0.7,-1.5,273
3743,124.767,0.9063,-0.5,-1.7,248
3744,124.800,0.9108,-2.3,-0.9,225
3745,124.833,0.9098,-1.1,-1.2,274
3746,124.867,0.9045,0.0,-0.7,218
3747,124.900,0.9101,-1.2,-1.0,263
3748,124.933,0.9117,-1.8,-1.5,245
3749,124.967,0.9069,-0.4,-1.9,251
3750,125.000,0.9086,-1.5,-1.1,286
3751,125.033,0.9085,-1.4,-1.3,284
3752,125.067,0.9063,-0.8,-1.1,274
3753,125.100,0.9082,-0.6,-1.0,284
3754,125.133,0.9091,-1.6,-1.5,271
3755,125.167,0.9090,-1.1,-1.3,289
3756,125.200,0.9050,-0.2,-1.6,247
3757,125.233,0.9088,-0.2,-1.5,246
3758,125.267,0.9055,-0.5,-0.9,129
3759,125.300,0.9090,115.2,-0.8,278
3760,125.333,0.9066,115.1,-1.4,264
3761,125.367,0.9066,115.1,-1.4,264
3762,125.400,0.9066,115.1,-1.4,264
3763,125.433,0.9067,441.1,-1.3,59
3764,125.467,0.9071,681.6,-0.3,54
3765,125.500,0.9071,681.6,-0.3,54
3766,125.533,0.9037,680.1,1.0,46
3767,125.567,,,,0
3768,125.600,,,,0
3769,125.633,,,,0
3770,125.667,,,,0
3771,125.700,,,,0
3772,125.733,,,,0
3773,125.767,,,,0
3774,125.800,,,,0
3775,125.833,,,,0
3776,125.867,,,,0
3777,125.900,,,,0
3778,125.933,,,,0
3779,125.967,,,,0
3780,126.000,,,,0
3781,126.033,,,,0
3782,126.067,,,,0
3783,126.100,,,,0
3784,126.133,,,,0
3785,126.167,,,,0
3786,126.200,,,,0
3787,126.233,,,,0
3788,126.267,,,,0
3789,126.300,,,,0
3790,126.333,,,,0
3791,126.367,,,,0
3792,126.400,,,,0
3793,126.433,,,,0
3794,126.467,,,,0
3795,126.500,,,,0
3796,126.533,,,,0
3797,126.567,,,,0
3798,126.600,,,,0
3799,126.633,,,,0
3800,126.667,,,,0
3801,126.700,,,,0
3802,126.733,,,,0
3803,126.767,,,,0
3804,126.800,,,,0
3805,126.833,,,,0
3806,126.867,,,,0
3807,126.900,,,,0
3808,126.933,,,,0
3809,126.967,,,,0
3810,127.000,,,,0
3811,127.033,,,,0
3812,127.067,,,,0
3813,127.100,,,,0
3814,127.133,,,,0
3815,127.167,,,,0
3816,127.200,,,,0
3817,127.233,,,,0
3818,127.267,,,,0
3819,127.300,,,,0
3820,127.333,,,,0
3821,127.367,,,,0
3822,127.400,,,,0
3823,127.433,,,,0
3824,127.467,,,,0
3825,127.500,,,,0
3826,127.533,,,,0
3827,127.567,,,,0
3828,127.600,,,,0
3829,127.633,,,,0
3830,127.667,,,,0
3831,127.700,,,,0
3832,127.733,,,,0
3833,127.767,,,,0
3834,127.800,,,,0
3835,127.833,,,,0
3836,127.867,,,,0
3837,127.900,,,,0
3838,127.933,,,,0
3839,127.967,,,,0
3840,128.000,,,,0
3841,128.033,,,,0
3842,128.067,,,,0
3843,128.100,,,,0
3844,128.133,,,,0
3845,128.167,,,,0
3846,128.200,,,,0
3847,128.233,,,,0
3848,128.267,,,,0
3849,128.300,,,,0
3850,128.333,,,,0
3851,128.367,,,,0
3852,128.400,,,,0
3853,128.433,,,,0
3854,128.467,,,,0
3855,128.500,,,,0
3856,128.533,,,,0
3857,128.567,,,,0
3858,128.600,,,,0
3859,128.633,,,,0
3860,128.667,,,,0
3861,128.700,,,,0
3862,128.733,,,,0
3863,128.767,,,,0
3864,128.800,,,,0
3865,128.833,,,,0
3866,128.867,,,,0
3867,128.900,,,,0
3868,128.933,,,,0
3869,128.967,,,,0
3870,129.000,,,,0
3871,129.033,,,,0
3872,129.067,,,,0
3873,129.100,,,,0
3874,129.133,,,,0
3875,129.167,,,,0
3876,129.200,,,,0
3877,129.233,,,,0
3878,129.267,,,,0
3879,129.300,,,,0
3880,129.333,,,,0
3881,129.367,,,,0
3882,129.400,,,,0
3883,129.433,,,,0
3884,129.467,,,,0
3885,129.500,,,,0
3886,129.533,,,,0
3887,129.567,,,,0
3888,129.600,,,,0
3889,129.633,,,,0
3890,129.667,,,,0
3891,129.700,,,,0
3892,129.733,,,,0
3893,129.767,,,,0
3894,129.800,,,,0
3895,129.833,,,,0
3896,129.867,,,,0
3897,129.900,,,,0
3898,129.933,,,,0
3899,129.967,,,,0
3900,130.000,,,,0
3901,130.033,,,,0
3902,130.067,,,,0
3903,130.100,,,,0
3904,130.133,,,,0
3905,130.167,,,,0
3906,130.200,,,,0
3907,130.233,,,,0
3908,130.267,,,,0
3909,130.300,,,,0
3910,130.333,,,,0
3911,130.367,,,,0
3912,130.400,,,,0
3913,130.433,,,,0
3914,130.467,,,,0
3915,130.500,,,,0
3916,130.533,,,,0
3917,130.567,,,,0
3918,130.600,,,,0
3919,130.633,,,,0
3920,130.667,,,,0
3921,130.700,,,,0
3922,130.733,,,,0
3923,130.767,,,,0
3924,130.800,,,,0
3925,130.833,,,,0
3926,130.867,,,,0
3927,130.900,,,,0
3928,130.933,,,,0
3929,130.967,,,,0
3930,131.000,,,,0
3931,131.033,,,,0
3932,131.067,,,,0
3933,131.100,,,,0
3934,131.133,,,,0
3935,131.167,,,,0
3936,131.200,,,,0
3937,131.233,,,,0
3938,131.267,,,,0
3939,131.300,,,,0
3940,131.333,,,,0
3941,131.367,,,,0
3942,131.400,,,,0
3943,131.433,,,,0
3944,131.467,,,,0
3945,131.500,,,,0
3946,131.533,,,,0
3947,131.567,,,,0
3948,131.600,,,,0
3949,131.633,,,,0
3950,131.667,,,,0
3951,131.700,,,,0
3952,131.733,,,,0
3953,131.767,,,,0
3954,131.800,,,,0
3955,131.833,,,,0
3956,131.867,,,,0
3957,131.900,,,,0
3958,131.933,,,,0
3959,131.967,,,,0
3960,132.000,,,,0
3961,132.033,,,,0
3962,132.067,,,,0
3963,132.100,,,,0
3964,132.133,,,,0
3965,132.167,,,,0
3966,132.200,,,,0
3967,132.233,,,,0
3968,132.267,,,,0
3969,132.300,,,,0
3970,132.333,,,,0
3971,132.367,,,,0
3972,132.400,,,,0
3973,132.433,,,,0
3974,132.467,,,,0
3975,132.500,,,,0
3976,132.533,,,,0
3977,132.567,,,,0
3978,132.600,,,,0
3979,132.633,,,,0
3980,132.667,,,,0
3981,132.700,,,,0
3982,132.733,,,,0
3983,132.767,,,,0
3984,132.800,,,,0
3985,132.833,,,,0
3986,132.867,,,,0
3987,132.900,,,,0
3988,132.933,,,,0
3989,132.967,,,,0
3990,133.000,,,,0
3991,133.033,,,,0
3992,133.067,,,,0
3993,133.100,,,,0
3994,133.133,,,,0
3995,133.167,,,,0
3996,133.200,,,,0
3997,133.233,,,,0
3998,133.267,,,,0
3999,133.300,,,,0
4000,133.333,1.0148,-2.7,26.7,131
4001,133.367,1.0697,-0.7,28.1,179
4002,133.400,1.0966,-1.0,28.6,146
4003,133.433,1.1032,-2.2,28.4,161
4004,133.467,1.1015,-0.9,28.3,163
4005,133.500,1.1047,-0.9,28.9,136
4006,133.533,1.1039,-1.7,28.5,154
4007,133.567,1.1014,-0.4,28.7,145
4008,133.600,1.0950,1.0,27.5,136
4009,133.633,1.1030,-1.2,28.5,167
4010,133.667,1.1027,-1.8,28.4,162
4011,133.700,1.1015,-1.1,28.6,160
4012,133.733,1.1041,-1.5,29.0,155
4013,133.767,1.1010,-1.0,28.1,165
4014,133.800,1.0995,-0.7,28.6,146
4015,133.833,1.1023,-1.7,28.5,156
4016,133.867,1.1039,-1.3,28.5,167
4017,133.900,1.1019,-1.9,27.2,139
4018,133.933,1.1021,-2.1,27.4,139
4019,133.967,1.1022,-1.0,28.9,154
4020,134.000,1.1040,-2.0,28.2,141
4021,134.033,1.1031,-1.2,28.6,162
4022,134.067,1.1043,-1.4,29.5,141
4023,134.100,1.1017,-1.8,28.4,149
4024,134.133,1.1052,-1.5,29.1,141
4025,134.167,1.1024,-1.2,28.4,159
4026,134.200,1.1020,-1.4,28.0,170
4027,134.233,1.1037,-1.2,28.7,170
4028,134.267,1.1025,-1.9,28.3,164
4029,134.300,1.1040,-1.2,29.3,151
4030,134.333,1.1036,-1.3,28.8,146
4031,134.367,1.1032,-1.7,27.8,161
4032,134.400,1.1029,-1.0,28.9,164
4033,134.433,1.0988,-0.2,28.6,128
4034,134.467,1.1028,-0.9,28.8,154
4035,134.500,1.1015,-1.5,28.0,161
4036,134.533,1.1028,-1.9,28.3,162
4037,134.567,1.1022,-1.1,28.4,143
4038,134.600,1.1017,-1.5,28.2,160
4039,134.633,1.1027,-1.2,28.6,163
4040,134.667,1.1031,-1.9,28.6,159
4041,134.700,1.1034,-1.3,28.6,160
4042,134.733,1.1038,-1.3,28.1,156
4043,134.767,1.1005,-0.7,27.9,147
4044,134.800,1.1026,-0.8,28.6,157
4045,134.833,1.1048,-1.8,28.8,160
4046,134.867,1.1010,-1.4,27.6,140
4047,134.900,1.1054,-2.0,28.5,139
4048,134.933,1.1066,-2.3,28.7,144
4049,134.967,1.1045,-1.5,28.7,167
4050,135.000,1.1029,-1.9,28.4,158
4051,135.033,1.1037,-1.6,28.6,157
4052,135.067,1.1026,-1.3,27.9,158
4053,135.100,1.0991,-0.4,27.8,149
4054,135.133,1.1028,-1.5,28.9,155
4055,135.167,1.1074,-2.0,28.7,123
4056,135.200,1.1030,-1.2,28.3,163
4057,135.233,1.1029,-1.5,28.6,153
4058,135.267,1.1039,-1.5,29.3,143
4059,135.300,1.1021,-1.2,29.2,123
4060,135.333,1.1046,-1.8,28.8,124
4061,135.367,1.1054,-1.9,29.1,115
4062,135.400,1.1050,-2.1,28.9,110
4063,135.433,1.1040,-1.5,29.2,103
4064,135.467,1.1027,-1.5,28.9,96
4065,135.500,1.1040,-1.0,29.5,82
4066,135.533,1.1091,-2.9,30.0,70
4067,135.567,1.1040,-2.6,29.0,73
4068,135.600,1.1057,-2.3,29.6,68
4069,135.633,1.1039,-2.4,28.5,64
4070,135.667,1.1041,-2.5,29.5,52
4071,135.700,,,,0
4072,135.733,,,,0
4073,135.767,,,,0
4074,135.800,,,,0
4075,135.833,,,,0
4076,135.867,,,,0
4077,135.900,,,,0
4078,135.933,,,,0
4079,135.967,,,,0
4080,136.000,,,,0
4081,136.033,,,,0
4082,136.067,,,,0
4083,136.100,,,,0
4084,136.133,,,,0
4085,136.167,,,,0
4086,136.200,,,,0
4087,136.233,,,,0
4088,136.267,,,,0
4089,136.300,,,,0
4090,136.333,,,,0
4091,136.367,,,,0
4092,136.400,,,,0
4093,136.433,,,,0
4094,136.467,,,,0
4095,136.500,,,,0
4096,136.533,,,,0
4097,136.567,,,,0
4098,136.600,,,,0
4099,136.633,,,,0
4100,136.667,,,,0
4101,136.700,,,,0
4102,136.733,,,,0
4103,136.767,,,,0
4104,136.800,,,,0
4105,136.833,,,,0
4106,136.867,,,,0
4107,136.900,,,,0
4108,136.933,,,,0
4109,136.967,,,,0
4110,137.000,,,,0
4111,137.033,,,,0
4112,137.067,,,,0
4113,137.100,,,,0
4114,137.133,,,,0
4115,137.167,,,,0
4116,137.200,,,,0
4117,137.233,,,,0
4118,137.267,,,,0
4119,137.300,,,,0
4120,137.333,,,,0
4121,137.367,,,,0
4122,137.400,,,,0
4123,137.433,,,,0
4124,137.467,,,,0
4125,137.500,,,,0
4126,137.533,,,,0
4127,137.567,,,,0
4128,137.600,,,,0
4129,137.633,,,,0
4130,137.667,,,,0
4131,137.700,,,,0
4132,137.733,,,,0
4133,137.767,,,,0
4134,137.800,,,,0
4135,137.833,,,,0
4136,137.867,,,,0
4137,137.900,,,,0
4138,137.933,,,,0
4139,137.967,,,,0
4140,138.000,,,,0
4141,138.033,,,,0
4142,138.067,,,,0
4143,138.100,,,,0
4144,138.133,,,,0
4145,138.167,,,,0
4146,138.200,,,,0
4147,138.233,,,,0
4148,138.267,,,,0
4149,138.300,,,,0
4150,138.333,,,,0
4151,138.367,,,,0
4152,138.400,,,,0
4153,138.433,,,,0
4154,138.467,,,,0
4155,138.500,0.9094,-0.9,0.5,43
4156,138.533,0.9107,-0.3,-0.4,40
4157,138.567,0.9074,-1.3,-1.2,183
4158,138.600,0.9084,-1.4,-1.6,169
4159,138.633,0.9088,-1.2,-0.7,173
4160,138.667,0.9094,-1.2,-0.7,176
4161,138.700,0.9086,-1.7,-1.3,182
4162,138.733,0.9107,-2.2,-0.8,149
4163,138.767,0.9077,-0.9,-0.9,187
4164,138.800,0.9091,-1.6,-1.0,200
4165,138.833,0.9082,-1.3,-1.2,184
4166,138.867,0.9095,-1.1,-0.8,176
4167,138.900,0.9059,-0.4,-1.4,163
4168,138.933,0.9083,-1.1,-0.9,183
4169,138.967,0.9085,-0.5,-1.6,137
4170,139.000,0.9100,-1.7,-1.1,181
4171,139.033,0.9086,-1.4,-1.5,182
4172,139.067,0.9099,-1.7,-1.2,186
4173,139.100,0.9099,-1.2,-1.6,166
4174,139.133,0.9089,-1.8,-0.7,172
4175,139.167,0.9093,-1.8,-0.9,193
4176,139.200,0.9089,-1.6,-1.4,171
4177,139.233,0.9092,-1.6,-1.1,196
4178,139.267,0.9074,-0.8,-0.8,176
4179,139.300,0.9105,-2.3,-0.7,169
4180,139.333,0.9090,-1.7,-1.1,194
4181,139.367,0.9108,-1.4,-0.5,179
4182,139.400,0.9094,-1.4,-0.9,202
4183,139.433,0.9082,-1.6,-1.2,181
4184,139.467,0.9090,-1.7,-1.0,196
4185,139.500,0.9097,-1.8,-1.7,168
4186,139.533,0.9069,-0.9,-0.7,172
4187,139.567,,,,0
4188,139.600,,,,0
4189,139.633,,,,0
4190,139.667,,,,0
4191,139.700,,,,0
4192,139.733,,,,0
4193,139.767,,,,0
4194,139.800,,,,0
4195,139.833,,,,0
4196,139.867,,,,0
4197,139.900,,,,0
4198,139.933,,,,0
4199,139.967,,,,0
4200,140.000,,,,0
4201,140.033,,,,0
4202,140.067,,,,0
4203,140.100,,,,0
4204,140.133,,,,0
4205,140.167,,,,0
4206,140.200,,,,0
4207,140.233,,,,0
4208,140.267,,,,0
4209,140.300,,,,0
4210,140.333,,,,0
4211,140.367,,,,0
4212,140.400,,,,0
4213,140.433,,,,0
4214,140.467,,,,0
4215,140.500,,,,0
4216,140.533,,,,0
4217,140.567,,,,0
4218,140.600,,,,0
4219,140.633,,,,0
4220,140.667,,,,0
4221,140.700,,,,0
4222,140.733,,,,0
4223,140.767,,,,0
4224,140.800,,,,0
4225,140.833,,,,0
4226,140.867,,,,0
4227,140.900,,,,0
4228,140.933,,,,0
4229,140.967,,,,0
4230,141.000,,,,0
4231,141.033,,,,0
4232,141.067,,,,0
4233,141.100,,,,0
4234,141.133,,,,0
4235,141.167,,,,0
4236,141.200,,,,0
4237,141.233,,,,0
4238,141.267,,,,0
4239,141.300,,,,0
4240,141.333,,,,0
4241,141.367,,,,0
4242,141.400,,,,0
4243,141.433,,,,0
4244,141.467,,,,0
4245,141.500,,,,0
4246,141.533,,,,0
4247,141.567,,,,0
4248,141.600,,,,0
4249,141.633,,,,0
4250,141.667,,,,0
4251,141.700,,,,0
4252,141.733,,,,0
4253,141.767,,,,0
4254,141.800,,,,0
4255,141.833,,,,0
4256,141.867,,,,0
4257,141.900,,,,0
4258,141.933,,,,0
4259,141.967,,,,0
4260,142.000,,,,0
4261,142.033,,,,0
4262,142.067,,,,0
4263,142.100,,,,0
4264,142.133,,,,0
4265,142.167,,,,0
4266,142.200,,,,0
4267,142.233,,,,0
4268,142.267,,,,0
4269,142.300,,,,0
4270,142.333,,,,0
4271,142.367,,,,0
4272,142.400,,,,0
4273,142.433,,,,0
4274,142.467,,,,0
4275,142.500,,,,0
4276,142.533,,,,0
4277,142.567,,,,0
4278,142.600,,,,0
4279,142.633,,,,0
4280,142.667,,,,0
4281,142.700,,,,0
4282,142.733,,,,0
4283,142.767,,,,0
4284,142.800,,,,0
4285,142.833,0.9155,2.0,0.2,50
4286,142.867,0.9137,1.1,-0.6,52
4287,142.900,0.9104,-1.2,-0.5,184
4288,142.933,0.9118,-2.0,-0.7,162
4289,142.967,0.9092,-0.9,-0.2,162
4290,143.000,0.9106,-1.8,-0.5,173
4291,143.033,0.9072,-0.4,-0.9,175
4292,143.067,0.9083,-1.5,-1.4,190
4293,143.100,0.9103,-1.4,-1.6,172
4294,143.133,0.9103,-1.7,-1.0,187
4295,143.167,0.9070,-1.1,-1.0,172
4296,143.200,0.9108,-0.7,-0.9,172
4297,143.233,0.9101,-1.4,-1.1,186
4298,143.267,0.9093,-1.3,-0.9,191
4299,143.300,0.9111,-1.5,-1.2,157
4300,143.333,0.9089,-1.5,-0.9,186
4301,143.367,0.9090,-1.4,-1.5,176
4302,143.400,0.9093,-1.4,-0.8,186
4303,143.433,0.9093,-1.4,-0.9,188
4304,143.467,0.9073,-1.3,-1.0,172
4305,143.500,0.9106,-1.8,-0.5,168
4306,143.533,0.9079,-1.2,-1.1,178
4307,143.567,0.9075,-1.8,-1.5,160
4308,143.600,0.9091,-1.0,-0.8,183
4309,143.633,0.9085,-0.2,-0.9,167
4310,143.667,0.9088,-1.3,-1.6,178
4311,143.700,0.9101,-1.3,-0.7,193
4312,143.733,0.9093,-1.5,-1.2,205
4313,143.767,0.9086,-0.9,-1.0,194
4314,143.800,0.9090,-1.2,-1.0,204
4315,143.833,0.9083,-1.5,-1.0,191
4316,143.867,0.9088,-1.4,-0.8,186
4317,143.900,0.9090,-1.0,-0.6,192
4318,143.933,0.9108,-1.4,-1.2,187
4319,143.967,0.9099,-1.5,-1.3,192
4320,144.000,0.9086,-0.8,-0.6,186
4321,144.033,0.9109,-1.8,-0.8,194
4322,144.067,0.9084,-1.4,-1.1,209
4323,144.100,0.9105,-1.6,-0.9,194
4324,144.133,0.9097,-2.0,-1.4,190
4325,144.167,0.9088,-1.0,-1.4,197
4326,144.200,0.9112,-1.7,-1.3,178
4327,144.233,0.9099,-2.0,-1.4,193
4328,144.267,0.9093,-1.5,-1.1,214
4329,144.300,0.9085,-1.5,-1.2,213
4330,144.333,0.9059,-1.1,-1.2,167
4331,144.367,0.9086,-1.7,-1.1,198
4332,144.400,0.9103,-1.9,-1.0,186
4333,144.433,0.9071,-0.7,-1.2,185
4334,144.467,0.9059,-0.7,-1.4,174
4335,144.500,0.9107,-1.9,-0.9,192
4336,144.533,0.9097,-1.9,-1.8,165
4337,144.567,0.9079,-0.5,-1.2,180
4338,144.600,0.9096,-1.5,-1.4,195
4339,144.633,0.9069,-0.1,-0.8,161
4340,144.667,0.9081,-0.7,-0.6,167
4341,144.700,0.9106,-1.8,-0.8,187
4342,144.733,0.9065,-0.2,-0.7,169
4343,144.767,0.9092,-2.0,-1.4,179
4344,144.800,0.9084,-1.4,-1.4,203
4345,144.833,0.9096,-1.7,-1.0,197
4346,144.867,0.9069,-0.9,-1.1,185
4347,144.900,0.9082,-1.8,-1.2,186
4348,144.933,0.9107,-1.9,-1.4,178
4349,144.967,0.9091,-1.2,-1.0,186
4350,145.000,0.9096,-1.0,-0.2,165
4351,145.033,0.9104,-1.3,-0.5,176
4352,145.067,,,,0
4353,145.100,,,,0
4354,145.133,,,,0
4355,145.167,,,,0
4356,145.200,,,,0
4357,145.233,,,,0
4358,145.267,,,,0
4359,145.300,,,,0
4360,145.333,,,,0
4361,145.367,,,,0
4362,145.400,,,,0
4363,145.433,,,,0
4364,145.467,,,,0
4365,145.500,,,,0
4366,145.533,,,,0
4367,145.567,,,,0
4368,145.600,,,,0
4369,145.633,,,,0
4370,145.667,,,,0
4371,145.700,,,,0
4372,145.733,,,,0
4373,145.767,,,,0
4374,145.800,,,,0
4375,145.833,,,,0
4376,145.867,,,,0
4377,145.900,,,,0
4378,145.933,,,,0
4379,145.967,,,,0
4380,146.000,,,,0
4381,146.033,,,,0
4382,146.067,,,,0
4383,146.100,,,,0
4384,146.133,,,,0
4385,146.167,,,,0
4386,146.200,,,,0
4387,146.233,,,,0
4388,146.267,,,,0
4389,146.300,,,,0
4390,146.333,,,,0
4391,146.367,,,,0
4392,146.400,,,,0
4393,146.433,,,,0
4394,146.467,,,,0
4395,146.500,,,,0
4396,146.533,,,,0
4397,146.567,,,,0
4398,146.600,,,,0
4399,146.633,,,,0
4400,146.667,,,,0
4401,146.700,,,,0
4402,146.733,,,,0
4403,146.767,,,,0
4404,146.800,,,,0
4405,146.833,,,,0
4406,146.867,,,,0
4407,146.900,,,,0
4408,146.933,,,,0
4409,146.967,,,,0
4410,147.000,,,,0
4411,147.033,,,,0
4412,147.067,,,,0
4413,147.100,,,,0
4414,147.133,,,,0
4415,147.167,,,,0
4416,147.200,,,,0
4417,147.233,,,,0
4418,147.267,,,,0
4419,147.300,,,,0
4420,147.333,,,,0
4421,147.367,,,,0
4422,147.400,,,,0
4423,147.433,,,,0
4424,147.467,,,,0
4425,147.500,,,,0
4426,147.533,,,,0
4427,147.567,,,,0
4428,147.600,,,,0
4429,147.633,,,,0
4430,147.667,,,,0
4431,147.700,,,,0
4432,147.733,,,,0
4433,147.767,,,,0
4434,147.800,,,,0
4435,147.833,,,,0
4436,147.867,,,,0
4437,147.900,,,,0
4438,147.933,,,,0
4439,147.967,,,,0
4440,148.000,,,,0
4441,148.033,,,,0
4442,148.067,,,,0
4443,148.100,,,,0
4444,148.133,,,,0
4445,148.167,,,,0
4446,148.200,,,,0
4447,148.233,,,,0
4448,148.267,,,,0
4449,148.300,,,,0
4450,148.333,,,,0
4451,148.367,,,,0
4452,148.400,,,,0
4453,148.433,,,,0
4454,148.467,,,,0
4455,148.500,,,,0
4456,148.533,,,,0
4457,148.567,,,,0
4458,148.600,,,,0
4459,148.633,,,,0
4460,148.667,,,,0
4461,148.700,,,,0
4462,148.733,,,,0
4463,148.767,,,,0
4464,148.800,,,,0
4465,148.833,,,,0
4466,148.867,,,,0
4467,148.900,,,,0
4468,148.933,,,,0
4469,148.967,,,,0
4470,149.000,,,,0
4471,149.033,,,,0
4472,149.067,,,,0
4473,149.100,,,,0
4474,149.133,,,,0
4475,149.167,,,,0
4476,149.200,,,,0
4477,149.233,,,,0
4478,149.267,,,,0
4479,149.300,,,,0
4480,149.333,,,,0
4481,149.367,,,,0
4482,149.400,,,,0
4483,149.433,,,,0
4484,149.467,,,,0
4485,149.500,,,,0
4486,149.533,,,,0
4487,149.567,,,,0
4488,149.600,,,,0
4489,149.633,,,,0
4490,149.667,,,,0
4491,149.700,,,,0
4492,149.733,,,,0
4493,149.767,,,,0
4494,149.800,,,,0
4495,149.833,,,,0
4496,149.867,,,,0
4497,149.900,,,,0
4498,149.933,,,,0
4499,149.967,,,,0
4500,150.000,,,,0
4501,150.033,,,,0
4502,150.067,,,,0
4503,150.100,,,,0
4504,150.133,,,,0
4505,150.167,,,,0
4506,150.200,,,,0
4507,150.233,,,,0
4508,150.267,,,,0
4509,150.300,,,,0
4510,150.333,,,,0
4511,150.367,,,,0
4512,150.400,,,,0
4513,150.433,,,,0
4514,150.467,,,,0
4515,150.500,,,,0
4516,150.533,,,,0
4517,150.567,,,,0
4518,150.600,,,,0
4519,150.633,,,,0
4520,150.667,,,,0
4521,150.700,,,,0
4522,150.733,,,,0
4523,150.767,,,,0
4524,150.800,,,,0
4525,150.833,,,,0
4526,150.867,,,,0
4527,150.900,,,,0
4528,150.933,,,,0
4529,150.967,,,,0
4530,151.000,,,,0
4531,151.033,,,,0
4532,151.067,,,,0
4533,151.100,,,,0
4534,151.133,,,,0
4535,151.167,,,,0
4536,151.200,,,,0
4537,151.233,,,,0
4538,151.267,,,,0
4539,151.300,,,,0
4540,151.333,,,,0
4541,151.367,,,,0
4542,151.400,,,,0
4543,151.433,,,,0
4544,151.467,,,,0
4545,151.500,,,,0
4546,151.533,,,,0
4547,151.567,,,,0
4548,151.600,,,,0
4549,151.633,,,,0
4550,151.667,,,,0
4551,151.700,,,,0
4552,151.733,,,,0
4553,151.767,,,,0
4554,151.800,,,,0
4555,151.833,,,,0
4556,151.867,,,,0
4557,151.900,,,,0
4558,151.933,,,,0
4559,151.967,,,,0
4560,152.000,,,,0
4561,152.033,,,,0
4562,152.067,,,,0
4563,152.100,,,,0
4564,152.133,,,,0
4565,152.167,,,,0
4566,152.200,,,,0
4567,152.233,,,,0
4568,152.267,,,,0
4569,152.300,,,,0
4570,152.333,,,,0
4571,152.367,,,,0
4572,152.400,,,,0
4573,152.433,,,,0
4574,152.467,,,,0
4575,152.500,,,,0
4576,152.533,,,,0
4577,152.567,,,,0
4578,152.600,,,,0
4579,152.633,,,,0
4580,152.667,,,,0
4581,152.700,,,,0
4582,152.733,,,,0
4583,152.767,,,,0
4584,152.800,0.9109,-1.5,-0.8,154
4585,152.833,0.9076,-1.1,-0.9,152
4586,152.867,0.9105,-1.4,-0.2,137
4587,152.900,0.9094,-2.0,-1.6,157
4588,152.933,0.9092,-1.3,-0.7,170
4589,152.967,0.9094,-1.6,-0.9,176
4590,153.000,0.9104,-1.7,-1.8,130
4591,153.033,0.9101,-1.2,-0.3,154
4592,153.067,0.9101,-2.2,-1.1,163
4593,153.100,0.9087,-1.3,-1.0,158
4594,153.133,0.9115,-2.5,-0.5,141
4595,153.167,0.9109,-1.6,-0.9,163
4596,153.200,0.9096,-2.0,-1.0,167
4597,153.233,0.9086,-1.7,-1.2,174
4598,153.267,0.9096,-2.2,-1.2,163
4599,153.300,0.9122,-2.2,-1.1,151
4600,153.333,0.9093,-1.3,-0.7,176
4601,153.367,0.9089,-1.4,-0.9,194
4602,153.400,0.9076,-1.2,-1.0,175
4603,153.433,0.9089,-1.6,-0.8,187
4604,153.467,0.9105,-2.1,-0.9,173
4605,153.500,0.9086,-1.5,-0.8,187
4606,153.533,0.9065,-0.6,-1.4,150
4607,153.567,0.9092,-1.2,-0.5,170
4608,153.600,0.9089,-1.2,-0.9,187
4609,153.633,0.9141,-0.7,-2.0,174
4610,153.667,0.9333,0.0,-0.9,192
4611,153.700,1.0053,-1.8,-0.5,122
4612,153.733,,,,0
4613,153.767,,,,0
4614,153.800,,,,0
4615,153.833,,,,0
4616,153.867,,,,0
4617,153.900,,,,0
4618,153.933,,,,0
4619,153.967,,,,0
4620,154.000,,,,0
4621,154.033,,,,0
4622,154.067,,,,0
4623,154.100,,,,0
4624,154.133,,,,0
4625,154.167,,,,0
4626,154.200,,,,0
4627,154.233,,,,0
4628,154.267,,,,0
4629,154.300,,,,0
4630,154.333,,,,0
4631,154.367,,,,0
4632,154.400,,,,0
4633,154.433,,,,0
4634,154.467,,,,0
4635,154.500,,,,0
4636,154.533,,,,0
4637,154.567,,,,0
4638,154.600,,,,0
4639,154.633,,,,0
4640,154.667,,,,0
4641,154.700,,,,0
4642,154.733,,,,0
4643,154.767,,,,0
4644,154.800,,,,0
4645,154.833,,,,0
4646,154.867,,,,0
4647,154.900,,,,0
4648,154.933,,,,0
4649,154.967,,,,0
4650,155.000,,,,0
4651,155.033,,,,0
4652,155.067,,,,0
4653,155.100,,,,0
4654,155.133,,,,0
4655,155.167,,,,0
4656,155.200,,,,0
4657,155.233,,,,0
4658,155.267,,,,0
4659,155.300,,,,0
4660,155.333,,,,0
4661,155.367,,,,0
4662,155.400,,,,0
4663,155.433,,,,0
4664,155.467,,,,0
4665,155.500,,,,0
4666,155.533,,,,0
4667,155.567,,,,0
4668,155.600,,,,0
4669,155.633,,,,0
4670,155.667,,,,0
4671,155.700,,,,0
4672,155.733,,,,0
4673,155.767,,,,0
4674,155.800,,,,0
4675,155.833,,,,0
4676,155.867,,,,0
4677,155.900,,,,0
4678,155.933,,,,0
4679,155.967,,,,0
4680,156.000,,,,0
4681,156.033,,,,0
4682,156.067,,,,0
4683,156.100,,,,0
4684,156.133,,,,0
4685,156.167,,,,0
4686,156.200,,,,0
4687,156.233,,,,0
4688,156.267,,,,0
4689,156.300,,,,0
4690,156.333,,,,0
4691,156.367,,,,0
4692,156.400,,,,0
4693,156.433,,,,0
4694,156.467,,,,0
4695,156.500,,,,0
4696,156.533,,,,0
4697,156.567,,,,0
4698,156.600,,,,0
4699,156.633,,,,0
4700,156.667,,,,0
4701,156.700,,,,0
4702,156.733,,,,0
4703,156.767,,,,0
4704,156.800,,,,0
4705,156.833,,,,0
4706,156.867,,,,0
4707,156.900,,,,0
4708,156.933,,,,0
4709,156.967,,,,0
4710,157.000,,,,0
4711,157.033,,,,0
4712,157.067,,,,0
4713,157.100,,,,0
4714,157.133,,,,0
4715,157.167,,,,0
4716,157.200,,,,0
4717,157.233,,,,0
4718,157.267,,,,0
4719,157.300,,,,0
4720,157.333,,,,0
4721,157.367,,,,0
4722,157.400,,,,0
4723,157.433,,,,0
4724,157.467,,,,0
4725,157.500,,,,0
4726,157.533,,,,0
4727,157.567,,,,0
4728,157.600,,,,0
4729,157.633,,,,0
4730,157.667,,,,0
4731,157.700,,,,0
4732,157.733,,,,0
4733,157.767,,,,0
4734,157.800,,,,0
4735,157.833,,,,0
4736,157.867,,,,0
4737,157.900,,,,0
4738,157.933,,,,0
4739,157.967,,,,0
4740,158.000,,,,0
4741,158.033,,,,0
4742,158.067,,,,0
4743,158.100,,,,0
4744,158.133,,,,0
4745,158.167,,,,0
4746,158.200,,,,0
4747,158.233,,,,0
4748,158.267,,,,0
4749,158.300,,,,0
4750,158.333,,,,0
4751,158.367,,,,0
4752,158.400,,,,0
4753,158.433,,,,0
4754,158.467,,,,0
4755,158.500,,,,0
4756,158.533,,,,0
4757,158.567,,,,0
4758,158.600,,,,0
4759,158.633,,,,0
4760,158.667,,,,0
4761,158.700,,,,0
4762,158.733,,,,0
4763,158.767,,,,0
4764,158.800,,,,0
4765,158.833,,,,0
4766,158.867,,,,0
4767,158.900,,,,0
4768,158.933,,,,0
4769,158.967,,,,0
4770,159.000,,,,0
4771,159.033,,,,0
4772,159.067,,,,0
4773,159.100,,,,0
4774,159.133,,,,0
4775,159.167,,,,0
4776,159.200,,,,0
4777,159.233,,,,0
4778,159.267,,,,0
4779,159.300,,,,0
4780,159.333,,,,0
4781,159.367,,,,0
4782,159.400,,,,0
4783,159.433,,,,0
4784,159.467,,,,0
4785,159.500,,,,0
4786,159.533,,,,0
4787,159.567,,,,0
4788,159.600,,,,0
4789,159.633,,,,0
4790,159.667,,,,0
4791,159.700,,,,0
4792,159.733,,,,0
4793,159.767,,,,0
4794,159.800,0.8293,0.1,-1.7,145
4795,159.833,0.8807,-0.5,-0.7,185
4796,159.867,0.9046,-1.2,-0.3,187
4797,159.900,0.9091,-1.1,-1.2,193
4798,159.933,0.9108,-1.6,-1.2,163
4799,159.967,0.9081,-0.8,-1.0,178
4800,160.000,0.9082,-1.5,-1.2,197
4801,160.033,0.9058,-0.7,-1.3,173
4802,160.067,0.9065,-0.7,-0.8,178
4803,160.100,0.9091,-1.5,-1.3,208
4804,160.133,0.9094,-1.3,-1.3,209
4805,160.167,0.9105,-2.4,-1.3,174
4806,160.200,0.9090,-1.5,-1.1,208
4807,160.233,0.9116,-1.5,-1.0,180
4808,160.267,0.9083,-1.6,-1.0,192
4809,160.300,0.9086,-1.8,-1.2,189
4810,160.333,0.9106,-0.8,-1.2,188
4811,160.367,0.9097,-1.3,-0.7,185
4812,160.400,0.9089,-1.9,-1.6,187
4813,160.433,0.9114,-1.9,-1.4,163
4814,160.467,0.9091,-1.5,-1.0,208
4815,160.500,0.9088,-1.1,-1.5,176
4816,160.533,0.9097,-1.2,-1.3,198
4817,160.567,0.9113,-1.8,-1.0,194
4818,160.600,0.9086,-1.4,-1.5,200
4819,160.633,0.9121,-1.3,-1.3,170
4820,160.667,0.9067,-0.6,-1.5,196
4821,160.700,0.9088,-1.3,-1.4,215
4822,160.733,0.9102,-1.6,-1.0,199
4823,160.767,0.9077,-0.3,-1.0,187
4824,160.800,0.9087,-1.6,-1.4,207
4825,160.833,0.9113,-2.0,-0.7,189
4826,160.867,,,,0
4827,160.900,,,,0
4828,160.933,,,,0
4829,160.967,,,,0
4830,161.000,,,,0
4831,161.033,,,,0
4832,161.067,,,,0
4833,161.100,,,,0
4834,161.133,,,,0
4835,161.167,,,,0
4836,161.200,,,,0
4837,161.233,,,,0
4838,161.267,,,,0
4839,161.300,,,,0
4840,161.333,,,,0
4841,161.367,,,,0
4842,161.400,,,,0
4843,161.433,,,,0
4844,161.467,,,,0
4845,161.500,,,,0
4846,161.533,,,,0
4847,161.567,,,,0
4848,161.600,,,,0
4849,161.633,,,,0
4850,161.667,,,,0
4851,161.700,,,,0
4852,161.733,,,,0
4853,161.767,,,,0
4854,161.800,,,,0
4855,161.833,,,,0
4856,161.867,,,,0
4857,161.900,,,,0
4858,161.933,,,,0
4859,161.967,,,,0
4860,162.000,,,,0
4861,162.033,,,,0
4862,162.067,,,,0
4863,162.100,,,,0
4864,162.133,,,,0
4865,162.167,,,,0
4866,162.200,,,,0
4867,162.233,,,,0
4868,162.267,,,,0
4869,162.300,,,,0
4870,162.333,,,,0
4871,162.367,,,,0
4872,162.400,,,,0
4873,162.433,,,,0
4874,162.467,,,,0
4875,162.500,,,,0
4876,162.533,,,,0
4877,162.567,,,,0
4878,162.600,,,,0
4879,162.633,,,,0
4880,162.667,,,,0
4881,162.700,,,,0
4882,162.733,,,,0
4883,162.767,,,,0
4884,162.800,,,,0
4885,162.833,,,,0
4886,162.867,,,,0
4887,162.900,,,,0
4888,162.933,,,,0
4889,162.967,,,,0
4890,163.000,,,,0
4891,163.033,,,,0
4892,163.067,,,,0
4893,163.100,,,,0
4894,163.133,,,,0
4895,163.167,,,,0
4896,163.200,,,,0
4897,163.233,,,,0
4898,163.267,,,,0
4899,163.300,,,,0
4900,163.333,,,,0
4901,163.367,,,,0
4902,163.400,,,,0
4903,163.433,,,,0
4904,163.467,,,,0
4905,163.500,,,,0
4906,163.533,,,,0
4907,163.567,,,,0
4908,163.600,,,,0
4909,163.633,0.9089,-1.8,-1.7,40
4910,163.667,0.9098,-1.2,-0.7,177
4911,163.700,0.9069,-0.4,-0.7,140
4912,163.733,0.9111,-1.6,-1.1,185
4913,163.767,0.9081,-1.3,-1.4,193
4914,163.800,0.9100,-1.5,-0.6,187
4915,163.833,0.9082,-1.3,-1.0,189
4916,163.867,0.9089,-1.5,-1.1,192
4917,163.900,0.9091,-1.4,-0.9,202
4918,163.933,0.9078,-0.9,-1.1,200
4919,163.967,0.9075,-1.0,-1.0,202
4920,164.000,0.9087,-0.8,-1.3,181
4921,164.033,0.9098,-1.1,-0.3,173
4922,164.067,0.9103,-0.9,-1.2,187
4923,164.100,0.9083,-0.9,-1.3,189
4924,164.133,0.9107,-1.6,-0.5,181
4925,164.167,0.9107,-1.9,-0.6,184
4926,164.200,0.9108,-1.5,-1.2,183
4927,164.233,0.9068,-0.4,-1.0,175
4928,164.267,0.9125,-2.1,-0.9,176
4929,164.300,0.9075,-1.0,-1.1,184
4930,164.333,0.9104,-1.6,-1.2,187
4931,164.367,0.9101,-1.0,-1.2,187
4932,164.400,0.9079,-1.1,-0.9,197
4933,164.433,0.9072,-0.6,-0.8,181
4934,164.467,0.9089,-1.4,-1.3,187
4935,164.500,0.9087,-1.4,-1.1,192
4936,164.533,0.9083,-1.0,-1.2,175
4937,164.567,0.9095,-0.6,-1.2,182
4938,164.600,0.9089,-1.3,-0.8,193
4939,164.633,0.9082,-1.3,-1.2,181
4940,164.667,0.9070,-0.9,-1.6,167
4941,164.700,0.9102,-1.4,-0.9,183
4942,164.733,0.9098,-1.0,-1.4,180
4943,164.767,0.9076,-0.4,-0.6,177
4944,164.800,0.9083,-1.2,-1.1,178
4945,164.833,0.9088,-0.3,-1.2,172
4946,164.867,0.9065,-0.7,-1.3,177
4947,164.900,0.9108,-1.6,-1.4,175
4948,164.933,0.9096,-1.0,-1.2,191
4949,164.967,0.9084,-1.3,-1.0,198
4950,165.000,0.9087,-1.5,-1.1,193
4951,165.033,0.9089,-0.8,-1.0,194
4952,165.067,0.9087,-1.2,-0.9,193
4953,165.100,0.9092,-1.2,-1.2,202
4954,165.133,0.9088,-1.3,-1.0,202
4955,165.167,0.9099,-1.7,-1.3,193
4956,165.200,0.9071,-0.8,-1.4,185
4957,165.233,0.9069,-0.4,-1.0,177
4958,165.267,0.9040,0.2,-1.8,155
4959,165.300,0.9080,-1.1,-1.3,198
4960,165.333,0.9074,-0.9,-1.2,182
4961,165.367,0.9089,-1.6,-2.1,171
4962,165.400,0.9067,-1.3,-1.5,156
4963,165.433,0.9086,-1.5,-1.3,197
4964,165.467,0.9111,-0.9,-1.2,187
4965,165.500,0.9076,-0.8,-1.0,195
4966,165.533,0.9100,-1.2,-0.9,193
4967,165.567,0.9080,-1.0,-1.1,195
4968,165.600,0.9072,-1.1,-2.2,162
4969,165.633,0.9075,-0.3,-0.8,177
4970,165.667,0.9086,-0.9,-1.0,200
4971,165.700,0.9100,-1.3,-0.6,184
4972,165.733,0.9100,-1.9,-1.1,187
4973,165.767,0.9093,-1.3,-2.0,170
4974,165.800,0.9108,-0.8,-1.2,167
4975,165.833,0.9060,-0.0,-1.0,183
4976,165.867,0.9088,-1.0,-0.6,177
4977,165.900,0.9086,-1.3,-1.1,205
4978,165.933,0.9096,-1.5,-1.4,199
4979,165.967,0.9075,-0.4,-1.1,184
4980,166.000,0.9088,-0.8,-1.4,191
4981,166.033,0.9116,-2.1,-0.7,181
4982,166.067,0.9086,-1.2,-0.9,199
4983,166.100,0.9085,-1.2,-1.2,215
4984,166.133,0.9080,-1.2,-1.1,194
4985,166.167,0.9096,-1.7,-1.2,202
4986,166.200,0.9107,-1.6,-1.3,202
4987,166.233,0.9096,-1.6,-0.9,198
4988,166.267,0.9089,-1.3,-1.5,202
4989,166.300,0.9089,-1.3,-1.0,210
4990,166.333,0.9102,-1.0,-1.2,201
4991,166.367,0.9107,-1.6,-0.8,204
4992,166.400,0.9081,-1.2,-1.2,195
4993,166.433,0.9080,-0.6,-0.7,189
4994,166.467,0.9088,-1.0,-1.5,195
4995,166.500,0.9119,-2.0,-0.8,184
4996,166.533,0.9082,-0.9,-1.1,190
4997,166.567,0.9095,-1.3,-1.3,203
4998,166.600,0.9082,-1.3,-1.3,198
4999,166.633,0.9093,-1.0,-1.9,169
5000,166.667,0.9095,-1.7,-1.3,172
5001,166.700,0.9095,-1.3,-1.0,183
5002,166.733,0.9095,-1.3,-1.1,184
5003,166.767,0.9069,-0.6,-1.2,158
5004,166.800,0.9055,-0.5,-1.2,132
5005,166.833,0.9113,-1.9,-0.9,152
5006,166.867,0.9079,-1.6,-2.0,141
5007,166.900,0.9105,-0.8,-1.1,139
5008,166.933,0.9069,-0.7,-1.0,149
5009,166.967,0.9091,-1.4,-1.0,153
5010,167.000,0.9077,-1.0,-1.4,152
5011,167.033,0.9098,-1.8,-0.9,142
5012,167.067,0.9066,-0.7,-1.2,136
5013,167.100,0.9072,-0.3,-0.6,134
5014,167.133,0.9082,-0.4,-0.6,132
5015,167.167,0.9096,-1.7,-0.8,145
5016,167.200,0.9076,-0.4,-0.8,141
5017,167.233,0.9046,-0.1,-0.9,125
5018,167.267,0.9091,-2.1,-1.3,135
5019,167.300,0.9100,-1.5,-0.5,125
5020,167.333,0.9089,-1.8,-1.8,134
5021,167.367,0.9086,-1.7,-1.8,141
5022,167.400,0.9083,-1.3,-1.4,147
5023,167.433,0.9079,-0.8,-1.2,148
5024,167.467,0.9084,-1.6,-0.9,139
5025,167.500,0.9098,-1.4,-0.9,147
5026,167.533,0.9050,-0.9,-1.1,113
5027,167.567,0.9094,-1.3,-0.8,131
5028,167.600,0.9074,-1.3,-1.9,124
5029,167.633,0.9078,-1.3,-1.3,135
5030,167.667,0.9127,-1.7,-0.8,98
5031,167.700,0.9085,-1.6,-1.6,139
5032,167.733,0.9094,-1.5,-1.3,145
5033,167.767,0.9094,-1.6,-1.5,144
5034,167.800,0.9044,-0.2,-1.2,122
5035,167.833,0.9079,-1.6,-0.9,123
5036,167.867,0.9097,-1.3,-0.9,143
5037,167.900,0.9091,-1.2,-0.8,129
5038,167.933,0.9045,0.4,-1.2,127
5039,167.967,0.9100,-1.4,-1.0,129
5040,168.000,0.9093,-1.1,-1.3,143
5041,168.033,0.9086,-1.6,-1.2,131
5042,168.067,0.9057,-0.4,-1.6,134
5043,168.100,0.9083,-2.0,-1.5,125
5044,168.133,0.9098,-1.5,-0.9,142
5045,168.167,0.9076,-1.6,-1.5,133
5046,168.200,0.9066,-0.5,-0.9,145
5047,168.233,0.9079,-1.5,-1.1,141
5048,168.267,0.9070,-1.1,-1.1,148
5049,168.300,0.9097,-1.5,-0.7,136
5050,168.333,0.9078,-1.0,-0.8,139
5051,168.367,0.9071,-1.4,-0.8,137
5052,168.400,0.9104,-1.0,-1.7,108
5053,168.433,0.9072,-0.9,-1.4,148
5054,168.467,0.9101,-0.6,-1.7,119
5055,168.500,0.9084,-1.5,-1.3,158
5056,168.533,0.9082,-1.3,-1.7,148
5057,168.567,0.9096,-1.7,-0.7,136
5058,168.600,0.9073,-0.3,-1.0,138
5059,168.633,0.9078,-1.6,-1.5,146
5060,168.667,0.9088,-0.9,-1.0,157
5061,168.700,0.9091,-1.1,-1.2,157
5062,168.733,0.9088,-1.3,-1.2,151
5063,168.767,0.9021,1.2,-1.5,123
5064,168.800,0.9082,-0.4,-1.2,150
5065,168.833,0.9138,-1.0,-0.8,141
5066,168.867,0.9211,-2.3,-1.9,156
5067,168.900,0.9440,-11.6,0.8,144
5068,168.933,0.9728,-20.4,4.6,180
5069,168.967,1.0177,-22.0,7.7,153
5070,169.000,1.0841,-6.4,-1.8,144
5071,169.033,1.1940,0.2,-10.6,109
5072,169.067,1.4790,-9.9,4.7,43
5073,169.100,0.7273,-4.0,-2.1,107
5074,169.133,0.8307,-2.5,1.5,151
5075,169.167,0.8852,0.7,-0.4,179
5076,169.200,0.9079,3.3,-1.6,196
5077,169.233,0.9089,3.2,-0.9,199
5078,169.267,0.9108,0.3,0.4,187
5079,169.300,0.9108,-0.1,-0.8,183
5080,169.333,0.9073,-1.1,-1.5,176
5081,169.367,0.9112,-1.4,-0.8,183
5082,169.400,0.9106,-1.5,-1.0,180
5083,169.433,0.9068,-0.4,-0.8,183
5084,169.467,0.9102,-1.8,-1.3,197
5085,169.500,0.9066,0.5,-1.6,168
5086,169.533,0.9085,-1.3,-1.2,178
5087,169.567,0.9086,-1.4,-1.1,184
5088,169.600,0.9075,-0.1,0.1,161
5089,169.633,0.9084,-1.2,-1.7,185
5090,169.667,0.9034,1.3,-0.5,173
5091,169.700,0.9061,-0.3,-0.3,164
5092,169.733,0.9067,-1.0,-1.4,182
5093,169.767,0.9097,-1.5,-1.3,191
5094,169.800,0.9099,-1.3,-1.0,182
5095,169.833,0.9100,-0.9,-0.0,174
5096,169.867,0.9091,-1.4,-1.5,155
5097,169.900,0.9043,0.8,-0.9,166
5098,169.933,0.9066,-0.7,-1.3,176
5099,169.967,0.9089,-1.2,-0.8,193
5100,170.000,0.9057,-0.4,-1.3,145
5101,170.033,0.9104,-1.3,-1.1,178
5102,170.067,0.9111,-2.0,-0.7,172
5103,170.100,0.9088,-1.2,-0.9,194
5104,170.133,0.9123,-2.0,-0.9,156
5105,170.167,0.9083,-1.4,-1.6,186
5106,170.200,0.9047,-0.4,-1.2,150
5107,170.233,0.9105,-2.0,-1.0,181
5108,170.267,0.9097,-1.5,-1.0,198
5109,170.300,,,,0
5110,170.333,,,,0
5111,170.367,,,,0
5112,170.400,,,,0
5113,170.433,,,,0
5114,170.467,,,,0
5115,170.500,,,,0
5116,170.533,,,,0
5117,170.567,,,,0
5118,170.600,,,,0
5119,170.633,,,,0
5120,170.667,,,,0
5121,170.700,,,,0
5122,170.733,,,,0
5123,170.767,,,,0
5124,170.800,,,,0
5125,170.833,,,,0
5126,170.867,,,,0
5127,170.900,,,,0
5128,170.933,,,,0
5129,170.967,,,,0
5130,171.000,,,,0
5131,171.033,,,,0
5132,171.067,,,,0
5133,171.100,,,,0
5134,171.133,,,,0
5135,171.167,,,,0
5136,171.200,,,,0
5137,171.233,,,,0
5138,171.267,,,,0
5139,171.300,,,,0
5140,171.333,,,,0
5141,171.367,,,,0
5142,171.400,,,,0
5143,171.433,,,,0
5144,171.467,,,,0
5145,171.500,,,,0
5146,171.533,,,,0
5147,171.567,,,,0
5148,171.600,,,,0
5149,171.633,,,,0
5150,171.667,,,,0
5151,171.700,,,,0
5152,171.733,,,,0
5153,171.767,,,,0
5154,171.800,,,,0
5155,171.833,,,,0
5156,171.867,,,,0
5157,171.900,,,,0
5158,171.933,,,,0
5159,171.967,,,,0
5160,172.000,,,,0
5161,172.033,,,,0
5162,172.067,,,,0
5163,172.100,,,,0
5164,172.133,,,,0
5165,172.167,,,,0
5166,172.200,,,,0
5167,172.233,,,,0
5168,172.267,,,,0
5169,172.300,,,,0
5170,172.333,,,,0
5171,172.367,,,,0
5172,172.400,,,,0
5173,172.433,,,,0
5174,172.467,,,,0
5175,172.500,,,,0
5176,172.533,,,,0
5177,172.567,,,,0
5178,172.600,,,,0
5179,172.633,,,,0
5180,172.667,0.9087,-2.4,0.3,43
5181,172.700,0.9102,-0.6,-0.5,51
5182,172.733,0.9121,-2.2,-0.5,173
5183,172.767,0.9081,-1.0,-1.1,209
5184,172.800,0.9063,-0.7,-1.7,176
5185,172.833,0.9095,-0.9,-0.6,182
5186,172.867,0.9083,-0.5,-1.0,185
5187,172.900,0.9121,-2.0,-1.4,177
5188,172.933,0.9099,-0.9,-1.2,203
5189,172.967,0.9068,-0.8,-2.6,163
5190,173.000,0.9122,-2.1,-0.5,177
5191,173.033,0.9077,-0.4,-0.8,189
5192,173.067,0.9084,-0.7,-1.0,208
5193,173.100,0.9089,-1.3,-2.1,179
5194,173.133,0.9088,-1.4,-1.0,209
5195,173.167,0.9112,-1.2,-1.4,183
5196,173.200,0.9100,-1.9,-1.3,189
5197,173.233,0.9131,-2.5,-0.5,145
5198,173.267,0.9107,-1.6,-1.3,200
5199,173.300,0.9090,-1.7,-1.5,202
5200,173.333,0.9084,-1.6,-1.5,202
5201,173.367,0.9068,-0.7,-1.4,194
5202,173.400,0.9104,-1.6,-1.0,204
5203,173.433,0.9039,-0.1,-1.7,166
5204,173.467,0.9122,-2.0,-0.7,180
5205,173.500,0.9097,-1.1,-1.2,212
5206,173.533,0.9096,-1.5,-1.3,214
5207,173.567,0.9084,-1.5,-1.3,209
5208,173.600,0.9101,-1.7,-1.1,213
5209,173.633,0.9091,-2.0,-1.4,191
5210,173.667,0.9102,-1.6,-0.8,205
5211,173.700,0.9077,-0.7,-0.5,183
5212,173.733,0.9067,-0.1,-0.6,178
5213,173.767,0.9062,-0.8,-1.9,176
5214,173.800,0.9105,-1.6,-1.1,210
5215,173.833,0.9108,-1.7,-1.0,200
5216,173.867,0.9067,-0.8,-1.1,191
5217,173.900,0.9102,-1.4,-1.1,203
5218,173.933,0.9097,-1.3,-1.1,196
5219,173.967,0.9070,-0.5,-0.6,180
5220,174.000,0.9124,-2.1,-0.3,167
5221,174.033,0.9081,-1.1,-1.1,212
5222,174.067,0.9119,-1.5,-0.9,182
5223,174.100,0.9081,-0.8,-1.0,192
5224,174.133,0.9078,-0.9,-1.3,208
5225,174.167,0.9123,-1.8,-0.5,170
5226,174.200,0.9079,-0.9,-1.3,199
5227,174.233,0.9093,-1.0,-1.3,206
5228,174.267,0.9118,-2.4,-1.1,165
5229,174.300,0.9117,-2.1,-0.3,170
5230,174.333,0.9090,-1.3,-1.6,187
5231,174.367,0.9077,-0.7,-1.3,214
5232,174.400,0.9073,-1.1,-1.6,170
5233,174.433,0.9090,-1.2,-1.3,127
5234,174.467,0.9087,-0.8,-0.9,128
5235,174.500,0.9105,-1.3,0.3,119
5236,174.533,0.9086,-1.4,-1.5,172
5237,174.567,0.9077,-1.3,-1.1,69
5238,174.600,0.9084,-1.6,-1.4,62
5239,174.633,0.9115,-1.9,-1.7,53
5240,174.667,,,,0
5241,174.700,,,,0
5242,174.733,,,,0
5243,174.767,,,,0
5244,174.800,,,,0
5245,174.833,,,,0
5246,174.867,,,,0
5247,174.900,,,,0
5248,174.933,,,,0
5249,174.967,,,,0
5250,175.000,,,,0
5251,175.033,,,,0
5252,175.067,,,,0
5253,175.100,,,,0
5254,175.133,,,,0
5255,175.167,,,,0
5256,175.200,,,,0
5257,175.233,,,,0
5258,175.267,,,,0
5259,175.300,,,,0
5260,175.333,,,,0
5261,175.367,,,,0
5262,175.400,,,,0
5263,175.433,,,,0
5264,175.467,,,,0
5265,175.500,,,,0
5266,175.533,,,,0
5267,175.567,,,,0
5268,175.600,,,,0
5269,175.633,,,,0
5270,175.667,,,,0
5271,175.700,,,,0
5272,175.733,,,,0
5273,175.767,,,,0
5274,175.800,,,,0
5275,175.833,,,,0
5276,175.867,,,,0
5277,175.900,,,,0
5278,175.933,,,,0
5279,175.967,,,,0
5280,176.000,,,,0
5281,176.033,,,,0
5282,176.067,,,,0
5283,176.100,,,,0
5284,176.133,,,,0
5285,176.167,,,,0
5286,176.200,,,,0
5287,176.233,,,,0
5288,176.267,,,,0
5289,176.300,,,,0
5290,176.333,,,,0
5291,176.367,,,,0
5292,176.400,,,,0
5293,176.433,,,,0
5294,176.467,,,,0
5295,176.500,,,,0
5296,176.533,,,,0
5297,176.567,,,,0
5298,176.600,,,,0
5299,176.633,,,,0
5300,176.667,,,,0
5301,176.700,,,,0
5302,176.733,,,,0
5303,176.767,,,,0
5304,176.800,,,,0
5305,176.833,,,,0
5306,176.867,,,,0
5307,176.900,,,,0
5308,176.933,,,,0
5309,176.967,,,,0
5310,177.000,,,,0
5311,177.033,,,,0
5312,177.067,,,,0
5313,177.100,,,,0
5314,177.133,,,,0
5315,177.167,,,,0
5316,177.200,,,,0
5317,177.233,,,,0
5318,177.267,,,,0
5319,177.300,,,,0
5320,177.333,,,,0
5321,177.367,,,,0
5322,177.400,,,,0
5323,177.433,,,,0
5324,177.467,,,,0
5325,177.500,,,,0
5326,177.533,,,,0
5327,177.567,,,,0
5328,177.600,,,,0
5329,177.633,,,,0
5330,177.667,,,,0
5331,177.700,,,,0
5332,177.733,,,,0
5333,177.767,,,,0
5334,177.800,,,,0
5335,177.833,,,,0
5336,177.867,,,,0
5337,177.900,,,,0
5338,177.933,,,,0
5339,177.967,,,,0
5340,178.000,,,,0
5341,178.033,,,,0
5342,178.067,,,,0
5343,178.100,,,,0
5344,178.133,,,,0
5345,178.167,,,,0
5346,178.200,,,,0
5347,178.233,,,,0
5348,178.267,,,,0
5349,178.300,,,,0
5350,178.333,,,,0
5351,178.367,,,,0
5352,178.400,,,,0
5353,178.433,,,,0
5354,178.467,,,,0
5355,178.500,,,,0
5356,178.533,,,,0
5357,178.567,,,,0
5358,178.600,,,,0
5359,178.633,,,,0
5360,178.667,,,,0
5361,178.700,,,,0
5362,178.733,,,,0
5363,178.767,,,,0
5364,178.800,,,,0
5365,178.833,,,,0
5366,178.867,,,,0
5367,178.900,,,,0
5368,178.933,,,,0
5369,178.967,,,,0
5370,179.000,,,,0
5371,179.033,,,,0
5372,179.067,,,,0
5373,179.100,,,,0
5374,179.133,,,,0
5375,179.167,,,,0
5376,179.200,,,,0
5377,179.233,,,,0
5378,179.267,,,,0
5379,179.300,,,,0
5380,179.333,,,,0
5381,179.367,,,,0
5382,179.400,,,,0
5383,179.433,,,,0
5384,179.467,,,,0
5385,179.500,,,,0
5386,179.533,,,,0
5387,179.567,,,,0
5388,179.600,,,,0
5389,179.633,,,,0
5390,179.667,,,,0
5391,179.700,0.9091,-1.6,-2.3,102
5392,179.733,0.9064,-0.3,-2.3,178
5393,179.767,0.9095,-1.2,0.1,108
5394,179.800,0.9087,-0.9,-0.1,195
5395,179.833,0.9092,-0.8,-1.4,115
5396,179.867,0.9080,-1.1,-1.6,182
5397,179.900,0.9097,-2.0,-1.5,180
5398,179.933,0.9087,-1.3,-1.0,193
5399,179.967,0.9086,-1.5,-1.3,191
5400,180.000,0.9065,-0.7,-1.3,175
5401,180.033,0.9095,-2.0,-1.4,179
5402,180.067,0.9070,-0.7,-1.3,167
5403,180.100,0.9098,-1.0,-1.4,171
5404,180.133,0.9093,-1.0,-1.6,168
5405,180.167,0.9094,-1.6,-1.6,180
5406,180.200,0.9087,-1.4,-0.9,178
5407,180.233,0.9094,-1.7,-0.9,175
5408,180.267,0.9084,-1.8,-1.4,177
