frame,t,scale,tx_px,ty_px,inliers
0,0.000,1.0000,0.0,0.0,2447
1,0.033,1.0002,0.0,-0.1,1900
2,0.067,1.0000,0.0,-0.0,1738
3,0.100,1.0000,0.0,-0.0,1653
4,0.133,0.9999,0.0,-0.0,1571
5,0.167,0.9999,0.1,-0.0,1542
6,0.200,0.9999,0.1,-0.0,1507
7,0.234,0.9999,0.1,-0.0,1500
8,0.267,1.0000,0.0,-0.0,1464
9,0.300,0.9999,0.1,-0.0,1471
10,0.334,0.9999,0.1,0.0,1476
11,0.367,0.9999,0.1,0.0,1459
12,0.400,0.9999,0.0,-0.0,1436
13,0.434,0.9999,0.1,0.0,1458
14,0.467,0.9999,0.1,0.0,1464
15,0.501,0.9999,0.0,0.0,1480
16,0.534,0.9999,0.0,0.0,1517
17,0.567,0.9999,0.1,0.0,1500
18,0.601,0.9998,0.1,0.0,1477
19,0.634,0.9999,0.0,0.0,1493
20,0.667,0.9999,0.0,0.0,1505
21,0.701,1.0000,0.0,0.0,1422
22,0.734,1.0009,0.1,0.2,1169
23,0.767,1.0047,0.6,1.4,981
24,0.801,1.0095,0.1,2.4,1046
25,0.834,1.0172,0.2,4.2,987
26,0.868,1.0296,0.2,7.1,959
27,0.901,1.0469,0.3,11.5,809
28,0.934,1.0709,0.3,17.6,628
29,0.968,1.0977,0.5,24.3,502
30,1.001,1.1269,0.1,31.3,474
31,1.034,1.1490,-0.1,36.7,495
32,1.068,1.1692,0.1,41.0,487
33,1.101,1.1851,0.1,45.2,472
34,1.134,1.1981,-0.4,48.4,429
35,1.168,1.2102,0.0,51.4,410
36,1.201,1.2197,-0.1,53.9,409
37,1.235,1.2291,0.1,56.1,354
38,1.268,1.2373,-0.2,57.7,343
39,1.301,1.2443,-0.0,59.9,341
40,1.335,1.2507,-0.1,61.4,320
41,1.368,1.2563,0.1,62.6,305
42,1.401,1.2623,0.5,64.1,262
43,1.435,1.2664,0.0,64.8,255
44,1.468,1.2709,0.3,66.1,244
45,1.502,1.2739,0.2,66.8,242
46,1.535,1.2774,-0.1,67.8,242
47,1.568,1.2794,-0.0,68.5,233
48,1.602,1.2837,-0.0,69.1,221
49,1.635,1.2851,-0.0,69.9,206
50,1.668,1.2883,-0.0,70.0,210
51,1.702,1.2901,0.3,71.0,194
52,1.735,1.2915,0.1,71.2,183
53,1.768,1.2921,-0.1,71.4,167
54,1.802,1.2947,-0.1,72.1,160
55,1.835,1.2961,0.1,72.2,169
56,1.869,1.2982,0.3,72.3,148
57,1.902,1.2983,-0.0,72.2,143
58,1.935,1.2986,0.1,72.9,159
59,1.969,1.2995,0.3,73.2,151
60,2.002,1.2992,-0.1,73.6,150
61,2.035,1.2996,0.5,73.2,158
62,2.069,1.2996,-0.2,73.3,152
63,2.102,1.3006,0.1,73.5,124
64,2.135,1.3013,1.9,76.5,95
65,2.169,1.3049,1.7,72.6,103
66,2.202,1.2824,-2.3,81.5,102
67,2.236,1.2979,1.6,77.8,101
68,2.269,1.3000,0.0,73.3,61
69,2.302,1.2981,0.2,72.6,49
70,2.336,1.2966,0.3,72.9,110
71,2.369,1.0000,0.0,-0.0,863
72,2.402,1.0000,0.0,-0.0,936
73,2.436,1.0000,0.0,-0.0,1316
74,2.469,1.0000,0.0,-0.0,1302
75,2.503,1.0000,0.0,-0.0,1299
76,2.536,1.0000,0.0,-0.0,1297
77,2.569,0.9999,0.0,-0.0,1300
78,2.603,1.0000,0.0,-0.0,1293
79,2.636,1.0000,0.0,-0.0,1277
80,2.669,1.0000,0.0,-0.0,1263
81,2.703,1.0000,0.0,-0.0,1257
82,2.736,1.0000,0.0,-0.0,1249
83,2.769,0.9999,0.0,-0.0,1258
84,2.803,1.0000,0.0,-0.0,1261
85,2.836,1.0000,0.0,-0.0,1261
86,2.870,1.0000,0.0,-0.0,1261
87,2.903,1.0000,0.0,-0.0,1256
88,2.936,1.0000,0.0,-0.0,1258
89,2.970,1.0000,0.0,-0.0,1263
90,3.003,1.0000,0.0,-0.0,1260
91,3.036,1.0000,0.0,-0.0,1268
92,3.070,1.0000,0.0,-0.0,1257
93,3.103,1.0000,0.0,-0.0,1255
94,3.136,0.9999,0.0,-0.0,1261
95,3.170,0.9999,0.0,-0.0,1262
96,3.203,0.9999,0.1,-0.0,1251
97,3.237,1.0000,0.1,-0.0,1287
98,3.270,1.0000,-0.0,-0.0,1283
99,3.303,1.0000,0.0,-0.0,1253
100,3.337,1.0000,0.0,-0.0,1233
101,3.370,1.0000,0.0,-0.0,1239
102,3.403,1.0000,0.0,-0.0,1246
103,3.437,1.0000,0.0,-0.0,1250
104,3.470,1.0000,0.0,-0.0,1275
105,3.504,1.0000,0.0,-0.0,1298
106,3.537,1.0000,0.0,-0.0,1287
107,3.570,1.0000,0.0,-0.0,1296
108,3.604,1.0000,0.0,-0.0,1298
109,3.637,1.0000,0.0,-0.0,1300
110,3.670,1.0000,0.0,-0.0,1276
111,3.704,1.0000,0.0,-0.0,1284
112,3.737,1.0000,0.0,-0.0,1287
113,3.770,1.0000,0.0,-0.0,1293
114,3.804,1.0000,0.0,-0.0,1305
115,3.837,1.0000,0.0,-0.0,1292
116,3.871,1.0000,0.0,-0.0,1286
117,3.904,1.0000,0.0,-0.0,1293
118,3.937,1.0000,0.0,-0.0,1298
119,3.971,1.0000,0.0,-0.0,1329
120,4.004,0.9999,0.0,-0.0,1333
121,4.037,1.0000,0.0,-0.0,1338
122,4.071,1.0000,0.0,-0.0,1318
123,4.104,1.0000,0.0,-0.0,1328
124,4.137,0.9999,0.0,-0.0,1331
125,4.171,1.0000,0.0,-0.0,1330
126,4.204,1.0000,0.0,-0.0,1324
127,4.238,1.0000,0.0,-0.0,1305
128,4.271,1.0000,0.0,-0.0,1318
129,4.304,1.0000,0.0,-0.0,1314
130,4.338,0.9999,0.0,-0.0,1312
131,4.371,1.0000,0.0,-0.0,1329
132,4.404,1.0000,0.0,-0.0,1315
133,4.438,1.0000,0.0,-0.0,1310
134,4.471,1.0000,0.0,-0.0,1305
135,4.505,1.0000,0.0,-0.0,1302
136,4.538,1.0000,0.0,-0.0,1308
137,4.571,1.0000,0.0,-0.0,1325
138,4.605,1.0000,0.0,-0.0,1343
139,4.638,1.0000,0.0,-0.0,1326
140,4.671,1.0000,0.0,-0.0,1324
141,4.705,1.0000,0.0,-0.0,1328
142,4.738,1.0000,0.0,-0.0,1331
143,4.771,1.0000,0.0,-0.0,1339
144,4.805,1.0000,0.0,-0.0,1335
145,4.838,1.0151,1.6,0.2,639
146,4.872,1.0618,2.7,-0.1,325
147,4.905,1.1484,4.4,-0.9,111
148,4.938,1.2745,3.7,-0.2,50
149,4.972,,,,0
150,5.005,,,,0
151,5.038,,,,0
152,5.072,,,,0
153,5.105,,,,0
154,5.138,,,,0
155,5.172,,,,0
156,5.205,,,,0
157,5.239,,,,0
158,5.272,,,,0
159,5.305,,,,0
160,5.339,,,,0
161,5.372,,,,0
162,5.405,,,,0
163,5.439,,,,0
164,5.472,,,,0
165,5.506,,,,0
166,5.539,,,,0
167,5.572,,,,0
168,5.606,,,,0
169,5.639,,,,0
170,5.672,,,,0
171,5.706,,,,0
172,5.739,,,,0
173,5.772,,,,0
174,5.806,,,,0
175,5.839,,,,0
176,5.873,,,,0
177,5.906,,,,0
178,5.939,,,,0
179,5.973,,,,0
180,6.006,,,,0
181,6.039,,,,0
182,6.073,,,,0
183,6.106,,,,0
184,6.139,,,,0
185,6.173,,,,0
186,6.206,,,,0
187,6.240,,,,0
188,6.273,,,,0
189,6.306,,,,0
190,6.340,,,,0
191,6.373,,,,0
192,6.406,,,,0
193,6.440,,,,0
194,6.473,,,,0
195,6.507,,,,0
196,6.540,,,,0
197,6.573,,,,0
198,6.607,,,,0
199,6.640,,,,0
200,6.673,,,,0
201,6.707,,,,0
202,6.740,,,,0
203,6.773,,,,0
204,6.807,,,,0
205,6.840,,,,0
206,6.874,,,,0
207,6.907,,,,0
208,6.940,,,,0
209,6.974,,,,0
210,7.007,,,,0
211,7.040,,,,0
212,7.074,,,,0
213,7.107,,,,0
214,7.140,,,,0
215,7.174,,,,0
216,7.207,,,,0
217,7.241,,,,0
218,7.274,,,,0
219,7.307,,,,0
220,7.341,,,,0
221,7.374,,,,0
222,7.407,,,,0
223,7.441,,,,0
224,7.474,,,,0
225,7.508,,,,0
226,7.541,,,,0
227,7.574,,,,0
228,7.608,,,,0
229,7.641,,,,0
230,7.674,,,,0
231,7.708,,,,0
232,7.741,,,,0
233,7.774,,,,0
234,7.808,,,,0
235,7.841,,,,0
236,7.875,,,,0
237,7.908,,,,0
238,7.941,,,,0
239,7.975,,,,0
240,8.008,,,,0
241,8.041,,,,0
242,8.075,,,,0
243,8.108,,,,0
244,8.141,,,,0
245,8.175,,,,0
246,8.208,,,,0
247,8.242,,,,0
248,8.275,,,,0
249,8.308,,,,0
250,8.342,,,,0
251,8.375,,,,0
252,8.408,,,,0
253,8.442,,,,0
254,8.475,,,,0
255,8.509,,,,0
256,8.542,,,,0
257,8.575,,,,0
258,8.609,,,,0
259,8.642,,,,0
260,8.675,,,,0
261,8.709,,,,0
262,8.742,,,,0
263,8.775,,,,0
264,8.809,,,,0
265,8.842,,,,0
266,8.876,,,,0
267,8.909,,,,0
268,8.942,,,,0
269,8.976,,,,0
270,9.009,,,,0
271,9.042,,,,0
272,9.076,,,,0
273,9.109,,,,0
274,9.142,,,,0
275,9.176,,,,0
276,9.209,,,,0
277,9.243,,,,0
278,9.276,,,,0
279,9.309,,,,0
280,9.343,,,,0
281,9.376,,,,0
282,9.409,,,,0
283,9.443,,,,0
284,9.476,,,,0
285,9.510,,,,0
286,9.543,,,,0
287,9.576,,,,0
288,9.610,,,,0
289,9.643,,,,0
290,9.676,,,,0
291,9.710,,,,0
292,9.743,,,,0
293,9.776,,,,0
294,9.810,,,,0
295,9.843,,,,0
296,9.877,,,,0
297,9.910,,,,0
298,9.943,,,,0
299,9.977,,,,0
300,10.010,,,,0
301,10.043,,,,0
302,10.077,,,,0
303,10.110,,,,0
304,10.143,,,,0
305,10.177,,,,0
306,10.210,,,,0
307,10.244,,,,0
308,10.277,,,,0
309,10.310,,,,0
310,10.344,,,,0
311,10.377,,,,0
312,10.410,,,,0
313,10.444,,,,0
314,10.477,,,,0
315,10.511,,,,0
316,10.544,,,,0
317,10.577,,,,0
318,10.611,,,,0
319,10.644,,,,0
320,10.677,,,,0
321,10.711,,,,0
322,10.744,,,,0
323,10.777,,,,0
324,10.811,,,,0
325,10.844,,,,0
326,10.878,,,,0
327,10.911,,,,0
328,10.944,,,,0
329,10.978,,,,0
330,11.011,,,,0
331,11.044,,,,0
332,11.078,,,,0
333,11.111,0.9999,0.1,-0.1,1013
334,11.144,0.9999,0.1,-0.1,1189
335,11.178,1.0000,0.1,-0.1,1197
336,11.211,1.0001,0.1,-0.1,1191
337,11.245,1.0001,0.1,-0.1,1200
338,11.278,1.0001,0.1,-0.1,1206
339,11.311,1.0001,0.1,-0.1,1205
340,11.345,1.0001,0.1,-0.1,1201
341,11.378,1.0001,0.1,-0.1,1217
342,11.411,1.0000,0.1,-0.1,1224
343,11.445,1.0001,0.1,-0.1,1238
344,11.478,1.0001,0.1,-0.1,1250
345,11.512,1.0001,0.0,-0.1,1248
346,11.545,1.0001,0.1,-0.1,1259
347,11.578,1.0001,0.1,-0.1,1257
348,11.612,1.0001,0.1,-0.1,1248
349,11.645,1.0001,0.1,-0.1,1248
350,11.678,1.0001,0.1,-0.1,1232
351,11.712,1.0001,0.1,-0.1,1230
352,11.745,1.0001,0.0,-0.1,1219
353,11.778,1.0001,0.1,-0.1,1238
354,11.812,1.0001,0.1,-0.1,1240
355,11.845,1.0001,0.1,-0.1,1245
356,11.879,1.0001,0.1,-0.1,1250
357,11.912,1.0001,0.1,-0.1,1242
358,11.945,1.0001,0.1,-0.0,1228
359,11.979,1.0001,0.1,-0.0,1215
360,12.012,1.0001,0.1,-0.0,1222
361,12.045,1.0001,0.1,-0.1,1201
362,12.079,1.0000,0.1,-0.1,1199
363,12.112,1.0001,0.1,-0.1,1196
364,12.145,1.0001,0.1,-0.1,1181
365,12.179,1.0001,0.1,-0.1,1183
366,12.212,1.0001,0.1,-0.1,1190
367,12.246,1.0001,0.1,-0.1,1193
368,12.279,1.0001,0.1,-0.1,1198
369,12.312,1.0001,0.1,-0.1,1193
370,12.346,1.0001,0.1,-0.1,1222
371,12.379,1.0001,0.1,-0.1,1240
372,12.412,1.0001,0.1,-0.1,1234
373,12.446,1.0001,0.1,-0.1,1225
374,12.479,1.0001,0.1,-0.1,1221
375,12.513,1.0001,0.1,-0.1,1232
376,12.546,1.0001,0.1,-0.1,1230
377,12.579,1.0001,0.1,-0.1,1230
378,12.613,1.0001,0.1,-0.1,1227
379,12.646,1.0001,0.1,-0.1,1239
380,12.679,1.0001,0.1,-0.1,1238
381,12.713,1.0001,0.1,-0.1,1236
382,12.746,1.0001,0.1,-0.1,1240
383,12.779,1.0001,0.1,-0.1,1234
384,12.813,1.0001,0.1,-0.1,1210
385,12.846,1.0001,0.0,-0.1,1198
386,12.880,1.0001,0.0,-0.1,1201
387,12.913,1.0001,0.0,-0.1,1194
388,12.946,1.0001,0.0,-0.1,1211
389,12.980,1.0001,0.1,-0.1,1248
390,13.013,1.0001,0.1,-0.1,1240
391,13.046,1.0001,0.1,-0.1,1229
392,13.080,1.0001,0.0,-0.1,1228
393,13.113,1.0001,0.0,-0.0,1271
394,13.146,1.0002,0.1,-0.1,1279
395,13.180,1.0001,0.1,-0.1,1247
396,13.213,1.0001,0.1,-0.1,1255
397,13.247,1.0001,0.1,-0.1,1257
398,13.280,1.0000,0.0,-0.0,1292
399,13.313,1.0000,0.0,-0.0,1266
400,13.347,1.0000,0.0,-0.0,1312
401,13.380,1.1997,-0.9,-16.1,480
402,13.413,1.1995,-2.5,-12.0,502
403,13.447,1.2000,-4.1,-8.2,507
404,13.480,1.2000,-5.3,-2.5,445
405,13.514,1.1999,-5.9,2.7,512
406,13.547,1.2003,-5.7,5.2,417
407,13.580,1.2003,-4.6,7.9,464
408,13.614,1.2003,-3.3,10.3,474
409,13.647,1.2004,-1.5,10.6,461
410,13.680,1.2001,0.7,10.0,490
411,13.714,1.1991,1.7,9.5,457
412,13.747,1.1994,2.2,8.1,465
413,13.780,1.1995,2.4,7.6,462
414,13.814,1.2001,1.2,8.9,498
415,13.847,1.2001,0.8,10.2,481
416,13.881,1.1998,0.5,14.1,481
417,13.914,1.2002,0.0,18.5,415
418,13.947,1.2000,0.2,22.9,412
419,13.981,1.1999,0.5,27.2,433
420,14.014,1.1998,1.1,31.4,461
421,14.047,1.1996,1.5,33.0,416
422,14.081,1.1993,2.8,32.2,427
423,14.114,1.2002,3.4,31.4,433
424,14.147,1.1999,3.4,31.2,450
425,14.181,1.2006,3.8,30.1,415
426,14.214,1.1998,3.6,30.5,400
427,14.248,1.2000,3.8,31.2,411
428,14.281,1.2001,4.6,31.4,381
429,14.314,1.2002,6.1,31.9,404
430,14.348,1.2004,7.4,31.7,393
431,14.381,1.2000,8.6,31.6,399
432,14.414,1.1994,9.2,30.9,389
433,14.448,1.2000,10.2,29.6,402
434,14.481,1.1991,11.1,30.3,234
435,14.515,1.2000,12.2,30.7,277
436,14.548,1.2000,12.4,30.4,263
437,14.581,,,,0
438,14.615,,,,0
439,14.648,,,,0
440,14.681,,,,0
441,14.715,,,,0
442,14.748,,,,0
443,14.781,,,,0
444,14.815,,,,0
445,14.848,,,,0
446,14.882,,,,0
447,14.915,,,,0
448,14.948,,,,0
449,14.982,,,,0
450,15.015,,,,0
451,15.048,,,,0
452,15.082,,,,0
453,15.115,,,,0
454,15.148,,,,0
455,15.182,,,,0
456,15.215,,,,0
457,15.249,,,,0
458,15.282,,,,0
459,15.315,,,,0
460,15.349,,,,0
461,15.382,,,,0
462,15.415,,,,0
463,15.449,,,,0
464,15.482,,,,0
465,15.516,,,,0
466,15.549,,,,0
467,15.582,,,,0
468,15.616,,,,0
469,15.649,,,,0
470,15.682,,,,0
471,15.716,,,,0
472,15.749,,,,0
473,15.782,,,,0
474,15.816,,,,0
475,15.849,,,,0
476,15.883,,,,0
477,15.916,,,,0
478,15.949,,,,0
479,15.983,,,,0
480,16.016,,,,0
481,16.049,,,,0
482,16.083,,,,0
483,16.116,,,,0
484,16.149,,,,0
485,16.183,,,,0
486,16.216,,,,0
487,16.250,,,,0
488,16.283,,,,0
489,16.316,,,,0
490,16.350,,,,0
491,16.383,,,,0
492,16.416,,,,0
493,16.450,,,,0
494,16.483,,,,0
495,16.517,,,,0
496,16.550,,,,0
497,16.583,,,,0
498,16.617,,,,0
499,16.650,,,,0
500,16.683,,,,0
501,16.717,,,,0
502,16.750,,,,0
503,16.783,,,,0
504,16.817,,,,0
505,16.850,,,,0
506,16.884,,,,0
507,16.917,,,,0
508,16.950,,,,0
509,16.984,,,,0
510,17.017,,,,0
511,17.050,,,,0
512,17.084,,,,0
513,17.117,,,,0
514,17.150,,,,0
515,17.184,,,,0
516,17.217,,,,0
517,17.251,,,,0
518,17.284,,,,0
519,17.317,,,,0
520,17.351,,,,0
521,17.384,,,,0
522,17.417,,,,0
523,17.451,,,,0
524,17.484,,,,0
525,17.518,,,,0
526,17.551,,,,0
527,17.584,,,,0
528,17.618,,,,0
529,17.651,,,,0
530,17.684,,,,0
531,17.718,,,,0
532,17.751,,,,0
533,17.784,,,,0
534,17.818,,,,0
535,17.851,,,,0
536,17.885,1.3812,-9.4,1.7,44
537,17.918,1.2773,-12.5,4.4,133
538,17.951,1.2211,-13.9,4.8,347
539,17.985,1.2009,-15.5,4.6,499
540,18.018,1.2027,-16.4,4.5,368
541,18.051,1.2002,-18.5,4.6,506
542,18.085,1.1992,-20.3,4.6,400
543,18.118,1.2003,-21.8,5.7,440
544,18.151,1.2001,-22.9,7.4,526
545,18.185,1.2007,-23.7,10.0,480
546,18.218,1.2006,-24.9,16.6,522
547,18.252,1.2006,-25.5,23.0,481
548,18.285,1.2009,-25.6,27.6,460
549,18.318,1.2001,-25.3,31.3,509
550,18.352,1.2003,-23.3,34.3,452
551,18.385,1.2010,-21.0,32.5,436
552,18.418,1.2005,-18.3,30.8,494
553,18.452,1.2001,-14.5,29.0,457
554,18.485,1.2000,-10.8,28.2,487
555,18.519,1.2003,-6.9,26.5,429
556,18.552,1.2001,-2.7,25.5,449
557,18.585,1.2005,1.3,24.1,499
558,18.619,1.2002,3.9,22.5,375
559,18.652,1.2011,7.4,21.1,414
560,18.685,1.2003,10.0,20.4,421
561,18.719,1.2003,10.8,20.2,393
562,18.752,1.2002,12.8,20.4,398
563,18.785,1.2001,14.6,20.1,399
564,18.819,1.2003,15.8,19.4,425
565,18.852,1.2000,17.7,18.9,409
566,18.886,1.2002,18.1,18.1,381
567,18.919,1.2003,18.2,17.6,411
568,18.952,1.1998,16.0,19.0,390
569,18.986,1.2005,14.5,20.8,396
570,19.019,1.2004,12.9,23.0,397
571,19.052,1.2009,10.9,25.9,393
572,19.086,1.2002,9.5,29.1,409
573,19.119,1.2007,7.3,29.9,360
574,19.152,1.2005,6.0,28.6,426
575,19.186,1.2006,4.2,26.4,394
576,19.219,1.1994,3.1,22.9,394
577,19.253,1.2004,0.9,18.6,426
578,19.286,1.2004,-4.0,19.0,428
579,19.319,1.2007,-7.3,21.4,410
580,19.353,1.2001,-10.7,25.7,427
581,19.386,1.2000,-15.4,31.7,425
582,19.419,1.1999,-19.8,38.7,384
583,19.453,1.2004,-24.1,45.3,421
584,19.486,1.2003,-28.1,52.0,397
585,19.520,1.2000,-31.4,58.9,385
586,19.553,1.2014,-32.6,62.9,351
587,19.586,1.2001,-33.6,67.9,350
588,19.620,1.2001,-32.3,65.6,359
589,19.653,1.2000,-30.5,61.1,380
590,19.686,1.2023,-30.0,57.2,270
591,19.720,1.2004,-27.5,53.7,395
592,19.753,1.2001,-25.8,49.7,364
593,19.786,1.2006,-25.1,48.5,397
594,19.820,1.2002,-25.1,49.5,394
595,19.853,1.2042,-24.6,50.9,304
596,19.887,1.2427,-23.8,52.0,178
597,19.920,1.3165,-24.3,55.5,50
598,19.953,,,,0
599,19.987,,,,0
600,20.020,,,,0
601,20.053,,,,0
602,20.087,,,,0
603,20.120,,,,0
604,20.153,,,,0
605,20.187,,,,0
606,20.220,,,,0
607,20.254,,,,0
608,20.287,,,,0
609,20.320,,,,0
610,20.354,,,,0
611,20.387,,,,0
612,20.420,,,,0
613,20.454,,,,0
614,20.487,,,,0
615,20.521,,,,0
616,20.554,,,,0
617,20.587,,,,0
618,20.621,,,,0
619,20.654,,,,0
620,20.687,,,,0
621,20.721,,,,0
622,20.754,,,,0
623,20.787,,,,0
624,20.821,,,,0
625,20.854,,,,0
626,20.888,,,,0
627,20.921,,,,0
628,20.954,,,,0
629,20.988,,,,0
630,21.021,,,,0
631,21.054,,,,0
632,21.088,,,,0
633,21.121,,,,0
634,21.154,,,,0
635,21.188,,,,0
636,21.221,,,,0
637,21.255,,,,0
638,21.288,,,,0
639,21.321,,,,0
640,21.355,,,,0
641,21.388,,,,0
642,21.421,,,,0
643,21.455,,,,0
644,21.488,,,,0
645,21.522,,,,0
646,21.555,,,,0
647,21.588,,,,0
648,21.622,,,,0
649,21.655,,,,0
650,21.688,,,,0
651,21.722,,,,0
652,21.755,,,,0
653,21.788,,,,0
654,21.822,,,,0
655,21.855,,,,0
656,21.889,,,,0
657,21.922,,,,0
658,21.955,,,,0
659,21.989,,,,0
660,22.022,,,,0
661,22.055,,,,0
662,22.089,,,,0
663,22.122,,,,0
664,22.155,,,,0
665,22.189,,,,0
666,22.222,,,,0
667,22.256,,,,0
668,22.289,,,,0
669,22.322,,,,0
670,22.356,,,,0
671,22.389,,,,0
672,22.422,,,,0
673,22.456,,,,0
674,22.489,,,,0
675,22.523,,,,0
676,22.556,,,,0
677,22.589,,,,0
678,22.623,,,,0
679,22.656,,,,0
680,22.689,1.0002,0.1,-0.1,918
681,22.723,1.0002,0.1,-0.1,1115
682,22.756,1.0002,0.1,-0.1,1133
683,22.789,1.0002,0.1,-0.1,1132
684,22.823,1.0002,0.1,-0.1,1134
685,22.856,1.0002,0.1,-0.1,1127
686,22.890,1.0002,0.1,-0.1,1129
687,22.923,1.0002,0.1,-0.1,1138
688,22.956,1.0002,0.1,-0.1,1149
689,22.990,1.0002,0.1,-0.1,1153
690,23.023,1.0002,0.1,-0.1,1154
691,23.056,1.0002,0.1,-0.1,1136
692,23.090,1.0002,0.1,-0.1,1134
693,23.123,1.0003,0.1,-0.1,1128
694,23.156,1.0002,0.1,-0.1,1123
695,23.190,1.0003,0.1,-0.1,1117
696,23.223,1.0003,0.1,-0.1,1114
697,23.257,1.0002,0.1,-0.1,1114
698,23.290,1.0003,0.1,-0.1,1121
699,23.323,1.0002,0.1,-0.1,1131
700,23.357,1.0006,0.2,-0.1,1086
701,23.390,1.0017,0.4,0.0,977
702,23.423,1.0049,0.5,1.0,937
703,23.457,1.0105,0.3,2.1,925
704,23.490,1.0175,0.9,4.1,794
705,23.524,1.0304,0.2,7.3,804
706,23.557,1.0474,0.6,11.4,680
707,23.590,1.0693,1.5,16.7,391
708,23.624,1.1001,0.2,24.2,463
709,23.657,1.1273,0.1,30.9,408
710,23.690,1.1504,0.2,36.1,422
711,23.724,1.1704,0.4,41.2,387
712,23.757,1.1860,0.0,45.2,366
713,23.790,1.1996,0.1,48.5,334
714,23.824,1.2108,-0.4,51.5,325
715,23.857,1.2212,0.6,53.5,293
716,23.891,1.2295,0.1,55.9,300
717,23.924,1.2367,0.3,57.8,290
718,23.957,1.2445,0.5,59.6,280
719,23.991,1.2511,0.4,61.0,265
720,24.024,1.2566,0.4,62.4,255
721,24.057,1.2625,-0.2,63.7,201
722,24.091,1.2651,0.2,65.0,213
723,24.124,1.2710,0.7,66.1,186
724,24.157,1.2729,0.3,67.4,189
725,24.191,1.2775,0.3,67.6,205
726,24.224,1.2808,0.4,68.3,217
727,24.258,1.2837,0.6,68.8,185
728,24.291,1.2004,0.9,40.4,404
729,24.324,1.2003,3.2,40.3,430
730,24.358,1.1998,5.5,40.8,448
731,24.391,1.1997,6.8,41.2,427
732,24.424,1.2001,8.0,41.4,404
733,24.458,1.2002,8.3,41.3,408
734,24.491,1.2002,6.8,40.6,434
735,24.525,1.1998,4.8,39.4,384
736,24.558,1.1996,2.2,38.3,436
737,24.591,1.2005,-1.0,36.2,397
738,24.625,1.2000,-4.6,35.1,461
739,24.658,1.2008,-10.0,33.6,470
740,24.691,1.2005,-15.8,31.9,506
741,24.725,1.2013,-22.3,30.2,452
742,24.758,1.2004,-30.1,28.9,526
743,24.791,1.2005,-36.3,27.4,492
744,24.825,1.2010,-41.6,26.6,529
745,24.858,1.2004,-46.6,26.7,506
746,24.892,1.2005,-49.3,26.4,550
747,24.925,1.2004,-51.0,26.3,548
748,24.958,1.2001,-51.5,27.0,514
749,24.992,1.2010,-47.7,26.9,500
750,25.025,1.2005,-43.5,27.0,536
751,25.058,1.2000,-36.6,27.6,483
752,25.092,1.2005,-29.9,28.1,507
753,25.125,1.2003,-22.1,28.8,497
754,25.158,1.2007,-14.0,29.1,464
755,25.192,1.2001,-6.8,31.4,451
756,25.225,1.2004,0.5,36.0,428
757,25.259,1.2001,6.6,41.5,377
758,25.292,1.2008,11.3,47.0,367
759,25.325,1.2006,14.6,50.3,340
760,25.359,1.2010,17.7,54.3,366
761,25.392,1.2005,17.7,52.6,375
762,25.425,1.2005,15.6,49.5,379
763,25.459,1.2003,13.6,45.7,399
764,25.492,1.2004,10.2,40.0,413
765,25.526,1.2008,6.6,34.0,414
766,25.559,1.2001,2.8,30.9,442
767,25.592,1.1995,-2.2,29.1,433
768,25.626,1.2016,-8.2,29.4,413
769,25.659,1.2003,-14.0,33.0,468
770,25.692,1.1997,-18.4,37.6,434
771,25.726,1.2003,-22.5,42.8,445
772,25.759,1.2003,-26.0,49.1,432
773,25.792,1.1999,-29.1,54.4,408
774,25.826,1.2002,-30.6,57.2,457
775,25.859,1.2006,-32.1,58.9,409
776,25.893,1.2006,-33.0,59.8,434
777,25.926,1.2006,-32.9,58.7,436
778,25.959,1.2007,-32.6,57.9,452
779,25.993,1.2008,-32.2,57.3,446
780,26.026,1.2000,-30.8,56.8,390
781,26.059,1.2010,-30.2,56.3,432
782,26.093,1.2006,-28.3,57.2,440
783,26.126,1.2003,-27.7,57.3,484
784,26.159,1.0005,0.2,-0.2,1099
785,26.193,1.0006,0.2,-0.2,1094
786,26.226,1.0006,0.1,-0.2,1095
787,26.260,1.0005,0.2,-0.2,1111
788,26.293,1.0006,0.2,-0.2,1109
789,26.326,1.0005,0.2,-0.2,1093
790,26.360,1.0005,0.2,-0.2,1102
791,26.393,1.0005,0.2,-0.2,1105
792,26.426,1.0005,0.2,-0.2,1120
793,26.460,1.0005,0.2,-0.2,1142
794,26.493,1.0007,0.2,-0.2,1136
795,26.527,1.0005,0.1,-0.2,1164
796,26.560,1.0005,0.1,-0.2,1156
797,26.593,1.0005,0.1,-0.2,1152
798,26.627,1.0005,0.1,-0.2,1144
799,26.660,1.0005,0.1,-0.2,1132
800,26.693,1.0005,0.1,-0.2,1129
801,26.727,1.0005,0.1,-0.2,1129
802,26.760,1.0005,0.1,-0.2,1112
803,26.793,1.0005,0.1,-0.2,1110
804,26.827,1.0005,0.1,-0.2,1108
805,26.860,1.0005,0.1,-0.2,1107
806,26.894,1.0005,0.1,-0.2,1100
807,26.927,1.0007,0.2,-0.1,1033
808,26.960,1.0005,0.1,-0.2,1095
809,26.994,1.0006,0.1,-0.2,1081
810,27.027,1.0006,0.1,-0.2,1080
811,27.060,1.0005,0.2,-0.2,1069
812,27.094,1.0006,0.2,-0.2,1059
813,27.127,1.0005,0.1,-0.2,1058
814,27.160,1.0006,0.1,-0.2,1057
815,27.194,1.0006,0.1,-0.2,1047
816,27.227,1.0007,0.2,-0.2,1063
817,27.261,1.0006,0.2,-0.2,1064
818,27.294,1.0005,0.2,-0.2,1064
819,27.327,1.0005,0.2,-0.2,1080
820,27.361,1.0005,0.2,-0.2,1094
821,27.394,1.0005,0.2,-0.2,1102
822,27.427,1.0005,0.2,-0.2,1092
823,27.461,1.0007,0.2,-0.2,1097
824,27.494,1.0005,0.2,-0.2,1104
825,27.528,1.0005,0.1,-0.2,1116
826,27.561,1.0005,0.2,-0.2,1120
827,27.594,1.0005,0.2,-0.2,1141
828,27.628,1.0005,0.1,-0.2,1148
829,27.661,1.0005,0.2,-0.2,1132
830,27.694,1.0007,0.2,-0.2,1126
831,27.728,1.0005,0.2,-0.2,1115
832,27.761,1.0005,0.2,-0.2,1128
833,27.794,1.0005,0.1,-0.1,1134
834,27.828,1.0005,0.1,-0.2,1134
835,27.861,1.0006,0.1,-0.2,1122
836,27.895,1.0005,0.1,-0.2,1156
837,27.928,1.0005,0.1,-0.2,1139
838,27.961,1.0007,0.2,-0.2,1146
839,27.995,1.0005,0.1,-0.2,1140
840,28.028,1.0005,0.1,-0.2,1128
841,28.061,1.0005,0.1,-0.2,1123
842,28.095,1.0005,0.1,-0.2,1134
843,28.128,1.0005,0.1,-0.2,1119
844,28.161,1.0005,0.1,-0.2,1111
845,28.195,1.0005,0.1,-0.2,1107
846,28.228,1.0005,0.1,-0.2,1107
847,28.262,1.0005,0.1,-0.2,1076
848,28.295,1.0005,0.1,-0.2,1074
849,28.328,1.0005,0.1,-0.2,1067
850,28.362,1.0005,0.1,-0.2,1067
851,28.395,1.0005,0.1,-0.2,1064
852,28.428,1.0005,0.1,-0.2,1081
853,28.462,1.0005,0.1,-0.2,1087
854,28.495,1.0005,0.1,-0.2,1094
855,28.529,1.0005,0.1,-0.2,1084
856,28.562,1.0005,0.1,-0.2,1079
857,28.595,1.0005,0.1,-0.2,1072
858,28.629,1.0005,0.1,-0.1,1080
859,28.662,1.0005,0.1,-0.2,1080
860,28.695,1.0005,0.1,-0.2,1099
861,28.729,1.0006,0.1,-0.2,1087
862,28.762,1.0006,0.1,-0.2,1081
863,28.795,1.0006,0.1,-0.2,1093
864,28.829,1.0006,0.1,-0.2,1076
865,28.862,1.0006,0.1,-0.2,1100
866,28.896,1.0007,0.2,-0.1,1047
867,28.929,1.0006,0.1,-0.2,1109
868,28.962,1.0005,0.2,-0.2,1108
869,28.996,1.0006,0.2,-0.2,1090
870,29.029,1.0006,0.2,-0.2,1078
871,29.062,1.0005,0.2,-0.1,1052
872,29.096,1.0005,0.2,-0.2,1074
873,29.129,1.0005,0.2,-0.2,1065
874,29.162,1.0005,0.2,-0.2,1059
875,29.196,1.0005,0.2,-0.2,1080
876,29.229,1.0005,0.2,-0.2,1058
877,29.263,1.0007,0.2,-0.2,1054
878,29.296,1.0005,0.2,-0.2,1071
879,29.329,1.0006,0.2,-0.2,1064
880,29.363,1.0006,0.1,-0.2,1078
881,29.396,1.0010,0.1,-0.4,1092
882,29.429,1.0008,0.2,-0.2,1012
883,29.463,1.0007,0.2,-0.2,1045
884,29.496,1.0005,0.1,-0.2,1051
885,29.530,1.0005,0.2,-0.2,1037
886,29.563,1.0006,0.2,-0.2,1037
887,29.596,1.0006,0.2,-0.2,1025
888,29.630,1.0007,0.2,-0.2,1033
889,29.663,1.0006,0.2,-0.2,1013
890,29.696,1.0006,0.2,-0.2,1002
891,29.730,1.0006,0.1,-0.2,980
892,29.763,1.0009,0.3,-0.2,982
893,29.796,1.0007,0.2,-0.2,1010
894,29.830,1.0006,0.2,-0.2,1026
895,29.863,1.0007,0.2,-0.2,1022
896,29.897,1.0007,0.2,-0.2,1013
897,29.930,1.0008,0.2,-0.2,1016
898,29.963,1.0006,0.2,-0.3,1018
899,29.997,1.0007,0.2,-0.2,1021
900,30.030,1.0009,0.2,-0.2,1027
901,30.063,1.0008,0.3,-0.1,965
902,30.097,1.0006,0.2,-0.2,1017
903,30.130,1.0008,0.2,-0.2,1032
904,30.163,1.0006,0.2,-0.2,1031
905,30.197,1.0006,0.2,-0.2,1038
906,30.230,1.0006,0.2,-0.2,949
907,30.264,1.0006,0.2,-0.2,931
908,30.297,1.0006,0.2,-0.2,929
909,30.330,1.0006,0.2,-0.2,953
910,30.364,1.0005,0.2,-0.2,952
911,30.397,1.0005,0.1,-0.2,964
912,30.430,1.0005,0.2,-0.2,956
913,30.464,1.0007,0.2,-0.2,947
914,30.497,1.0005,0.2,-0.2,923
915,30.531,1.0007,0.2,-0.2,922
916,30.564,1.0006,0.2,-0.2,917
917,30.597,1.0005,0.2,-0.2,920
918,30.631,1.0006,0.2,-0.2,926
919,30.664,1.0005,0.2,-0.2,909
920,30.697,1.0005,0.2,-0.2,917
921,30.731,1.0006,0.2,-0.2,917
922,30.764,1.0006,0.2,-0.2,929
923,30.797,1.0006,0.2,-0.2,944
924,30.831,1.0005,0.2,-0.2,927
925,30.864,1.0008,0.2,-0.2,908
926,30.898,1.0006,0.2,-0.2,887
927,30.931,1.0014,0.4,-0.2,854
928,30.964,1.0029,1.0,0.4,715
929,30.998,1.0083,0.5,1.2,789
930,31.031,1.0143,0.3,3.0,805
931,31.064,1.0240,0.5,5.2,723
932,31.098,1.0388,0.2,8.8,659
933,31.131,1.0594,0.4,14.3,523
934,31.164,1.0870,0.3,20.4,433
935,31.198,1.1147,0.3,27.5,403
936,31.231,1.1426,1.0,33.0,264
937,31.265,1.1606,0.4,38.8,378
938,31.298,1.1772,0.2,43.1,356
939,31.331,1.1923,0.3,46.7,348
940,31.365,1.2046,-0.1,49.5,325
941,31.398,1.2161,0.3,52.5,303
942,31.431,1.2245,0.2,54.7,257
943,31.465,1.2337,0.6,56.9,261
944,31.498,1.2419,0.4,58.5,238
945,31.532,1.2492,0.7,59.7,190
946,31.565,1.2533,0.3,61.7,199
947,31.598,1.2588,0.6,62.6,174
948,31.632,1.2639,0.2,64.0,190
949,31.665,1.2683,0.4,65.5,191
950,31.698,1.2723,0.2,66.2,191
951,31.732,1.2752,0.8,67.7,139
952,31.765,1.2797,0.2,67.7,188
953,31.798,1.2817,0.5,68.6,174
954,31.832,1.2849,-0.1,69.2,166
955,31.865,1.2869,0.6,69.5,186
956,31.899,1.2877,0.3,70.6,175
957,31.932,1.2910,0.6,71.0,178
958,31.965,1.2926,0.2,71.5,172
959,31.999,1.2942,0.5,71.5,171
960,32.032,1.2956,-0.1,71.9,164
961,32.065,1.2961,0.1,72.2,164
962,32.099,1.2970,-0.0,72.5,149
963,32.132,1.2967,-0.3,72.8,146
964,32.165,1.2986,0.0,72.7,164
965,32.199,1.2999,0.7,72.9,137
966,32.232,1.2971,-0.5,73.2,129
967,32.266,1.3001,0.4,73.3,148
968,32.299,1.3001,-0.1,73.2,134
969,32.332,1.3004,0.2,73.4,148
970,32.366,1.3001,0.3,73.3,146
971,32.399,1.2996,0.2,73.3,138
972,32.432,1.3008,0.3,73.2,159
973,32.466,1.3006,0.1,72.8,158
974,32.499,1.2988,0.4,72.9,155
975,32.533,1.2973,-0.1,71.9,151
976,32.566,1.2954,0.1,71.7,166
977,32.599,1.2929,0.4,70.7,182
978,32.633,1.2897,0.3,70.3,169
979,32.666,1.2844,-0.3,69.5,169
980,32.699,1.2815,0.4,68.0,180
981,32.733,1.2762,-0.1,67.4,200
982,32.766,1.2718,0.2,66.1,216
983,32.799,1.2675,0.4,64.9,222
984,32.833,1.2613,0.1,63.6,239
985,32.866,1.2554,0.4,62.0,243
986,32.900,1.2494,0.2,60.5,269
987,32.933,1.2417,-0.0,59.1,266
988,32.966,1.2353,0.2,57.3,298
989,33.000,1.2280,0.3,55.6,320
990,33.033,1.2215,0.2,53.7,332
991,33.066,,,,0
992,33.100,,,,0
993,33.133,,,,0
994,33.166,,,,0
995,33.200,,,,0
996,33.233,,,,0
997,33.267,,,,0
998,33.300,,,,0
999,33.333,,,,0
1000,33.367,,,,0
1001,33.400,,,,0
1002,33.433,,,,0
1003,33.467,,,,0
1004,33.500,,,,0
1005,33.534,,,,0
1006,33.567,,,,0
1007,33.600,,,,0
1008,33.634,,,,0
1009,33.667,,,,0
1010,33.700,,,,0
1011,33.734,,,,0
1012,33.767,,,,0
1013,33.800,,,,0
1014,33.834,,,,0
1015,33.867,,,,0
1016,33.901,,,,0
1017,33.934,,,,0
1018,33.967,,,,0
1019,34.001,,,,0
1020,34.034,,,,0
1021,34.067,,,,0
1022,34.101,,,,0
1023,34.134,,,,0
1024,34.168,,,,0
1025,34.201,,,,0
1026,34.234,,,,0
1027,34.268,,,,0
1028,34.301,,,,0
1029,34.334,,,,0
1030,34.368,,,,0
1031,34.401,,,,0
1032,34.434,,,,0
1033,34.468,,,,0
1034,34.501,,,,0
1035,34.535,,,,0
1036,34.568,,,,0
1037,34.601,,,,0
1038,34.635,,,,0
1039,34.668,,,,0
1040,34.701,,,,0
1041,34.735,,,,0
1042,34.768,,,,0
1043,34.801,,,,0
1044,34.835,,,,0
1045,34.868,,,,0
1046,34.902,,,,0
1047,34.935,,,,0
1048,34.968,,,,0
1049,35.002,,,,0
1050,35.035,,,,0
1051,35.068,,,,0
1052,35.102,,,,0
1053,35.135,,,,0
1054,35.169,,,,0
1055,35.202,,,,0
1056,35.235,,,,0
1057,35.269,,,,0
1058,35.302,,,,0
1059,35.335,,,,0
1060,35.369,,,,0
1061,35.402,,,,0
1062,35.435,,,,0
1063,35.469,,,,0
1064,35.502,,,,0
1065,35.536,,,,0
1066,35.569,,,,0
1067,35.602,,,,0
1068,35.636,,,,0
1069,35.669,,,,0
1070,35.702,,,,0
1071,35.736,,,,0
1072,35.769,,,,0
1073,35.802,,,,0
1074,35.836,,,,0
1075,35.869,,,,0
1076,35.903,,,,0
1077,35.936,,,,0
1078,35.969,,,,0
1079,36.003,,,,0
1080,36.036,,,,0
1081,36.069,,,,0
1082,36.103,,,,0
1083,36.136,,,,0
1084,36.170,,,,0
1085,36.203,,,,0
1086,36.236,,,,0
1087,36.270,,,,0
1088,36.303,,,,0
1089,36.336,,,,0
1090,36.370,,,,0
1091,36.403,,,,0
1092,36.436,,,,0
1093,36.470,,,,0
1094,36.503,,,,0
1095,36.537,,,,0
1096,36.570,,,,0
1097,36.603,,,,0
1098,36.637,,,,0
1099,36.670,,,,0
1100,36.703,,,,0
1101,36.737,,,,0
1102,36.770,,,,0
1103,36.803,,,,0
1104,36.837,,,,0
1105,36.870,,,,0
1106,36.904,,,,0
1107,36.937,,,,0
1108,36.970,,,,0
1109,37.004,,,,0
1110,37.037,,,,0
1111,37.070,,,,0
1112,37.104,,,,0
1113,37.137,,,,0
1114,37.171,,,,0
1115,37.204,,,,0
1116,37.237,,,,0
1117,37.271,,,,0
1118,37.304,,,,0
1119,37.337,,,,0
1120,37.371,,,,0
1121,37.404,,,,0
1122,37.437,,,,0
1123,37.471,,,,0
1124,37.504,,,,0
1125,37.538,,,,0
1126,37.571,,,,0
1127,37.604,,,,0
1128,37.638,,,,0
1129,37.671,,,,0
1130,37.704,,,,0
1131,37.738,,,,0
1132,37.771,,,,0
1133,37.804,,,,0
1134,37.838,,,,0
1135,37.871,,,,0
1136,37.905,,,,0
1137,37.938,,,,0
1138,37.971,,,,0
1139,38.005,,,,0
1140,38.038,,,,0
1141,38.071,,,,0
1142,38.105,,,,0
1143,38.138,,,,0
1144,38.172,,,,0
1145,38.205,,,,0
1146,38.238,,,,0
1147,38.272,,,,0
1148,38.305,,,,0
1149,38.338,,,,0
1150,38.372,,,,0
1151,38.405,,,,0
1152,38.438,,,,0
1153,38.472,,,,0
1154,38.505,,,,0
1155,38.539,,,,0
1156,38.572,,,,0
1157,38.605,,,,0
1158,38.639,,,,0
1159,38.672,,,,0
1160,38.705,,,,0
1161,38.739,,,,0
1162,38.772,,,,0
1163,38.805,,,,0
1164,38.839,,,,0
1165,38.872,,,,0
1166,38.906,,,,0
1167,38.939,,,,0
1168,38.972,,,,0
1169,39.006,,,,0
1170,39.039,,,,0
1171,39.072,,,,0
1172,39.106,,,,0
1173,39.139,,,,0
1174,39.173,,,,0
1175,39.206,,,,0
1176,39.239,,,,0
1177,39.273,,,,0
1178,39.306,,,,0
1179,39.339,,,,0
1180,39.373,,,,0
1181,39.406,,,,0
1182,39.439,,,,0
1183,39.473,,,,0
1184,39.506,,,,0
1185,39.540,,,,0
1186,39.573,,,,0
1187,39.606,,,,0
1188,39.640,,,,0
1189,39.673,,,,0
1190,39.706,,,,0
1191,39.740,,,,0
1192,39.773,,,,0
1193,39.806,,,,0
1194,39.840,1.0005,0.1,-0.2,1094
1195,39.873,1.0005,0.1,-0.2,1076
1196,39.907,1.0005,0.1,-0.2,1068
1197,39.940,1.0005,0.1,-0.2,1043
1198,39.973,1.0005,0.1,-0.2,1048
1199,40.007,1.0005,0.1,-0.2,1037
1200,40.040,1.0005,0.2,-0.2,1046
1201,40.073,1.0005,0.1,-0.2,1024
1202,40.107,1.0005,0.1,-0.2,1012
1203,40.140,1.0006,0.1,-0.2,981
1204,40.174,1.0005,0.1,-0.2,959
1205,40.207,1.0005,0.1,-0.2,925
1206,40.240,1.0005,0.1,-0.2,908
1207,40.274,1.0005,0.1,-0.2,860
1208,40.307,1.0002,0.1,-0.2,872
1209,40.340,1.0004,0.2,-0.2,852
1210,40.374,1.0002,0.1,-0.2,794
1211,40.407,1.0002,0.1,-0.2,768
1212,40.440,1.0003,0.1,-0.3,794
1213,40.474,1.0003,0.1,-0.2,796
1214,40.507,1.0002,0.1,-0.2,827
1215,40.541,1.0002,0.1,-0.2,828
1216,40.574,1.0002,0.1,-0.2,823
1217,40.607,1.0002,0.1,-0.2,814
1218,40.641,1.0004,0.2,-0.2,818
1219,40.674,1.0002,0.1,-0.2,818
1220,40.707,1.0003,0.2,-0.2,787
1221,40.741,1.0005,0.2,-0.2,787
1222,40.774,1.0005,0.2,-0.2,791
1223,40.807,1.0005,0.2,-0.2,783
1224,40.841,1.0006,0.2,-0.3,794
1225,40.874,1.0006,0.2,-0.3,778
1226,40.908,1.0005,0.2,-0.2,784
1227,40.941,1.0006,0.2,-0.2,778
1228,40.974,1.0006,0.2,-0.2,758
1229,41.008,1.0005,0.2,-0.2,734
1230,41.041,1.0006,0.2,-0.2,698
1231,41.074,1.0008,0.2,-0.2,662
1232,41.108,1.0006,0.2,-0.2,622
1233,41.141,1.0006,0.2,-0.2,629
1234,41.175,1.0007,0.2,-0.2,616
1235,41.208,1.0006,0.1,-0.2,641
1236,41.241,1.0007,0.3,-0.3,656
1237,41.275,1.0006,0.1,-0.2,642
1238,41.308,1.0006,0.1,-0.2,631
1239,41.341,1.0006,0.1,-0.2,613
1240,41.375,1.0006,0.1,-0.2,626
1241,41.408,1.0006,0.1,-0.2,638
1242,41.441,1.0008,0.2,-0.3,629
1243,41.475,1.0006,0.1,-0.2,605
1244,41.508,1.0006,0.1,-0.2,614
1245,41.542,1.0006,0.2,-0.2,626
1246,41.575,1.0006,0.1,-0.2,638
1247,41.608,1.0006,0.2,-0.2,654
1248,41.642,1.0006,0.1,-0.2,661
1249,41.675,1.0005,0.2,-0.2,642
1250,41.708,1.0009,0.3,-0.3,655
1251,41.742,1.0006,0.2,-0.2,655
1252,41.775,1.0006,0.1,-0.2,646
1253,41.808,1.0006,0.1,-0.2,647
1254,41.842,1.0009,0.2,-0.3,645
1255,41.875,1.0006,0.1,-0.2,643
1256,41.909,1.0006,0.1,-0.2,645
1257,41.942,1.0005,0.1,-0.2,628
1258,41.975,1.0005,0.1,-0.2,636
1259,42.009,1.0005,0.1,-0.2,643
1260,42.042,1.0006,0.1,-0.2,638
1261,42.075,1.0006,0.1,-0.2,633
1262,42.109,1.0006,0.1,-0.2,614
1263,42.142,1.0006,0.1,-0.2,609
1264,42.176,1.0006,0.1,-0.2,564
1265,42.209,1.0006,0.1,-0.2,526
1266,42.242,1.0006,0.1,-0.2,486
1267,42.276,1.0005,0.1,-0.2,462
1268,42.309,1.0005,0.1,-0.2,446
1269,42.342,1.0009,0.2,-0.2,434
1270,42.376,1.0005,0.1,-0.2,440
1271,42.409,1.0005,0.1,-0.2,445
1272,42.442,1.0005,0.1,-0.2,442
1273,42.476,1.0006,0.1,-0.2,456
1274,42.509,1.0005,0.1,-0.2,442
1275,42.543,1.0008,0.1,-0.2,437
1276,42.576,1.0005,0.1,-0.2,441
1277,42.609,1.0005,0.1,-0.2,436
1278,42.643,1.0005,0.1,-0.2,427
1279,42.676,1.0008,0.1,-0.2,420
1280,42.709,1.0005,0.1,-0.2,411
1281,42.743,1.0005,0.1,-0.2,416
1282,42.776,1.0006,0.1,-0.2,407
1283,42.809,1.0009,0.1,-0.3,413
1284,42.843,1.0005,0.1,-0.2,411
1285,42.876,1.0005,0.1,-0.2,410
1286,42.910,1.0006,0.1,-0.2,338
1287,42.943,1.0004,-0.0,-0.2,284
1288,42.976,1.0004,0.0,-0.2,330
1289,43.010,1.0004,-0.0,-0.2,326
1290,43.043,1.0011,0.4,-0.4,716
1291,43.076,1.0009,0.2,-0.2,554
1292,43.110,1.0012,0.1,-0.4,537
1293,43.143,1.0009,0.1,-0.3,625
1294,43.177,1.0008,0.1,-0.3,625
1295,43.210,1.0008,0.1,-0.3,645
1296,43.243,1.0009,0.2,-0.3,858
1297,43.277,1.0007,0.1,-0.2,882
1298,43.310,1.0007,0.1,-0.2,899
1299,43.343,1.0007,0.2,-0.3,911
1300,43.377,1.0006,0.2,-0.2,930
1301,43.410,1.0006,0.1,-0.2,950
1302,43.443,1.0007,0.1,-0.2,958
1303,43.477,1.0006,0.1,-0.2,965
1304,43.510,1.0007,0.1,-0.2,965
1305,43.544,1.0008,0.1,-0.2,929
1306,43.577,1.0007,0.1,-0.2,913
1307,43.610,1.0008,0.2,-0.3,896
1308,43.644,1.0009,0.2,-0.3,889
1309,43.677,1.0009,0.2,-0.3,893
1310,43.710,1.0009,0.2,-0.3,900
1311,43.744,1.0009,0.1,-0.3,893
1312,43.777,1.0009,0.1,-0.3,898
1313,43.810,1.0009,0.1,-0.3,894
1314,43.844,1.0009,0.2,-0.3,915
1315,43.877,1.0009,0.2,-0.3,896
1316,43.911,1.0009,0.2,-0.3,880
1317,43.944,1.0009,0.2,-0.3,892
1318,43.977,1.0009,0.2,-0.3,886
1319,44.011,1.0009,0.2,-0.3,887
1320,44.044,1.0010,0.1,-0.2,843
1321,44.077,1.0012,0.2,-0.3,884
1322,44.111,1.0010,0.2,-0.3,901
1323,44.144,1.0012,0.3,-0.4,922
1324,44.178,1.0009,0.2,-0.3,902
1325,44.211,1.0009,0.1,-0.2,871
1326,44.244,1.0011,0.2,-0.3,894
1327,44.278,1.0009,0.1,-0.3,903
1328,44.311,1.0009,0.1,-0.3,911
1329,44.344,1.0009,0.1,-0.3,911
1330,44.378,1.0009,0.1,-0.3,858
1331,44.411,1.0009,0.2,-0.2,907
1332,44.444,1.0009,0.1,-0.2,919
1333,44.478,1.0008,0.1,-0.2,925
1334,44.511,1.0010,0.1,-0.2,936
1335,44.545,1.0009,0.2,-0.2,916
1336,44.578,1.0011,0.2,-0.2,933
1337,44.611,1.0009,0.1,-0.2,928
1338,44.645,1.0009,0.1,-0.2,918
1339,44.678,1.0009,0.1,-0.2,917
1340,44.711,1.0008,0.1,-0.2,919
1341,44.745,1.0008,0.1,-0.2,916
1342,44.778,1.0009,0.1,-0.2,931
1343,44.811,1.0011,0.2,-0.3,940
1344,44.845,1.0008,0.2,-0.2,910
1345,44.878,1.0011,0.3,-0.3,923
1346,44.912,1.0008,0.2,-0.2,929
1347,44.945,1.0008,0.2,-0.2,930
1348,44.978,1.0008,0.2,-0.2,928
1349,45.012,1.0008,0.2,-0.2,924
1350,45.045,1.0008,0.2,-0.2,931
1351,45.078,1.0010,0.3,-0.2,930
1352,45.112,1.0008,0.2,-0.2,927
1353,45.145,1.0008,0.1,-0.2,920
1354,45.179,1.0008,0.2,-0.2,913
1355,45.212,1.0008,0.1,-0.2,933
1356,45.245,1.0009,0.1,-0.2,919
1357,45.279,1.0009,0.1,-0.2,927
1358,45.312,1.0009,0.1,-0.2,927
1359,45.345,1.0009,0.1,-0.2,927
1360,45.379,1.0009,0.2,-0.2,922
1361,45.412,1.0009,0.2,-0.2,933
1362,45.445,1.0009,0.2,-0.2,938
1363,45.479,1.0011,0.2,-0.3,929
1364,45.512,1.0008,0.2,-0.2,922
1365,45.546,1.0009,0.2,-0.2,930
1366,45.579,1.0011,0.2,-0.3,918
1367,45.612,1.0009,0.2,-0.2,915
1368,45.646,1.0009,0.1,-0.2,921
1369,45.679,1.0009,0.2,-0.2,902
1370,45.712,1.0009,0.1,-0.2,903
1371,45.746,1.0009,0.1,-0.2,898
1372,45.779,1.0009,0.1,-0.2,893
1373,45.812,1.0009,0.2,-0.2,681
1374,45.846,1.0009,0.3,-0.2,699
1375,45.879,1.0009,0.2,-0.3,673
1376,45.913,,,,0
1377,45.946,,,,0
1378,45.979,,,,0
1379,46.013,,,,0
1380,46.046,,,,0
1381,46.079,,,,0
1382,46.113,,,,0
1383,46.146,,,,0
1384,46.180,,,,0
1385,46.213,,,,0
1386,46.246,,,,0
1387,46.280,,,,0
1388,46.313,,,,0
1389,46.346,,,,0
1390,46.380,,,,0
1391,46.413,,,,0
1392,46.446,,,,0
1393,46.480,,,,0
1394,46.513,,,,0
1395,46.547,,,,0
1396,46.580,,,,0
1397,46.613,,,,0
1398,46.647,,,,0
1399,46.680,,,,0
1400,46.713,,,,0
1401,46.747,,,,0
1402,46.780,,,,0
1403,46.813,,,,0
1404,46.847,,,,0
1405,46.880,,,,0
1406,46.914,,,,0
1407,46.947,,,,0
1408,46.980,,,,0
1409,47.014,,,,0
1410,47.047,,,,0
1411,47.080,,,,0
1412,47.114,,,,0
1413,47.147,,,,0
1414,47.181,,,,0
1415,47.214,,,,0
1416,47.247,,,,0
1417,47.281,,,,0
1418,47.314,,,,0
1419,47.347,,,,0
1420,47.381,,,,0
1421,47.414,,,,0
1422,47.447,,,,0
1423,47.481,,,,0
1424,47.514,,,,0
1425,47.548,,,,0
1426,47.581,,,,0
1427,47.614,,,,0
1428,47.648,,,,0
1429,47.681,,,,0
1430,47.714,,,,0
1431,47.748,,,,0
1432,47.781,,,,0
1433,47.814,,,,0
1434,47.848,,,,0
1435,47.881,,,,0
1436,47.915,,,,0
1437,47.948,,,,0
1438,47.981,,,,0
1439,48.015,,,,0
1440,48.048,,,,0
1441,48.081,,,,0
1442,48.115,,,,0
1443,48.148,,,,0
1444,48.182,,,,0
1445,48.215,,,,0
1446,48.248,,,,0
1447,48.282,,,,0
1448,48.315,,,,0
1449,48.348,,,,0
1450,48.382,,,,0
1451,48.415,,,,0
1452,48.448,,,,0
1453,48.482,,,,0
1454,48.515,,,,0
1455,48.549,,,,0
1456,48.582,,,,0
1457,48.615,,,,0
1458,48.649,,,,0
1459,48.682,,,,0
1460,48.715,,,,0
1461,48.749,,,,0
1462,48.782,,,,0
1463,48.815,,,,0
1464,48.849,,,,0
1465,48.882,,,,0
1466,48.916,,,,0
1467,48.949,,,,0
1468,48.982,,,,0
1469,49.016,,,,0
1470,49.049,,,,0
1471,49.082,,,,0
1472,49.116,,,,0
1473,49.149,,,,0
1474,49.183,,,,0
1475,49.216,,,,0
1476,49.249,,,,0
1477,49.283,,,,0
1478,49.316,,,,0
1479,49.349,,,,0
1480,49.383,,,,0
1481,49.416,,,,0
1482,49.449,,,,0
1483,49.483,,,,0
1484,49.516,,,,0
1485,49.550,,,,0
1486,49.583,,,,0
1487,49.616,,,,0
1488,49.650,,,,0
1489,49.683,,,,0
1490,49.716,,,,0
1491,49.750,,,,0
1492,49.783,,,,0
1493,49.816,,,,0
1494,49.850,,,,0
1495,49.883,,,,0
1496,49.917,,,,0
1497,49.950,,,,0
1498,49.983,,,,0
1499,50.017,,,,0
1500,50.050,,,,0
1501,50.083,1.1493,0.3,1.0,99
1502,50.117,1.0639,-0.2,0.5,215
1503,50.150,1.0182,0.4,-0.1,629
1504,50.184,1.0013,0.2,-0.2,858
1505,50.217,1.0008,0.1,-0.2,875
1506,50.250,1.0011,0.2,-0.3,880
1507,50.284,1.0010,0.2,-0.3,886
1508,50.317,1.0008,0.2,-0.2,893
1509,50.350,1.0008,0.2,-0.2,919
1510,50.384,1.0008,0.2,-0.2,909
1511,50.417,1.0008,0.2,-0.2,918
1512,50.450,1.0008,0.1,-0.2,910
1513,50.484,1.0008,0.1,-0.2,912
1514,50.517,1.0008,0.1,-0.2,911
1515,50.551,1.0008,0.1,-0.2,909
1516,50.584,1.0008,0.1,-0.2,914
1517,50.617,1.0008,0.1,-0.2,921
1518,50.651,1.0008,0.1,-0.2,928
1519,50.684,1.0009,0.1,-0.2,924
1520,50.717,1.0009,0.1,-0.2,920
1521,50.751,1.0008,0.2,-0.2,917
1522,50.784,1.0008,0.2,-0.2,928
1523,50.817,1.0008,0.2,-0.2,936
1524,50.851,1.0008,0.2,-0.2,934
1525,50.884,1.0008,0.2,-0.2,924
1526,50.918,1.0009,0.3,-0.2,934
1527,50.951,1.0008,0.2,-0.2,944
1528,50.984,1.0008,0.2,-0.2,958
1529,51.018,1.0008,0.2,-0.2,944
1530,51.051,1.0008,0.2,-0.2,953
1531,51.084,1.0008,0.2,-0.2,950
1532,51.118,1.0007,0.3,-0.3,947
1533,51.151,1.0008,0.1,-0.3,928
1534,51.185,1.0009,0.2,-0.2,930
1535,51.218,1.0025,0.4,-0.1,920
1536,51.251,1.0065,0.1,0.5,858
1537,51.285,1.0113,0.3,1.9,803
1538,51.318,1.0189,0.1,3.9,771
1539,51.351,1.0309,0.5,6.8,717
1540,51.385,1.0490,0.2,11.1,582
1541,51.418,1.0734,0.1,17.4,443
1542,51.451,1.0991,1.2,24.9,275
1543,51.485,1.1275,-0.1,30.4,322
1544,51.518,1.1510,-0.0,36.2,356
1545,51.552,1.1705,-0.0,40.6,316
1546,51.585,1.1868,0.0,44.8,320
1547,51.618,1.2004,0.3,48.3,269
1548,51.652,1.2119,0.1,51.0,273
1549,51.685,1.2214,-0.1,53.7,263
1550,51.718,1.2307,0.3,55.4,226
1551,51.752,1.2389,0.1,57.9,208
1552,51.785,1.2455,0.1,59.4,218
1553,51.818,1.2519,0.2,60.9,198
1554,51.852,1.2564,0.3,62.5,181
1555,51.885,1.2625,0.1,63.7,181
1556,51.919,1.2673,0.3,64.9,163
1557,51.952,1.2709,0.3,65.6,151
1558,51.985,1.2747,-0.0,66.9,140
1559,52.019,1.2779,0.8,66.6,118
1560,52.052,1.2792,-0.4,68.7,124
1561,52.085,1.2849,0.4,68.9,129
1562,52.119,1.2870,0.1,69.6,130
1563,52.152,1.2886,-0.0,70.3,121
1564,52.186,1.2914,-0.0,70.6,116
1565,52.219,1.2928,0.4,71.2,125
1566,52.252,1.2946,0.7,71.4,114
1567,52.286,1.2958,-0.0,71.5,110
1568,52.319,1.2970,-0.1,71.5,106
1569,52.352,1.2979,0.2,72.5,120
1570,52.386,1.2991,0.4,72.3,97
1571,52.419,1.2996,0.2,72.6,108
1572,52.452,1.3007,0.1,72.8,96
1573,52.486,1.3001,-0.5,72.9,103
1574,52.519,1.3002,0.0,73.0,116
1575,52.553,1.3007,0.2,73.2,105
1576,52.586,1.3012,0.2,73.2,98
1577,52.619,1.2994,-0.1,73.3,97
1578,52.653,1.3007,0.3,73.2,96
1579,52.686,1.3003,0.7,73.0,96
1580,52.719,1.3008,0.2,73.1,99
1581,52.753,1.3009,0.2,72.5,104
1582,52.786,1.2990,0.5,72.3,107
1583,52.819,1.2967,0.5,71.7,108
1584,52.853,1.2948,0.2,71.1,128
1585,52.886,1.2923,0.8,70.7,118
1586,52.920,1.2866,0.2,69.8,122
1587,52.953,1.2839,0.5,68.5,115
1588,52.986,1.2798,0.0,67.9,129
1589,53.020,1.2708,-0.6,67.5,95
1590,53.053,1.2703,0.7,65.6,129
1591,53.086,1.2645,0.1,63.9,158
1592,53.120,1.2590,0.0,62.9,174
1593,53.153,1.2520,0.2,61.1,174
1594,53.187,1.2459,0.0,59.5,201
1595,53.220,1.2392,0.2,57.8,212
1596,53.253,1.2316,0.3,56.3,224
1597,53.287,1.2247,0.6,54.6,241
1598,53.320,1.2170,0.3,52.7,271
1599,53.353,1.2107,0.3,50.5,246
1600,53.387,1.2022,0.2,48.9,280
1601,53.420,1.1943,0.4,47.2,289
1602,53.453,1.1865,0.1,44.7,303
1603,53.487,1.1785,0.1,42.7,324
1604,53.520,1.1706,0.1,40.7,329
1605,53.554,1.1615,0.1,38.8,361
1606,53.587,1.1537,0.5,36.8,359
1607,53.620,1.1452,0.2,34.8,356
1608,53.654,1.1374,0.1,32.9,376
1609,53.687,1.1291,0.2,30.5,364
1610,53.720,1.1199,0.4,28.6,383
1611,53.754,1.1121,0.4,26.7,407
1612,53.787,1.1042,0.4,24.7,417
1613,53.820,1.0967,0.2,22.7,380
1614,53.854,1.0890,0.2,20.9,470
1615,53.887,1.0813,0.2,19.0,473
1616,53.921,1.0732,0.7,18.2,355
1617,53.954,1.0667,0.6,15.6,501
1618,53.987,1.0599,0.4,13.9,516
1619,54.021,1.0539,-0.0,12.3,475
1620,54.054,1.0471,0.6,10.5,537
1621,54.087,1.0407,0.2,9.3,545
1622,54.121,1.0351,0.3,8.0,581
1623,54.154,1.0315,-0.4,6.6,433
1624,54.188,1.0249,0.3,5.3,563
1625,54.221,1.0203,0.3,4.1,587
1626,54.254,1.0159,0.4,3.3,597
1627,54.288,1.0126,0.2,2.1,597
1628,54.321,1.0093,0.4,1.7,593
1629,54.354,1.0069,0.3,0.7,639
1630,54.388,1.0047,0.4,0.2,586
1631,54.421,1.0029,0.4,-0.1,646
1632,54.454,1.0017,0.3,-0.3,634
1633,54.488,1.0011,0.1,-0.4,621
1634,54.521,1.0013,0.4,-0.4,651
1635,54.555,1.0015,0.3,-0.5,650
1636,54.588,1.0012,0.3,-0.3,672
1637,54.621,1.0015,0.3,-0.4,680
1638,54.655,1.0012,0.2,-0.3,652
1639,54.688,1.0015,0.3,-0.4,667
1640,54.721,1.0012,0.2,-0.3,658
1641,54.755,1.0014,0.3,-0.3,667
1642,54.788,1.0012,0.2,-0.3,660
1643,54.821,1.0013,0.2,-0.3,684
1644,54.855,1.0015,0.3,-0.3,689
1645,54.888,1.0015,0.4,-0.3,661
1646,54.922,1.0014,0.3,-0.3,662
1647,54.955,1.0012,0.2,-0.3,670
1648,54.988,1.0012,0.3,-0.3,662
1649,55.022,1.0012,0.2,-0.3,677
1650,55.055,1.0015,0.3,-0.4,664
1651,55.088,1.0015,0.3,-0.5,660
1652,55.122,1.0012,0.2,-0.3,622
1653,55.155,1.0014,0.3,-0.4,636
1654,55.189,1.0014,0.3,-0.3,624
1655,55.222,1.0012,0.2,-0.3,624
1656,55.255,1.0012,0.2,-0.3,613
1657,55.289,1.0012,0.2,-0.3,625
1658,55.322,1.0014,0.2,-0.3,516
1659,55.355,1.0014,0.2,-0.3,516
1660,55.389,1.0015,0.2,-0.3,516
1661,55.422,1.0016,0.0,-0.2,522
1662,55.455,1.0014,0.2,-0.3,504
1663,55.489,1.0013,0.2,-0.2,502
1664,55.522,1.0013,0.2,-0.3,505
1665,55.556,1.0015,0.3,-0.1,490
1666,55.589,1.0016,0.2,-0.4,515
1667,55.622,1.0015,0.3,-0.3,494
1668,55.656,1.0013,0.2,-0.3,482
1669,55.689,1.0011,0.2,-0.3,478
1670,55.722,1.0011,0.2,-0.3,475
1671,55.756,1.0012,0.4,-0.3,476
1672,55.789,1.0011,0.2,-0.2,457
1673,55.822,1.0011,0.2,-0.3,465
1674,55.856,1.0012,0.4,-0.3,470
1675,55.889,1.0011,0.3,-0.3,458
1676,55.923,1.0014,0.3,-0.3,371
1677,55.956,1.0010,0.2,-0.4,273
1678,55.989,1.0010,0.2,-0.4,237
1679,56.023,1.0010,0.2,-0.4,238
1680,56.056,1.0014,0.5,-0.3,333
1681,56.089,1.0016,0.1,-0.4,407
1682,56.123,1.0039,-1.4,-0.7,517
1683,56.156,1.0006,0.1,-0.3,702
1684,56.190,1.0006,0.2,-0.4,707
1685,56.223,1.0007,0.2,-0.3,750
1686,56.256,1.0005,0.2,-0.2,1005
1687,56.290,1.0006,0.1,-0.2,1002
1688,56.323,1.0006,0.1,-0.2,982
1689,56.356,1.0008,0.2,-0.3,979
1690,56.390,1.0011,0.3,-0.3,974
1691,56.423,1.0008,0.2,-0.3,972
1692,56.456,1.0008,0.2,-0.3,961
1693,56.490,1.0008,0.2,-0.3,973
1694,56.523,1.0007,0.2,-0.2,953
1695,56.557,1.0008,0.2,-0.3,978
1696,56.590,1.0006,0.1,-0.3,948
1697,56.623,1.0007,0.2,-0.2,973
1698,56.657,1.0007,0.2,-0.2,963
1699,56.690,1.0007,0.2,-0.2,967
1700,56.723,1.0007,0.2,-0.2,976
1701,56.757,1.0007,0.2,-0.2,989
1702,56.790,1.0007,0.2,-0.3,982
1703,56.823,1.0011,0.2,-0.3,1006
1704,56.857,1.0012,0.3,-0.3,999
1705,56.890,1.0010,0.2,-0.3,997
1706,56.924,1.0011,0.4,-0.2,982
1707,56.957,1.0011,0.2,-0.3,1015
1708,56.990,1.0011,0.2,-0.3,995
1709,57.024,1.0013,0.3,-0.3,997
1710,57.057,1.0014,0.3,-0.3,996
1711,57.090,1.0011,0.2,-0.3,987
1712,57.124,1.0011,0.2,-0.4,1017
1713,57.157,1.0011,0.2,-0.3,1040
1714,57.191,1.0011,0.2,-0.3,1020
1715,57.224,1.0011,0.2,-0.3,1022
1716,57.257,1.0010,0.2,-0.3,1015
1717,57.291,1.0012,0.3,-0.3,1033
1718,57.324,1.0011,0.2,-0.3,990
1719,57.357,1.0011,0.2,-0.3,995
1720,57.391,1.0014,0.3,-0.4,1001
1721,57.424,1.0011,0.2,-0.3,984
1722,57.457,1.0014,0.3,-0.4,1001
1723,57.491,1.0011,0.2,-0.3,989
1724,57.524,1.0013,0.3,-0.3,977
1725,57.558,1.0011,0.2,-0.3,958
1726,57.591,1.0009,0.3,-0.3,951
1727,57.624,1.0011,0.2,-0.3,973
1728,57.658,1.0011,0.2,-0.3,980
1729,57.691,1.0014,0.3,-0.3,976
1730,57.724,1.0011,0.2,-0.3,975
1731,57.758,1.0011,0.2,-0.4,959
1732,57.791,1.0011,0.2,-0.3,977
1733,57.824,1.0011,0.2,-0.3,995
1734,57.858,1.0014,0.3,-0.3,977
1735,57.891,1.0011,0.2,-0.3,975
1736,57.925,1.0011,0.2,-0.3,952
1737,57.958,1.0011,0.2,-0.3,953
1738,57.991,1.0011,0.2,-0.3,956
1739,58.025,1.0011,0.3,-0.3,937
1740,58.058,1.0014,0.3,-0.4,953
1741,58.091,1.0015,0.3,-0.3,961
1742,58.125,1.0014,0.3,-0.3,965
1743,58.158,1.0013,0.2,-0.4,962
1744,58.192,1.0012,0.2,-0.3,966
1745,58.225,1.0011,0.2,-0.3,988
1746,58.258,1.0011,0.2,-0.3,1015
1747,58.292,1.0011,0.2,-0.3,1011
1748,58.325,1.0014,0.2,-0.3,1003
1749,58.358,1.0011,0.2,-0.3,998
1750,58.392,1.0011,0.2,-0.3,986
1751,58.425,1.0011,0.2,-0.3,995
1752,58.458,1.0011,0.2,-0.3,1007
1753,58.492,1.0011,0.2,-0.3,1014
1754,58.525,1.0011,0.2,-0.3,1000
1755,58.559,1.0014,0.3,-0.3,1022
1756,58.592,1.0011,0.2,-0.3,999
1757,58.625,1.0011,0.2,-0.3,1005
1758,58.659,1.0011,0.2,-0.3,992
1759,58.692,1.0011,0.2,-0.3,991
1760,58.725,1.0011,0.2,-0.3,972
1761,58.759,1.0011,0.2,-0.3,954
1762,58.792,1.0013,0.3,-0.3,961
1763,58.825,1.0014,0.3,-0.4,951
1764,58.859,1.0015,0.3,-0.3,909
1765,58.892,1.0011,0.2,-0.3,904
1766,58.926,1.0014,0.3,-0.3,902
1767,58.959,1.0011,0.2,-0.3,900
1768,58.992,1.0014,0.3,-0.3,930
1769,59.026,1.0011,0.2,-0.3,929
1770,59.059,1.0010,0.1,-0.4,870
1771,59.092,1.0013,0.1,-0.3,903
1772,59.126,1.0012,0.1,-0.3,908
1773,59.159,1.0008,0.2,-0.3,896
1774,59.193,1.0009,0.2,-0.3,930
1775,59.226,1.0008,0.2,-0.3,916
1776,59.259,1.0008,0.2,-0.3,913
1777,59.293,1.0007,0.2,-0.3,911
1778,59.326,1.0007,0.2,-0.3,914
1779,59.359,1.0008,0.2,-0.3,904
1780,59.393,1.0011,0.3,-0.3,897
1781,59.426,1.0008,0.2,-0.3,894
1782,59.459,1.0011,0.3,-0.3,892
1783,59.493,1.0011,0.3,-0.3,898
1784,59.526,1.0008,0.2,-0.3,902
1785,59.560,1.0008,0.2,-0.3,923
1786,59.593,1.0008,0.2,-0.3,939
1787,59.626,1.0008,0.2,-0.3,934
1788,59.660,1.0008,0.2,-0.3,941
1789,59.693,1.0008,0.2,-0.3,936
1790,59.726,1.0008,0.2,-0.3,943
1791,59.760,1.0008,0.2,-0.3,936
1792,59.793,1.0009,0.2,-0.4,954
1793,59.826,1.0007,0.2,-0.3,962
1794,59.860,1.0006,0.2,-0.3,954
1795,59.893,1.0006,0.2,-0.3,949
1796,59.927,1.0006,0.2,-0.3,941
1797,59.960,1.0008,0.2,-0.3,936
1798,59.993,1.0006,0.2,-0.3,924
1799,60.027,1.0008,0.2,-0.3,920
1800,60.060,1.0006,0.2,-0.3,921
1801,60.093,1.0007,0.2,-0.3,937
1802,60.127,1.0006,0.2,-0.3,946
1803,60.160,1.0007,0.2,-0.3,954
1804,60.194,1.0007,0.2,-0.3,992
1805,60.227,1.0007,0.2,-0.3,986
1806,60.260,1.0009,0.3,-0.3,972
1807,60.294,1.0007,0.2,-0.3,964
1808,60.327,1.0010,0.3,-0.3,956
1809,60.360,1.0010,0.3,-0.3,968
1810,60.394,1.0008,0.2,-0.3,945
1811,60.427,1.0007,0.3,-0.4,938
1812,60.460,1.0009,0.2,-0.3,945
1813,60.494,1.0011,0.3,-0.3,964
1814,60.527,1.2007,-24.5,16.9,515
1815,60.561,1.2014,-26.6,14.6,458
1816,60.594,1.2014,-29.7,14.0,532
1817,60.627,1.2015,-33.3,16.8,508
1818,60.661,1.2007,-35.9,19.9,501
1819,60.694,1.2009,-40.2,21.6,510
1820,60.727,1.2006,-44.9,20.6,548
1821,60.761,1.2007,-49.4,18.9,549
1822,60.794,1.2012,-53.7,17.1,600
1823,60.827,1.2009,-58.0,15.1,549
1824,60.861,1.2012,-62.5,14.0,603
1825,60.894,1.2014,-64.6,14.9,477
1826,60.928,1.2009,-66.3,17.3,597
1827,60.961,1.2009,-67.5,17.8,545
1828,60.994,1.2007,-68.4,18.1,554
1829,61.028,1.2005,-68.4,16.6,592
1830,61.061,1.2004,-68.4,11.8,674
1831,61.094,1.2006,-68.2,7.3,602
1832,61.128,1.2007,-66.8,2.7,591
1833,61.161,1.2008,-64.9,-2.1,559
1834,61.195,1.2011,-63.1,-5.9,512
1835,61.228,1.2008,-61.8,-7.3,615
1836,61.261,1.2014,-59.9,-7.4,570
1837,61.295,1.1999,-58.5,-2.6,476
1838,61.328,1.2017,-57.3,2.6,565
1839,61.361,1.2005,-56.4,9.1,545
1840,61.395,1.2009,-55.7,18.4,503
1841,61.428,1.2011,-55.3,27.8,493
1842,61.461,1.2004,-55.3,35.0,393
1843,61.495,1.2010,-55.7,40.1,483
1844,61.528,1.2015,-57.5,45.1,486
1845,61.562,1.2013,-60.2,43.5,495
1846,61.595,1.2009,-62.2,41.3,497
1847,61.628,1.2006,-65.3,38.0,496
1848,61.662,1.2014,-67.6,33.9,519
1849,61.695,1.2008,-70.2,30.2,513
1850,61.728,1.2015,-71.6,26.4,449
1851,61.762,1.2008,-73.3,23.9,595
1852,61.795,1.2009,-75.2,21.9,568
1853,61.828,1.2010,-76.8,20.6,582
1854,61.862,1.2011,-80.7,21.4,592
1855,61.895,1.2013,-84.5,23.6,583
1856,61.929,1.2005,-87.7,26.3,578
1857,61.962,1.2010,-90.8,31.0,590
1858,61.995,1.2007,-93.6,35.9,575
1859,62.029,1.2014,-96.7,39.5,525
1860,62.062,1.2011,-97.9,38.9,550
1861,62.095,1.2012,-98.4,37.3,564
1862,62.129,1.2008,-97.1,34.3,582
1863,62.162,1.2009,-95.3,31.3,606
1864,62.196,1.2006,-93.1,28.7,627
1865,62.229,1.2011,-91.0,28.4,642
1866,62.262,1.2008,-90.6,29.6,613
1867,62.296,1.2013,-89.6,35.0,506
1868,62.329,1.2007,-89.0,42.0,572
1869,62.362,1.2002,-88.0,48.3,509
1870,62.396,1.2006,-87.9,50.6,543
1871,62.429,1.2008,-87.3,53.7,479
1872,62.462,1.2006,-85.5,53.9,542
1873,62.496,1.2006,-84.8,52.7,514
1874,62.529,1.2015,-83.8,51.5,481
1875,62.563,1.2013,-83.9,51.8,504
1876,62.596,1.0007,0.2,-0.3,1001
1877,62.629,1.0007,0.2,-0.3,1008
1878,62.663,1.0009,0.3,-0.3,1031
1879,62.696,1.0007,0.2,-0.3,1032
1880,62.729,1.0008,0.2,-0.3,1015
1881,62.763,1.0007,0.2,-0.3,1004
1882,62.796,1.0008,0.2,-0.3,1006
1883,62.829,1.0008,0.2,-0.3,1000
1884,62.863,1.0008,0.2,-0.3,1004
1885,62.896,1.0007,0.2,-0.3,1009
1886,62.930,1.0008,0.2,-0.3,1012
1887,62.963,1.0007,0.2,-0.3,1021
1888,62.996,1.0008,0.2,-0.3,1030
1889,63.030,1.0007,0.2,-0.3,1027
1890,63.063,1.0007,0.2,-0.3,1037
1891,63.096,1.0007,0.2,-0.3,1037
1892,63.130,1.0010,0.2,-0.3,1040
1893,63.163,1.0007,0.2,-0.3,1030
1894,63.197,1.0011,0.2,-0.3,1037
1895,63.230,1.0013,0.3,-0.3,1054
1896,63.263,1.0011,0.2,-0.3,1046
1897,63.297,1.0011,0.2,-0.4,1051
1898,63.330,1.0011,0.2,-0.4,1039
1899,63.363,1.0011,0.2,-0.4,1027
1900,63.397,1.0011,0.2,-0.3,1017
1901,63.430,1.0011,0.3,-0.4,1021
1902,63.463,1.0011,0.3,-0.4,1020
1903,63.497,1.0011,0.3,-0.4,1012
1904,63.530,1.0011,0.3,-0.4,1042
1905,63.564,1.0011,0.3,-0.4,1040
1906,63.597,1.0011,0.3,-0.4,1040
1907,63.630,1.0011,0.3,-0.4,1041
1908,63.664,1.0014,0.3,-0.4,1044
1909,63.697,1.0016,0.2,-0.4,1048
1910,63.730,1.0011,0.2,-0.4,1044
1911,63.764,1.0011,0.4,-0.4,1037
1912,63.797,1.0014,0.2,-0.4,1029
1913,63.830,1.0011,0.2,-0.4,1017
1914,63.864,1.0011,0.2,-0.4,1015
1915,63.897,1.0011,0.2,-0.3,1018
1916,63.931,1.0011,0.2,-0.4,1002
1917,63.964,1.0013,0.1,-0.4,990
1918,63.997,1.0013,0.3,-0.4,1014
1919,64.031,1.0012,0.2,-0.4,1009
1920,64.064,1.0011,0.2,-0.4,1010
1921,64.097,1.0013,0.2,-0.4,1009
1922,64.131,1.0011,0.2,-0.4,1018
1923,64.164,1.0011,0.2,-0.4,1019
1924,64.198,1.0011,0.2,-0.4,1029
1925,64.231,1.0011,0.2,-0.4,1014
1926,64.264,1.0013,0.3,-0.4,1022
1927,64.298,1.0013,0.2,-0.5,1052
1928,64.331,1.0011,0.2,-0.4,1042
1929,64.364,1.0011,0.2,-0.4,1037
1930,64.398,1.0013,0.3,-0.4,1042
1931,64.431,1.0011,0.2,-0.4,1050
1932,64.464,1.0011,0.2,-0.4,1046
1933,64.498,1.0011,0.2,-0.4,1036
1934,64.531,1.0013,0.2,-0.5,1041
1935,64.565,1.0014,0.2,-0.4,1035
1936,64.598,1.0011,0.2,-0.3,1042
1937,64.631,1.0012,0.2,-0.4,1054
1938,64.665,1.0012,0.2,-0.4,1041
1939,64.698,1.0013,0.3,-0.3,1043
1940,64.731,1.0013,0.3,-0.4,1059
1941,64.765,1.0011,0.2,-0.3,1043
1942,64.798,1.0011,0.3,-0.4,1063
1943,64.831,1.0011,0.2,-0.3,1055
1944,64.865,1.0011,0.2,-0.3,1053
1945,64.898,1.0011,0.2,-0.3,1046
1946,64.932,1.0011,0.2,-0.3,1045
1947,64.965,1.0011,0.2,-0.3,1051
1948,64.998,1.0011,0.2,-0.3,1053
1949,65.032,1.0010,0.2,-0.3,1044
1950,65.065,1.0012,0.3,-0.3,1059
1951,65.098,1.0010,0.2,-0.3,1033
1952,65.132,1.0010,0.2,-0.3,1028
1953,65.165,1.0010,0.2,-0.3,1034
1954,65.199,1.0010,0.2,-0.3,1032
1955,65.232,1.0010,0.2,-0.3,1029
1956,65.265,1.0013,0.3,-0.3,1044
1957,65.299,1.0012,0.2,-0.3,1037
1958,65.332,1.0011,0.2,-0.3,1025
1959,65.365,1.0008,0.2,-0.2,1010
1960,65.399,1.0010,0.2,-0.3,1032
1961,65.432,1.0010,0.2,-0.3,1024
1962,65.465,1.0013,0.3,-0.3,1034
1963,65.499,1.0010,0.3,-0.3,1030
1964,65.532,1.0010,0.3,-0.3,1020
1965,65.566,1.0010,0.3,-0.3,1002
1966,65.599,1.0013,0.4,-0.3,994
1967,65.632,1.0011,0.3,-0.3,978
1968,65.666,1.0011,0.3,-0.3,978
1969,65.699,1.0013,0.4,-0.4,988
1970,65.732,1.0011,0.3,-0.3,971
1971,65.766,1.0011,0.2,-0.3,974
1972,65.799,1.0014,0.3,-0.4,976
1973,65.832,1.0013,0.3,-0.4,976
1974,65.866,1.0011,0.3,-0.3,955
1975,65.899,1.0011,0.3,-0.3,957
1976,65.933,1.0014,0.3,-0.4,957
1977,65.966,1.0013,0.3,-0.4,991
1978,65.999,1.0014,0.3,-0.4,985
1979,66.033,1.0011,0.3,-0.3,979
1980,66.066,1.0011,0.3,-0.3,977
1981,66.099,1.0012,0.3,-0.3,968
1982,66.133,1.0027,0.6,-0.2,973
1983,66.166,1.0064,0.3,0.7,891
1984,66.200,1.0109,0.3,2.0,858
1985,66.233,1.0189,0.2,3.8,809
1986,66.266,1.0312,0.5,6.7,708
1987,66.300,1.0483,0.5,11.2,636
1988,66.333,1.0730,0.4,17.0,502
1989,66.366,1.1012,0.0,23.7,398
1990,66.400,1.1283,0.0,30.3,347
1991,66.433,1.1513,0.3,36.1,343
1992,66.466,1.1706,0.2,40.7,331
1993,66.500,1.1862,0.3,44.5,328
1994,66.533,1.1994,0.5,48.1,309
1995,66.567,1.2120,0.3,50.9,305
1996,66.600,1.2222,0.5,53.2,275
1997,66.633,1.2298,-0.1,55.2,239
1998,66.667,1.2390,0.2,57.2,251
1999,66.700,1.2451,0.1,59.1,242
2000,66.733,1.2521,0.1,60.9,218
2001,66.767,1.2566,-0.1,62.0,181
2002,66.800,1.2631,0.4,63.3,200
2003,66.834,1.2678,0.5,64.5,188
2004,66.867,1.2708,0.6,65.4,183
2005,66.900,1.2745,0.4,66.5,172
2006,66.934,1.2788,0.4,67.0,192
2007,66.967,1.2822,0.7,67.8,172
2008,67.000,1.2848,0.7,68.6,172
2009,67.034,1.2871,0.4,69.2,154
2010,67.067,1.2900,0.2,69.9,144
2011,67.100,1.2912,0.6,70.5,163
2012,67.134,1.2936,0.9,70.6,144
2013,67.167,1.2944,0.7,71.3,128
2014,67.201,1.2955,0.3,71.7,115
2015,67.234,1.2970,0.2,71.8,116
2016,67.267,1.2982,0.1,72.2,105
2017,67.301,1.2995,0.6,72.0,111
2018,67.334,1.3003,0.6,72.5,135
2019,67.367,1.3013,0.6,72.3,130
2020,67.401,1.2994,0.4,73.0,125
2021,67.434,1.3004,0.5,72.6,114
2022,67.467,1.3008,0.7,72.9,110
2023,67.501,1.3016,0.2,73.2,107
2024,67.534,1.3006,0.5,73.2,90
2025,67.568,1.3006,0.2,73.0,84
2026,67.601,1.3028,0.6,72.0,63
2027,67.634,1.3005,0.5,73.3,89
2028,67.668,1.3003,0.2,72.6,86
2029,67.701,1.2991,0.5,71.8,95
2030,67.734,1.2976,0.3,72.0,95
2031,67.768,1.2957,-0.0,71.0,111
2032,67.801,1.2905,-0.1,70.5,107
2033,67.835,1.2893,0.5,69.6,142
2034,67.868,1.2835,0.2,69.4,103
2035,67.901,1.2809,0.5,67.9,157
2036,67.935,1.2757,0.2,66.9,151
2037,67.968,,,,0
2038,68.001,,,,0
2039,68.035,,,,0
2040,68.068,,,,0
2041,68.101,,,,0
2042,68.135,,,,0
2043,68.168,,,,0
2044,68.202,,,,0
2045,68.235,,,,0
2046,68.268,,,,0
2047,68.302,,,,0
2048,68.335,,,,0
2049,68.368,,,,0
2050,68.402,,,,0
2051,68.435,,,,0
2052,68.468,,,,0
2053,68.502,,,,0
2054,68.535,,,,0
2055,68.569,,,,0
2056,68.602,,,,0
2057,68.635,,,,0
2058,68.669,,,,0
2059,68.702,,,,0
2060,68.735,,,,0
2061,68.769,,,,0
2062,68.802,,,,0
2063,68.836,,,,0
2064,68.869,,,,0
2065,68.902,,,,0
2066,68.936,,,,0
2067,68.969,,,,0
2068,69.002,,,,0
2069,69.036,,,,0
2070,69.069,,,,0
2071,69.102,,,,0
2072,69.136,,,,0
2073,69.169,,,,0
2074,69.203,,,,0
2075,69.236,,,,0
2076,69.269,,,,0
2077,69.303,,,,0
2078,69.336,,,,0
2079,69.369,,,,0
2080,69.403,,,,0
2081,69.436,,,,0
2082,69.469,,,,0
2083,69.503,,,,0
2084,69.536,,,,0
2085,69.570,,,,0
2086,69.603,,,,0
2087,69.636,,,,0
2088,69.670,,,,0
2089,69.703,,,,0
2090,69.736,,,,0
2091,69.770,,,,0
2092,69.803,,,,0
2093,69.837,,,,0
2094,69.870,,,,0
2095,69.903,,,,0
2096,69.937,,,,0
2097,69.970,,,,0
2098,70.003,,,,0
2099,70.037,,,,0
2100,70.070,,,,0
2101,70.103,,,,0
2102,70.137,,,,0
2103,70.170,,,,0
2104,70.204,,,,0
2105,70.237,,,,0
2106,70.270,,,,0
2107,70.304,,,,0
2108,70.337,,,,0
2109,70.370,,,,0
2110,70.404,,,,0
2111,70.437,,,,0
2112,70.470,,,,0
2113,70.504,,,,0
2114,70.537,,,,0
2115,70.571,,,,0
2116,70.604,,,,0
2117,70.637,,,,0
2118,70.671,,,,0
2119,70.704,,,,0
2120,70.737,,,,0
2121,70.771,,,,0
2122,70.804,,,,0
2123,70.838,,,,0
2124,70.871,,,,0
2125,70.904,,,,0
2126,70.938,,,,0
2127,70.971,,,,0
2128,71.004,,,,0
2129,71.038,,,,0
2130,71.071,,,,0
2131,71.104,,,,0
2132,71.138,,,,0
2133,71.171,,,,0
2134,71.205,,,,0
2135,71.238,,,,0
2136,71.271,,,,0
2137,71.305,,,,0
2138,71.338,,,,0
2139,71.371,,,,0
2140,71.405,,,,0
2141,71.438,,,,0
2142,71.471,,,,0
2143,71.505,,,,0
2144,71.538,,,,0
2145,71.572,,,,0
2146,71.605,,,,0
2147,71.638,,,,0
2148,71.672,,,,0
2149,71.705,,,,0
2150,71.738,,,,0
2151,71.772,,,,0
2152,71.805,,,,0
2153,71.839,,,,0
2154,71.872,,,,0
2155,71.905,,,,0
2156,71.939,,,,0
2157,71.972,,,,0
2158,72.005,,,,0
2159,72.039,,,,0
2160,72.072,,,,0
2161,72.105,,,,0
2162,72.139,,,,0
2163,72.172,,,,0
2164,72.206,,,,0
2165,72.239,,,,0
2166,72.272,,,,0
2167,72.306,,,,0
2168,72.339,,,,0
2169,72.372,,,,0
2170,72.406,,,,0
2171,72.439,,,,0
2172,72.472,,,,0
2173,72.506,,,,0
2174,72.539,,,,0
2175,72.573,,,,0
2176,72.606,,,,0
2177,72.639,,,,0
2178,72.673,,,,0
2179,72.706,,,,0
2180,72.739,,,,0
2181,72.773,,,,0
2182,72.806,,,,0
2183,72.840,,,,0
2184,72.873,,,,0
2185,72.906,,,,0
2186,72.940,,,,0
2187,72.973,,,,0
2188,73.006,,,,0
2189,73.040,,,,0
2190,73.073,,,,0
2191,73.106,,,,0
2192,73.140,,,,0
2193,73.173,,,,0
2194,73.207,,,,0
2195,73.240,,,,0
2196,73.273,,,,0
2197,73.307,,,,0
2198,73.340,,,,0
2199,73.373,,,,0
2200,73.407,,,,0
2201,73.440,,,,0
2202,73.473,,,,0
2203,73.507,,,,0
2204,73.540,,,,0
2205,73.574,,,,0
2206,73.607,,,,0
2207,73.640,,,,0
2208,73.674,1.0011,0.2,-0.3,786
2209,73.707,1.0042,-1.4,-0.0,492
2210,73.740,1.0016,-0.0,-0.7,549
2211,73.774,1.0012,0.3,-0.4,708
2212,73.807,1.0010,0.2,-0.4,705
2213,73.841,1.0010,0.2,-0.4,746
2214,73.874,1.0010,0.2,-0.3,975
2215,73.907,1.0010,0.2,-0.3,979
2216,73.941,1.0010,0.2,-0.3,990
2217,73.974,1.0010,0.2,-0.3,986
2218,74.007,1.0010,0.2,-0.3,995
2219,74.041,1.0010,0.2,-0.3,1005
2220,74.074,1.0012,0.3,-0.2,920
2221,74.107,1.0009,0.2,-0.3,1028
2222,74.141,1.0009,0.2,-0.3,1022
2223,74.174,1.0009,0.2,-0.3,1008
2224,74.208,1.0010,0.2,-0.3,1008
2225,74.241,1.0010,0.2,-0.3,1008
2226,74.274,1.0011,0.1,-0.2,976
2227,74.308,1.0010,0.2,-0.3,1028
2228,74.341,1.0012,0.2,-0.4,1032
2229,74.374,1.0010,0.2,-0.3,1018
2230,74.408,1.0010,0.2,-0.3,993
2231,74.441,1.0010,0.2,-0.4,980
2232,74.474,1.0011,0.2,-0.3,973
2233,74.508,1.0010,0.2,-0.3,960
2234,74.541,1.0010,0.2,-0.3,955
2235,74.575,1.0010,0.2,-0.3,962
2236,74.608,1.0013,0.3,-0.3,980
2237,74.641,1.0010,0.2,-0.4,989
2238,74.675,1.0010,0.2,-0.3,988
2239,74.708,1.0012,0.3,-0.3,992
2240,74.741,1.0010,0.2,-0.3,993
2241,74.775,1.0010,0.2,-0.3,991
2242,74.808,1.0010,0.2,-0.3,991
2243,74.842,1.0010,0.2,-0.3,991
2244,74.875,1.0011,0.2,-0.3,992
2245,74.908,1.0013,0.3,-0.3,980
2246,74.942,1.0009,0.3,-0.4,977
2247,74.975,1.0013,0.3,-0.4,981
2248,75.008,1.0011,0.2,-0.4,986
2249,75.042,1.0011,0.2,-0.3,977
2250,75.075,1.0011,0.2,-0.3,979
2251,75.108,1.0011,0.2,-0.3,972
2252,75.142,1.0011,0.2,-0.3,968
2253,75.175,1.0013,0.3,-0.3,965
2254,75.209,1.0011,0.2,-0.3,949
2255,75.242,1.0011,0.2,-0.3,942
2256,75.275,1.0013,0.2,-0.4,923
2257,75.309,1.0012,0.3,-0.3,932
2258,75.342,1.0012,0.2,-0.3,938
2259,75.375,1.0017,0.4,-0.3,958
2260,75.409,1.0028,0.5,-0.2,974
2261,75.442,1.0053,0.4,0.5,748
2262,75.475,1.0110,0.4,1.6,874
2263,75.509,1.0186,0.2,3.8,806
2264,75.542,1.0311,0.5,6.7,751
2265,75.576,1.0487,0.4,11.1,631
2266,75.609,1.0727,0.4,16.9,530
2267,75.642,1.1007,0.0,23.4,415
2268,75.676,1.1287,0.1,30.5,362
2269,75.709,1.1510,0.1,35.9,384
2270,75.742,1.1701,0.2,40.5,342
2271,75.776,1.1862,0.4,44.7,353
2272,75.809,1.1986,-0.1,47.8,290
2273,75.843,1.2110,0.1,50.8,295
2274,75.876,1.2223,0.4,53.1,282
2275,75.909,1.2303,0.3,55.5,262
2276,75.943,1.2383,0.3,57.3,246
2277,75.976,1.2457,0.2,59.0,247
2278,76.009,1.2512,0.0,60.5,208
2279,76.043,1.2573,0.0,62.0,185
2280,76.076,1.2627,0.3,63.3,188
2281,76.109,1.2662,-0.2,64.5,124
2282,76.143,1.2716,0.6,65.4,154
2283,76.176,1.2758,0.3,66.1,134
2284,76.210,1.2793,0.3,66.6,141
2285,76.243,1.2820,0.4,68.0,158
2286,76.276,1.2839,0.5,68.8,147
2287,76.310,1.2859,0.4,69.5,151
2288,76.343,1.2900,0.6,69.2,141
2289,76.376,1.2903,0.4,70.1,144
2290,76.410,1.2924,0.5,70.3,132
2291,76.443,1.2956,0.7,70.8,120
2292,76.476,1.2955,0.5,71.6,119
2293,76.510,1.2967,0.3,71.9,124
2294,76.543,1.2981,-0.1,72.3,125
2295,76.577,1.2984,0.2,72.2,134
2296,76.610,1.2996,0.5,72.3,134
2297,76.643,1.2993,1.0,72.5,123
2298,76.677,1.3000,0.5,72.8,125
2299,76.710,1.3002,0.3,73.2,130
2300,76.743,1.2998,-0.1,73.4,111
2301,76.777,1.3006,0.2,72.9,125
2302,76.810,1.3003,0.7,72.9,135
2303,76.844,1.2995,0.4,73.2,128
2304,76.877,1.3002,0.5,73.2,133
2305,76.910,1.3004,0.2,73.1,127
2306,76.944,1.2996,0.1,72.6,126
2307,76.977,1.2971,-0.3,72.3,126
2308,77.010,1.2972,0.3,72.1,143
2309,77.044,1.2948,0.3,71.2,150
2310,77.077,1.2924,0.7,70.8,137
2311,77.110,1.2875,0.6,69.8,167
2312,77.144,1.2836,0.5,68.4,176
2313,77.177,1.2788,-0.1,68.1,191
2314,77.211,1.2757,0.5,66.6,185
2315,77.244,1.2687,0.1,65.4,201
2316,77.277,1.2646,0.3,64.2,229
2317,77.311,1.2596,0.5,62.4,221
2318,77.344,1.2529,0.1,61.2,232
2319,77.377,1.2456,0.3,59.6,276
2320,77.411,1.2385,0.0,57.9,289
2321,77.444,1.2319,0.2,56.2,310
2322,77.477,1.2246,0.2,54.1,323
2323,77.511,1.2154,-0.6,53.0,254
2324,77.544,1.2103,0.4,50.6,334
2325,77.578,1.2024,0.1,48.7,382
2326,77.611,1.1949,0.2,46.7,399
2327,77.644,1.1871,0.3,44.3,398
2328,77.678,1.1777,0.2,43.1,369
2329,77.711,1.1697,0.4,40.9,385
2330,77.744,1.1617,0.3,38.7,438
2331,77.778,1.1533,0.1,36.8,468
2332,77.811,1.1454,0.5,34.7,444
2333,77.845,1.1370,0.2,32.6,480
2334,77.878,1.1336,-1.9,29.9,279
2335,77.911,1.1201,0.2,28.9,467
2336,77.945,1.1118,0.3,26.6,491
2337,77.978,1.1046,0.2,24.8,515
2338,78.011,1.0964,0.2,22.7,522
2339,78.045,1.0895,0.3,20.6,571
2340,78.078,1.0813,0.2,19.0,627
2341,78.111,1.0746,0.1,17.2,622
2342,78.145,1.0671,0.6,15.4,649
2343,78.178,1.0602,0.3,13.8,695
2344,78.212,1.0527,0.6,12.5,625
2345,78.245,1.0471,0.6,10.4,737
2346,78.278,1.0412,0.5,9.2,748
2347,78.312,1.0351,0.2,8.0,747
2348,78.345,1.0298,0.5,6.4,824
2349,78.378,1.0250,0.3,5.3,862
2350,78.412,1.0204,0.3,4.0,805
2351,78.445,1.0163,0.3,3.0,842
2352,78.478,1.0126,0.3,2.1,839
2353,78.512,1.0097,0.3,1.3,861
2354,78.545,1.0067,0.2,0.8,897
2355,78.579,1.0047,0.3,0.0,905
2356,78.612,1.0028,0.5,-0.2,961
2357,78.645,1.0016,0.2,-0.2,957
2358,78.679,1.0011,0.3,-0.3,959
2359,78.712,1.0011,0.3,-0.3,963
2360,78.745,1.0011,0.2,-0.3,968
2361,78.779,1.0011,0.2,-0.3,965
2362,78.812,1.0011,0.2,-0.3,972
2363,78.846,1.0012,0.3,-0.3,969
2364,78.879,1.0013,0.3,-0.3,973
2365,78.912,1.0011,0.3,-0.3,977
2366,78.946,1.0012,0.3,-0.3,983
2367,78.979,1.0011,0.2,-0.3,986
2368,79.012,1.0011,0.2,-0.3,993
2369,79.046,1.0010,0.2,-0.3,970
2370,79.079,1.0010,0.2,-0.3,971
2371,79.112,1.0012,0.3,-0.3,975
2372,79.146,1.0013,0.3,-0.3,961
2373,79.179,1.0010,0.2,-0.3,956
2374,79.213,1.0010,0.2,-0.3,965
2375,79.246,1.0010,0.2,-0.3,966
2376,79.279,1.0010,0.2,-0.3,969
2377,79.313,1.0010,0.2,-0.3,960
2378,79.346,1.0011,0.2,-0.3,970
2379,79.379,1.0011,0.2,-0.3,971
2380,79.413,1.0010,0.2,-0.3,956
2381,79.446,1.0011,0.2,-0.3,986
2382,79.479,1.0010,0.2,-0.3,984
2383,79.513,1.0011,0.2,-0.3,996
2384,79.546,1.0011,0.2,-0.3,1005
2385,79.580,1.0012,0.1,-0.3,998
2386,79.613,1.0013,0.3,-0.3,981
2387,79.646,1.0011,0.2,-0.3,972
2388,79.680,1.0011,0.2,-0.3,972
2389,79.713,1.0010,0.2,-0.3,968
2390,79.746,1.0010,0.2,-0.3,965
2391,79.780,1.0011,0.2,-0.3,958
2392,79.813,1.0011,0.2,-0.3,953
2393,79.847,1.0013,0.3,-0.3,961
2394,79.880,1.0010,0.2,-0.3,958
2395,79.913,1.0010,0.2,-0.3,955
2396,79.947,1.0010,0.2,-0.3,962
2397,79.980,1.0010,0.2,-0.3,963
2398,80.013,1.0011,0.2,-0.3,977
2399,80.047,1.0013,0.3,-0.3,992
2400,80.080,1.0010,0.2,-0.3,986
2401,80.113,1.0013,0.3,-0.3,996
2402,80.147,1.0010,0.2,-0.3,1000
2403,80.180,1.0013,0.3,-0.3,986
2404,80.214,1.0010,0.2,-0.3,998
2405,80.247,1.0011,0.2,-0.3,982
2406,80.280,1.0011,0.2,-0.3,959
2407,80.314,1.0014,0.2,-0.4,955
2408,80.347,1.0010,0.2,-0.3,941
2409,80.380,1.0010,0.2,-0.3,947
2410,80.414,1.0010,0.2,-0.3,950
2411,80.447,1.0010,0.2,-0.3,950
2412,80.480,1.0010,0.2,-0.3,945
2413,80.514,1.0010,0.2,-0.3,952
2414,80.547,1.0012,0.2,-0.3,950
2415,80.581,1.0010,0.2,-0.3,955
2416,80.614,1.0012,0.2,-0.3,962
2417,80.647,1.0010,0.2,-0.3,951
2418,80.681,1.0010,0.2,-0.3,943
2419,80.714,1.0009,0.2,-0.3,949
2420,80.747,1.0010,0.2,-0.3,973
2421,80.781,1.0013,0.2,-0.4,989
2422,80.814,1.0010,0.2,-0.3,967
2423,80.848,1.0009,0.2,-0.3,960
2424,80.881,1.0010,0.2,-0.3,963
2425,80.914,1.0010,0.2,-0.3,947
2426,80.948,1.0010,0.2,-0.3,939
2427,80.981,1.0010,0.2,-0.3,929
2428,81.014,1.0010,0.2,-0.3,935
2429,81.048,1.0010,0.1,-0.4,930
2430,81.081,1.0013,0.2,-0.3,968
2431,81.114,1.0010,0.2,-0.3,967
2432,81.148,1.0010,0.2,-0.3,960
2433,81.181,1.0010,0.2,-0.3,967
2434,81.215,1.0010,0.2,-0.3,966
2435,81.248,1.0010,0.2,-0.3,960
2436,81.281,1.0010,0.2,-0.3,970
2437,81.315,1.0013,0.2,-0.3,964
2438,81.348,1.0010,0.2,-0.3,972
2439,81.381,1.0010,0.2,-0.3,962
2440,81.415,1.0010,0.2,-0.3,959
2441,81.448,1.0010,0.2,-0.3,948
2442,81.481,1.0011,0.2,-0.3,949
2443,81.515,1.0010,0.2,-0.3,939
2444,81.548,1.0010,0.2,-0.3,932
2445,81.582,1.0010,0.2,-0.3,927
2446,81.615,1.0010,0.2,-0.3,943
2447,81.648,1.0010,0.2,-0.3,945
2448,81.682,1.0010,0.2,-0.3,944
2449,81.715,1.0010,0.2,-0.3,945
2450,81.748,1.0010,0.2,-0.3,938
2451,81.782,1.0010,0.2,-0.3,947
2452,81.815,1.0010,0.2,-0.3,948
2453,81.849,1.0012,0.3,-0.3,942
2454,81.882,1.0010,0.2,-0.3,939
2455,81.915,1.0010,0.2,-0.3,939
2456,81.949,1.0010,0.2,-0.3,941
2457,81.982,1.0010,0.2,-0.3,944
2458,82.015,1.0011,0.2,-0.3,926
2459,82.049,1.0010,0.2,-0.3,919
2460,82.082,1.0008,0.3,-0.3,891
2461,82.115,1.0010,0.2,-0.3,912
2462,82.149,1.0010,0.2,-0.3,925
2463,82.182,1.0010,0.2,-0.3,944
2464,82.216,1.0010,0.2,-0.3,1006
2465,82.249,1.0010,0.2,-0.3,1019
2466,82.282,1.0010,0.2,-0.3,1043
2467,82.316,1.0010,0.2,-0.3,1038
2468,82.349,1.0010,0.2,-0.3,1045
2469,82.382,1.0010,0.2,-0.3,1037
2470,82.416,1.0010,0.2,-0.3,1036
2471,82.449,1.0010,0.2,-0.4,1005
2472,82.482,1.0010,0.2,-0.3,1020
2473,82.516,1.0010,0.2,-0.3,1018
2474,82.549,1.0010,0.2,-0.3,1018
2475,82.583,1.0009,-0.0,-0.2,923
2476,82.616,1.0010,0.2,-0.3,1013
2477,82.649,1.0013,0.3,-0.3,984
2478,82.683,1.0012,0.1,-0.2,999
2479,82.716,1.0010,0.3,-0.3,851
2480,82.749,1.0008,0.1,-0.4,473
2481,82.783,1.0008,0.1,-0.4,763
2482,82.816,1.0011,0.3,-0.4,875
2483,82.850,1.0007,0.3,-0.5,897
2484,82.883,1.0008,0.2,-0.3,895
2485,82.916,1.0008,0.2,-0.4,910
2486,82.950,1.0010,0.2,-0.4,881
2487,82.983,1.0008,0.2,-0.4,864
2488,83.016,1.0008,0.2,-0.4,870
2489,83.050,1.0008,0.2,-0.3,860
2490,83.083,1.0007,0.2,-0.4,878
2491,83.116,1.0008,0.2,-0.4,883
2492,83.150,1.0010,0.2,-0.5,893
2493,83.183,1.0008,0.2,-0.3,895
2494,83.217,1.0008,0.2,-0.3,892
2495,83.250,1.0010,0.2,-0.4,910
2496,83.283,1.0010,0.2,-0.4,910
2497,83.317,1.0010,0.3,-0.4,895
2498,83.350,1.0015,0.2,-0.5,899
2499,83.383,1.0010,0.2,-0.3,910
2500,83.417,1.0013,0.3,-0.4,907
2501,83.450,1.0011,0.2,-0.4,899
2502,83.483,1.0010,0.2,-0.4,885
2503,83.517,1.0010,0.4,-0.4,891
2504,83.550,1.0013,0.3,-0.4,900
2505,83.584,1.0013,0.3,-0.4,889
2506,83.617,1.0013,0.3,-0.4,905
2507,83.650,1.0010,0.2,-0.4,903
2508,83.684,1.0012,0.2,-0.5,913
2509,83.717,1.0010,0.1,-0.5,917
2510,83.750,1.0013,0.3,-0.4,943
2511,83.784,1.0011,0.2,-0.4,930
2512,83.817,1.0011,0.2,-0.4,921
2513,83.851,1.0010,0.2,-0.4,900
2514,83.884,1.0011,0.2,-0.4,890
2515,83.917,1.0014,0.3,-0.5,864
2516,83.951,1.0014,0.2,-0.4,851
2517,83.984,1.0013,0.2,-0.4,857
2518,84.017,1.0014,0.2,-0.4,872
2519,84.051,1.0014,0.2,-0.4,871
2520,84.084,1.0013,0.2,-0.4,879
2521,84.117,1.0012,0.1,-0.4,897
2522,84.151,1.0013,0.2,-0.4,884
2523,84.184,1.0013,0.2,-0.4,887
2524,84.218,1.0015,0.3,-0.4,895
2525,84.251,1.0015,0.3,-0.5,887
2526,84.284,1.0016,0.4,-0.5,897
2527,84.318,1.0013,0.2,-0.4,883
2528,84.351,1.0016,0.2,-0.5,892
2529,84.384,1.0013,0.2,-0.4,877
2530,84.418,1.0016,0.3,-0.4,888
2531,84.451,1.0014,0.2,-0.5,890
2532,84.484,1.0013,0.2,-0.4,887
2533,84.518,1.0013,0.1,-0.5,880
2534,84.551,1.0015,0.2,-0.5,894
2535,84.585,1.0016,0.3,-0.3,876
2536,84.618,1.0013,0.2,-0.4,939
2537,84.651,1.0013,0.2,-0.4,940
2538,84.685,1.0013,0.2,-0.4,946
2539,84.718,1.0013,0.2,-0.4,939
2540,84.751,1.0015,0.3,-0.4,952
2541,84.785,1.0013,0.2,-0.4,943
2542,84.818,1.0010,0.2,-0.3,949
2543,84.852,1.0010,0.2,-0.3,957
2544,84.885,1.0010,0.2,-0.4,952
2545,84.918,1.0010,0.2,-0.3,949
2546,84.952,1.0010,0.2,-0.3,945
2547,84.985,1.0010,0.2,-0.3,941
2548,85.018,1.0012,0.2,-0.4,969
2549,85.052,1.0010,0.2,-0.3,951
2550,85.085,1.0010,0.2,-0.3,951
2551,85.118,1.0012,0.2,-0.4,940
2552,85.152,1.0012,0.2,-0.4,966
2553,85.185,1.0009,0.2,-0.3,971
2554,85.219,1.0009,0.2,-0.3,966
2555,85.252,1.0010,0.2,-0.3,958
2556,85.285,1.0009,0.1,-0.4,928
2557,85.319,1.0011,0.2,-0.4,941
2558,85.352,1.0009,0.2,-0.4,923
2559,85.385,1.0009,0.2,-0.4,914
2560,85.419,1.0010,0.2,-0.4,918
2561,85.452,1.0010,0.2,-0.3,920
2562,85.485,1.0010,0.2,-0.4,928
2563,85.519,1.0009,0.2,-0.3,927
2564,85.552,1.0011,0.2,-0.4,932
2565,85.586,1.0010,0.2,-0.4,925
2566,85.619,1.0010,0.2,-0.4,931
2567,85.652,1.0012,0.2,-0.4,937
2568,85.686,1.0010,0.2,-0.3,925
2569,85.719,1.0010,0.2,-0.3,935
2570,85.752,1.0010,0.2,-0.3,938
2571,85.786,1.0010,0.2,-0.3,929
2572,85.819,1.0010,0.2,-0.3,931
2573,85.853,1.0010,0.2,-0.3,931
2574,85.886,1.0012,0.2,-0.4,934
2575,85.919,1.0011,0.2,-0.4,951
2576,85.953,1.0017,0.3,-0.3,944
2577,85.986,1.0036,0.3,0.1,865
2578,86.019,1.0082,0.3,0.8,849
2579,86.053,1.0117,1.7,2.4,609
2580,86.086,1.0236,0.6,5.3,748
2581,86.119,1.0388,0.3,8.5,724
2582,86.153,1.0595,0.5,13.7,575
2583,86.186,1.0866,0.3,20.5,475
2584,86.220,1.1140,-0.1,27.1,372
2585,86.253,1.1401,0.1,32.8,382
2586,86.286,1.1608,0.5,38.7,379
2587,86.320,1.1789,0.4,42.6,379
2588,86.353,1.1937,0.1,46.0,322
2589,86.386,1.2050,0.2,49.6,336
2590,86.420,1.2170,0.3,52.2,334
2591,86.453,1.2257,0.3,54.8,277
2592,86.486,1.2336,0.3,56.8,286
2593,86.520,1.2419,0.2,58.2,274
2594,86.553,1.2485,-0.1,60.2,211
2595,86.587,1.2545,0.3,61.4,226
2596,86.620,1.2606,0.2,62.7,204
2597,86.653,1.2648,0.0,64.0,212
2598,86.687,1.2670,-0.4,65.7,160
2599,86.720,1.2728,0.4,66.4,177
2600,86.753,1.2770,0.3,66.9,197
2601,86.787,1.2801,0.3,67.8,193
2602,86.820,1.2830,0.5,68.6,181
2603,86.854,1.2847,-0.1,68.8,165
2604,86.887,1.2874,0.7,69.8,182
2605,86.920,1.2903,0.5,69.7,154
2606,86.954,1.2917,0.4,70.3,170
2607,86.987,1.2923,0.3,71.2,170
2608,87.020,1.2941,0.2,71.6,157
2609,87.054,1.2957,-0.2,71.6,140
2610,87.087,1.2973,0.2,72.1,155
2611,87.120,1.2971,-0.1,72.1,144
2612,87.154,1.2986,-0.0,72.0,137
2613,87.187,1.3014,1.2,73.0,129
2614,87.221,1.2993,0.2,72.9,146
2615,87.254,1.2994,0.1,73.1,139
2616,87.287,1.3011,0.4,72.6,144
2617,87.321,1.3000,0.4,73.1,147
2618,87.354,1.3004,0.5,72.6,148
2619,87.387,1.3002,0.4,72.9,152
2620,87.421,1.3007,0.6,73.1,154
2621,87.454,1.3010,0.4,72.9,157
2622,87.487,1.3004,0.2,72.6,141
2623,87.521,1.2996,0.4,72.8,152
2624,87.554,1.2976,-0.0,72.1,145
2625,87.588,1.2961,0.6,71.2,159
2626,87.621,1.2921,0.1,71.0,163
2627,87.654,1.2899,0.5,69.5,166
2628,87.688,1.2873,0.6,69.2,173
2629,87.721,1.2806,-0.2,68.1,168
2630,87.754,1.2785,0.4,66.7,210
2631,87.788,1.2730,0.2,65.7,212
2632,87.821,1.2683,0.2,64.4,217
2633,87.855,1.2622,0.2,63.3,229
2634,87.888,1.2557,0.2,61.8,241
2635,87.921,1.2498,0.4,60.4,251
2636,87.955,1.2422,0.3,58.9,260
2637,87.988,1.2353,-0.1,57.1,279
2638,88.021,1.2296,0.3,55.2,314
2639,88.055,1.2223,0.3,53.1,325
2640,88.088,1.2143,0.1,51.5,352
2641,88.121,1.2066,-0.2,49.7,349
2642,88.155,1.1987,0.3,47.7,371
2643,88.188,1.1910,0.1,45.9,390
2644,88.222,1.1829,-0.0,43.6,389
2645,88.255,1.1753,0.1,41.4,397
2646,88.288,1.1657,0.2,39.6,433
2647,88.322,1.1621,0.3,37.9,384
2648,88.355,1.1872,1.2,37.6,178
2649,88.388,1.2562,3.2,36.9,95
2650,88.422,,,,0
2651,88.455,,,,0
2652,88.488,,,,0
2653,88.522,,,,0
2654,88.555,,,,0
2655,88.589,,,,0
2656,88.622,,,,0
2657,88.655,,,,0
2658,88.689,,,,0
2659,88.722,,,,0
2660,88.755,,,,0
2661,88.789,,,,0
2662,88.822,,,,0
2663,88.856,,,,0
2664,88.889,,,,0
2665,88.922,,,,0
2666,88.956,,,,0
2667,88.989,,,,0
2668,89.022,,,,0
2669,89.056,,,,0
2670,89.089,,,,0
2671,89.122,,,,0
2672,89.156,,,,0
2673,89.189,,,,0
2674,89.223,,,,0
2675,89.256,,,,0
2676,89.289,,,,0
2677,89.323,,,,0
2678,89.356,,,,0
2679,89.389,,,,0
2680,89.423,,,,0
2681,89.456,,,,0
2682,89.489,,,,0
2683,89.523,,,,0
2684,89.556,,,,0
2685,89.590,,,,0
2686,89.623,,,,0
2687,89.656,,,,0
2688,89.690,,,,0
2689,89.723,,,,0
2690,89.756,,,,0
2691,89.790,,,,0
2692,89.823,,,,0
2693,89.857,,,,0
2694,89.890,,,,0
2695,89.923,,,,0
2696,89.957,,,,0
2697,89.990,,,,0
2698,90.023,,,,0
2699,90.057,,,,0
2700,90.090,,,,0
2701,90.123,,,,0
2702,90.157,,,,0
2703,90.190,,,,0
2704,90.224,,,,0
2705,90.257,,,,0
2706,90.290,,,,0
2707,90.324,,,,0
2708,90.357,,,,0
2709,90.390,,,,0
2710,90.424,,,,0
2711,90.457,,,,0
2712,90.490,,,,0
2713,90.524,,,,0
2714,90.557,,,,0
2715,90.591,,,,0
2716,90.624,,,,0
2717,90.657,,,,0
2718,90.691,,,,0
2719,90.724,,,,0
2720,90.757,,,,0
2721,90.791,,,,0
2722,90.824,,,,0
2723,90.858,,,,0
2724,90.891,,,,0
2725,90.924,,,,0
2726,90.958,,,,0
2727,90.991,,,,0
2728,91.024,,,,0
2729,91.058,,,,0
2730,91.091,,,,0
2731,91.124,,,,0
2732,91.158,,,,0
2733,91.191,,,,0
2734,91.225,,,,0
2735,91.258,,,,0
2736,91.291,,,,0
2737,91.325,,,,0
2738,91.358,,,,0
2739,91.391,,,,0
2740,91.425,,,,0
2741,91.458,,,,0
2742,91.491,,,,0
2743,91.525,,,,0
2744,91.558,,,,0
2745,91.592,,,,0
2746,91.625,,,,0
2747,91.658,,,,0
2748,91.692,,,,0
2749,91.725,,,,0
2750,91.758,,,,0
2751,91.792,,,,0
2752,91.825,,,,0
2753,91.859,,,,0
2754,91.892,,,,0
2755,91.925,,,,0
2756,91.959,,,,0
2757,91.992,,,,0
2758,92.025,,,,0
2759,92.059,,,,0
2760,92.092,,,,0
2761,92.125,,,,0
2762,92.159,,,,0
2763,92.192,,,,0
2764,92.226,,,,0
2765,92.259,,,,0
2766,92.292,,,,0
2767,92.326,,,,0
2768,92.359,,,,0
2769,92.392,,,,0
2770,92.426,,,,0
2771,92.459,,,,0
2772,92.492,,,,0
2773,92.526,,,,0
2774,92.559,,,,0
2775,92.593,,,,0
2776,92.626,,,,0
2777,92.659,,,,0
2778,92.693,,,,0
2779,92.726,,,,0
2780,92.759,,,,0
2781,92.793,,,,0
2782,92.826,,,,0
2783,92.860,,,,0
2784,92.893,,,,0
2785,92.926,,,,0
2786,92.960,,,,0
2787,92.993,,,,0
2788,93.026,,,,0
2789,93.060,,,,0
2790,93.093,,,,0
2791,93.126,,,,0
2792,93.160,,,,0
2793,93.193,,,,0
2794,93.227,,,,0
2795,93.260,,,,0
2796,93.293,,,,0
2797,93.327,,,,0
2798,93.360,,,,0
2799,93.393,,,,0
2800,93.427,,,,0
2801,93.460,,,,0
2802,93.493,,,,0
2803,93.527,,,,0
2804,93.560,,,,0
2805,93.594,,,,0
2806,93.627,,,,0
2807,93.660,,,,0
2808,93.694,,,,0
2809,93.727,,,,0
2810,93.760,,,,0
2811,93.794,,,,0
2812,93.827,,,,0
2813,93.861,,,,0
2814,93.894,,,,0
2815,93.927,,,,0
2816,93.961,,,,0
2817,93.994,,,,0
2818,94.027,,,,0
2819,94.061,,,,0
2820,94.094,,,,0
2821,94.127,,,,0
2822,94.161,,,,0
2823,94.194,,,,0
2824,94.228,,,,0
2825,94.261,,,,0
2826,94.294,,,,0
2827,94.328,,,,0
2828,94.361,,,,0
2829,94.394,,,,0
2830,94.428,,,,0
2831,94.461,,,,0
2832,94.494,,,,0
2833,94.528,,,,0
2834,94.561,,,,0
2835,94.595,,,,0
2836,94.628,,,,0
2837,94.661,,,,0
2838,94.695,,,,0
2839,94.728,,,,0
2840,94.761,,,,0
2841,94.795,,,,0
2842,94.828,,,,0
2843,94.862,,,,0
2844,94.895,,,,0
2845,94.928,,,,0
2846,94.962,,,,0
2847,94.995,,,,0
2848,95.028,,,,0
2849,95.062,,,,0
2850,95.095,,,,0
2851,95.128,,,,0
2852,95.162,,,,0
2853,95.195,,,,0
2854,95.229,,,,0
2855,95.262,,,,0
2856,95.295,,,,0
2857,95.329,,,,0
2858,95.362,,,,0
2859,95.395,,,,0
2860,95.429,,,,0
2861,95.462,,,,0
2862,95.495,,,,0
2863,95.529,,,,0
2864,95.562,,,,0
2865,95.596,,,,0
2866,95.629,,,,0
2867,95.662,,,,0
2868,95.696,,,,0
2869,95.729,,,,0
2870,95.762,,,,0
2871,95.796,,,,0
2872,95.829,,,,0
2873,95.863,,,,0
2874,95.896,,,,0
2875,95.929,,,,0
2876,95.963,,,,0
2877,95.996,,,,0
2878,96.029,,,,0
2879,96.063,,,,0
2880,96.096,0.9997,1.0,-1.2,491
2881,96.129,1.0006,0.3,-0.4,513
2882,96.163,1.0009,0.2,-0.4,573
2883,96.196,1.0007,0.2,-0.3,870
2884,96.230,1.0007,0.2,-0.3,987
2885,96.263,1.0008,0.2,-0.3,1006
2886,96.296,1.0008,0.2,-0.3,1029
2887,96.330,1.0009,0.3,-0.4,1046
2888,96.363,1.0008,0.2,-0.3,1040
2889,96.396,1.0010,0.3,-0.3,1012
2890,96.430,1.0013,0.3,-0.3,1026
2891,96.463,1.0011,0.2,-0.3,1029
2892,96.496,1.0010,0.2,-0.3,1030
2893,96.530,1.0010,0.2,-0.3,1044
2894,96.563,1.0010,0.2,-0.3,1040
2895,96.597,1.0010,0.3,-0.3,1041
2896,96.630,1.0011,0.2,-0.3,1044
2897,96.663,1.0013,0.3,-0.4,1055
2898,96.697,1.0011,0.2,-0.3,1034
2899,96.730,1.0010,0.2,-0.3,1030
2900,96.763,1.0013,0.3,-0.5,1034
2901,96.797,1.0011,0.2,-0.3,1040
2902,96.830,1.0011,0.2,-0.3,1040
2903,96.864,1.0011,0.2,-0.3,1029
2904,96.897,1.0013,0.3,-0.3,1026
2905,96.930,1.0011,0.2,-0.3,1022
2906,96.964,1.0011,0.2,-0.3,1030
2907,96.997,1.0011,0.2,-0.3,1026
2908,97.030,1.0014,0.3,-0.3,1021
2909,97.064,1.0015,0.2,-0.4,1027
2910,97.097,1.0011,0.2,-0.3,1016
2911,97.130,1.0011,0.2,-0.3,1039
2912,97.164,1.0011,0.2,-0.3,1047
2913,97.197,1.0011,0.2,-0.3,1042
2914,97.231,1.0010,0.2,-0.3,1029
2915,97.264,1.0011,0.2,-0.3,1032
2916,97.297,1.0013,0.3,-0.4,1062
2917,97.331,1.0011,0.2,-0.3,1041
2918,97.364,1.0011,0.2,-0.3,1036
2919,97.397,1.0011,0.2,-0.3,1033
2920,97.431,1.0010,0.2,-0.3,1029
2921,97.464,1.0011,0.2,-0.3,1004
2922,97.497,1.0011,0.2,-0.3,1013
2923,97.531,1.0011,0.2,-0.3,1013
2924,97.564,1.0011,0.2,-0.3,1012
2925,97.598,1.0015,0.2,-0.4,1049
2926,97.631,1.0010,0.2,-0.3,1021
2927,97.664,1.0010,0.2,-0.3,1036
2928,97.698,1.0010,0.2,-0.3,1027
2929,97.731,1.0010,0.2,-0.3,1026
2930,97.764,1.0010,0.2,-0.3,1016
2931,97.798,1.0010,0.2,-0.3,1018
2932,97.831,1.0010,0.2,-0.3,1004
2933,97.865,1.0010,0.2,-0.3,1012
2934,97.898,1.0014,0.2,-0.5,1009
2935,97.931,1.0012,0.3,-0.4,1020
2936,97.965,1.0010,0.2,-0.4,1028
2937,97.998,1.0010,0.2,-0.4,1024
2938,98.031,1.0010,0.2,-0.3,1022
2939,98.065,1.0012,0.3,-0.4,1020
2940,98.098,1.0010,0.2,-0.3,1015
2941,98.131,1.0013,0.2,-0.4,1018
2942,98.165,1.0010,0.2,-0.4,1012
2943,98.198,1.0010,0.2,-0.4,1007
2944,98.232,1.0013,0.3,-0.5,987
2945,98.265,1.0010,0.2,-0.4,1009
2946,98.298,1.0010,0.2,-0.3,1009
2947,98.332,1.0010,0.2,-0.3,1012
2948,98.365,1.0009,0.1,-0.4,1008
2949,98.398,1.0010,0.2,-0.3,1030
2950,98.432,1.0013,0.3,-0.4,1037
2951,98.465,1.0010,0.2,-0.3,1031
2952,98.498,1.0010,0.2,-0.3,1042
2953,98.532,1.0010,0.2,-0.3,1034
2954,98.565,1.0010,0.2,-0.3,1010
2955,98.599,1.0010,0.2,-0.3,1025
2956,98.632,1.0010,0.2,-0.3,1007
2957,98.665,1.0011,0.2,-0.3,1003
2958,98.699,1.0010,0.2,-0.3,991
2959,98.732,1.0010,0.2,-0.3,1013
2960,98.765,1.0010,0.2,-0.3,1007
2961,98.799,1.0011,0.2,-0.3,1015
2962,98.832,1.0010,0.2,-0.3,1005
2963,98.866,1.0013,0.2,-0.5,997
2964,98.899,1.0010,0.2,-0.3,995
2965,98.932,1.0010,0.2,-0.3,1011
2966,98.966,1.0010,0.2,-0.3,1006
2967,98.999,1.0012,0.3,-0.4,997
2968,99.032,1.0010,0.2,-0.3,980
2969,99.066,1.0010,0.2,-0.3,974
2970,99.099,1.0010,0.2,-0.3,967
2971,99.132,1.0010,0.2,-0.3,971
2972,99.166,1.0010,0.2,-0.3,966
2973,99.199,1.0011,0.2,-0.3,975
2974,99.233,1.0011,0.2,-0.3,987
2975,99.266,1.0013,0.3,-0.4,1000
2976,99.299,1.0013,0.3,-0.5,985
2977,99.333,1.0013,0.3,-0.4,990
2978,99.366,1.0013,0.3,-0.4,985
2979,99.399,1.0011,0.2,-0.3,980
2980,99.433,1.0011,0.2,-0.3,977
2981,99.466,1.0011,0.3,-0.3,968
2982,99.499,1.0011,0.3,-0.3,961
2983,99.533,1.0013,0.3,-0.4,982
2984,99.566,1.0011,0.2,-0.3,972
2985,99.600,1.0011,0.3,-0.3,975
2986,99.633,1.0011,0.3,-0.3,981
2987,99.666,1.0006,0.3,-0.1,846
2988,99.700,1.0011,0.3,-0.3,991
2989,99.733,1.0013,0.3,-0.3,997
2990,99.766,1.0011,0.3,-0.3,1001
2991,99.800,1.0010,0.2,-0.4,975
2992,99.833,1.0010,0.3,-0.3,989
2993,99.867,1.0010,0.3,-0.3,976
2994,99.900,1.0010,0.3,-0.3,987
2995,99.933,1.0014,0.4,-0.5,986
2996,99.967,1.0013,0.2,-0.3,968
2997,100.000,1.0013,0.2,-0.4,967
2998,100.033,1.0015,0.3,-0.3,968
2999,100.067,1.0013,0.2,-0.3,958
3000,100.100,1.0015,0.2,-0.5,948
3001,100.133,1.0013,0.2,-0.3,950
3002,100.167,1.0013,0.2,-0.3,964
3003,100.200,1.0013,0.2,-0.3,962
3004,100.234,1.0013,0.2,-0.3,967
3005,100.267,1.0013,0.2,-0.3,970
3006,100.300,1.0013,0.2,-0.3,976
3007,100.334,1.0013,0.2,-0.3,988
3008,100.367,1.0013,0.2,-0.3,988
3009,100.400,1.0015,0.1,-0.4,995
3010,100.434,1.0014,0.2,-0.4,978
3011,100.467,1.0015,0.2,-0.4,1013
3012,100.501,1.0013,0.2,-0.3,1008
3013,100.534,1.0013,0.2,-0.3,1019
3014,100.567,1.0013,0.2,-0.3,998
3015,100.601,1.0015,0.3,-0.4,1027
3016,100.634,1.0015,0.1,-0.4,1011
3017,100.667,1.0013,0.2,-0.3,993
3018,100.701,1.0015,0.3,-0.3,1009
3019,100.734,1.0013,0.2,-0.3,986
3020,100.767,1.0013,0.2,-0.3,989
3021,100.801,1.0013,0.2,-0.3,985
3022,100.834,1.0015,0.3,-0.4,992
3023,100.868,1.0013,0.2,-0.3,994
3024,100.901,1.0015,0.3,-0.4,1014
3025,100.934,1.0015,0.3,-0.3,1029
3026,100.968,1.0013,0.2,-0.3,1005
3027,101.001,1.0013,0.2,-0.3,1000
3028,101.034,1.0015,0.3,-0.4,992
3029,101.068,1.0013,0.2,-0.4,971
3030,101.101,1.0013,0.2,-0.4,965
3031,101.134,1.0015,0.3,-0.4,959
3032,101.168,1.0013,0.2,-0.4,937
3033,101.201,1.0013,0.2,-0.3,929
3034,101.235,1.0013,0.2,-0.3,919
3035,101.268,1.0014,0.2,-0.3,915
3036,101.301,1.0016,0.3,-0.4,933
3037,101.335,1.0017,0.2,-0.5,938
3038,101.368,1.0014,0.2,-0.4,923
3039,101.401,1.0016,0.3,-0.4,910
3040,101.435,1.0014,0.2,-0.4,866
3041,101.468,1.0014,0.2,-0.4,861
3042,101.502,1.0017,0.2,-0.5,876
3043,101.535,1.0014,0.2,-0.4,898
3044,101.568,1.0014,0.2,-0.4,913
3045,101.602,1.0014,0.2,-0.4,922
3046,101.635,1.0016,0.3,-0.4,918
3047,101.668,1.0017,0.3,-0.4,910
3048,101.702,1.0016,0.3,-0.4,926
3049,101.735,1.0014,0.2,-0.4,908
3050,101.768,1.0016,0.3,-0.4,904
3051,101.802,1.0016,0.3,-0.4,906
3052,101.835,1.0014,0.2,-0.4,900
3053,101.869,1.0016,0.3,-0.4,909
3054,101.902,1.0014,0.2,-0.4,906
3055,101.935,1.0016,0.3,-0.4,919
3056,101.969,1.0014,0.2,-0.4,894
3057,102.002,1.0014,0.2,-0.4,864
3058,102.035,1.0017,0.3,-0.4,858
3059,102.069,1.0014,0.2,-0.4,877
3060,102.102,1.0016,0.2,-0.5,889
3061,102.135,1.0017,0.3,-0.4,911
3062,102.169,1.0017,0.3,-0.4,920
3063,102.202,1.0014,0.2,-0.4,912
3064,102.236,1.0014,0.2,-0.4,920
3065,102.269,1.0014,0.2,-0.4,909
3066,102.302,1.0014,0.2,-0.4,918
3067,102.336,1.0013,0.2,-0.4,926
3068,102.369,1.0015,0.3,-0.4,906
3069,102.402,1.0014,0.2,-0.4,796
3070,102.436,1.0016,0.3,-0.4,749
3071,102.469,1.0014,0.2,-0.4,747
3072,102.503,1.0014,0.2,-0.4,786
3073,102.536,1.0014,0.2,-0.4,814
3074,102.569,1.0014,0.3,-0.4,842
3075,102.603,1.0014,0.2,-0.4,854
3076,102.636,1.0014,0.2,-0.4,872
3077,102.669,1.0016,0.3,-0.4,912
3078,102.703,1.0017,0.4,-0.4,874
3079,102.736,1.0010,0.3,-0.3,929
3080,102.769,1.0007,0.2,-0.3,983
3081,102.803,1.0009,0.2,-0.3,990
3082,102.836,1.0007,0.2,-0.3,1003
3083,102.870,1.0007,0.2,-0.3,1018
3084,102.903,1.0007,0.2,-0.3,1024
3085,102.936,1.0007,0.2,-0.3,1021
3086,102.970,1.0007,0.2,-0.3,1028
3087,103.003,1.0007,0.2,-0.3,1019
3088,103.036,1.0008,0.2,-0.3,1013
3089,103.070,1.0011,0.2,-0.3,994
3090,103.103,1.0010,0.2,-0.4,993
3091,103.136,1.0009,0.2,-0.4,1009
3092,103.170,1.0010,0.2,-0.4,1001
3093,103.203,1.0013,0.3,-0.4,982
3094,103.237,1.0010,0.2,-0.4,983
3095,103.270,1.0009,0.1,-0.3,990
3096,103.303,1.0009,0.1,-0.3,981
3097,103.337,1.0008,0.1,-0.3,998
3098,103.370,1.0009,0.0,-0.3,980
3099,103.403,1.0010,0.1,-0.3,968
3100,103.437,1.0009,0.1,-0.3,989
3101,103.470,1.0009,0.2,-0.3,993
3102,103.504,1.0009,0.2,-0.3,985
3103,103.537,1.0009,0.2,-0.3,982
3104,103.570,1.0009,0.2,-0.3,999
3105,103.604,1.0009,0.2,-0.3,997
3106,103.637,1.0009,0.2,-0.3,996
3107,103.670,1.0011,0.3,-0.3,994
3108,103.704,1.0011,0.2,-0.4,995
3109,103.737,1.0009,0.2,-0.3,990
3110,103.770,1.0010,0.3,-0.3,979
3111,103.804,1.0011,0.1,-0.3,1001
3112,103.837,1.0009,0.2,-0.3,999
3113,103.871,1.0011,0.3,-0.3,997
3114,103.904,1.0009,0.2,-0.4,997
3115,103.937,1.0009,0.2,-0.5,990
3116,103.971,1.0009,0.2,-0.4,986
3117,104.004,1.0009,0.3,-0.4,991
3118,104.037,1.0010,0.3,-0.4,981
3119,104.071,1.0010,0.2,-0.4,980
3120,104.104,1.0011,0.3,-0.4,1001
3121,104.137,1.0009,0.2,-0.4,987
3122,104.171,1.0009,0.2,-0.4,971
3123,104.204,1.0011,0.2,-0.5,979
3124,104.238,1.0009,0.2,-0.3,983
3125,104.271,1.0009,0.1,-0.3,975
3126,104.304,1.0009,0.2,-0.3,982
3127,104.338,1.0009,0.2,-0.3,970
3128,104.371,1.0009,0.3,-0.4,975
3129,104.404,1.0009,0.2,-0.3,974
3130,104.438,1.0009,0.2,-0.3,976
3131,104.471,1.0009,0.2,-0.3,953
3132,104.505,1.0010,0.2,-0.3,943
3133,104.538,1.0009,0.2,-0.4,940
3134,104.571,1.0008,0.3,-0.4,941
3135,104.605,1.0009,0.3,-0.4,936
3136,104.638,1.0009,0.2,-0.4,946
3137,104.671,1.0008,0.1,-0.3,960
3138,104.705,1.0048,0.3,-0.5,764
3139,104.738,1.0356,0.8,-0.2,362
3140,104.771,1.1068,4.0,-1.7,141
3141,104.805,1.2378,12.2,-5.8,46
3142,104.838,,,,0
3143,104.872,,,,0
3144,104.905,,,,0
3145,104.938,,,,0
3146,104.972,,,,0
3147,105.005,,,,0
3148,105.038,,,,0
3149,105.072,,,,0
3150,105.105,,,,0
3151,105.138,,,,0
3152,105.172,,,,0
3153,105.205,,,,0
3154,105.239,,,,0
3155,105.272,,,,0
3156,105.305,,,,0
3157,105.339,,,,0
3158,105.372,,,,0
3159,105.405,,,,0
3160,105.439,,,,0
3161,105.472,,,,0
3162,105.506,,,,0
3163,105.539,,,,0
3164,105.572,,,,0
3165,105.606,,,,0
3166,105.639,,,,0
3167,105.672,,,,0
3168,105.706,,,,0
3169,105.739,,,,0
3170,105.772,,,,0
3171,105.806,,,,0
3172,105.839,,,,0
3173,105.873,,,,0
3174,105.906,,,,0
3175,105.939,,,,0
3176,105.973,,,,0
3177,106.006,,,,0
3178,106.039,,,,0
3179,106.073,,,,0
3180,106.106,,,,0
3181,106.139,,,,0
3182,106.173,,,,0
3183,106.206,,,,0
3184,106.240,,,,0
3185,106.273,,,,0
3186,106.306,,,,0
3187,106.340,,,,0
3188,106.373,,,,0
3189,106.406,,,,0
3190,106.440,,,,0
3191,106.473,,,,0
3192,106.507,,,,0
3193,106.540,,,,0
3194,106.573,,,,0
3195,106.607,,,,0
3196,106.640,,,,0
3197,106.673,,,,0
3198,106.707,,,,0
3199,106.740,,,,0
3200,106.773,,,,0
3201,106.807,,,,0
3202,106.840,,,,0
3203,106.874,,,,0
3204,106.907,,,,0
3205,106.940,,,,0
3206,106.974,,,,0
3207,107.007,,,,0
3208,107.040,,,,0
3209,107.074,,,,0
3210,107.107,,,,0
3211,107.140,,,,0
3212,107.174,,,,0
3213,107.207,,,,0
3214,107.241,,,,0
3215,107.274,,,,0
3216,107.307,,,,0
3217,107.341,,,,0
3218,107.374,,,,0
3219,107.407,,,,0
3220,107.441,,,,0
3221,107.474,,,,0
3222,107.508,,,,0
3223,107.541,,,,0
3224,107.574,,,,0
3225,107.608,,,,0
3226,107.641,,,,0
3227,107.674,,,,0
3228,107.708,,,,0
3229,107.741,,,,0
3230,107.774,,,,0
3231,107.808,,,,0
3232,107.841,,,,0
3233,107.875,,,,0
3234,107.908,,,,0
3235,107.941,,,,0
3236,107.975,,,,0
3237,108.008,,,,0
3238,108.041,,,,0
3239,108.075,,,,0
3240,108.108,,,,0
3241,108.141,,,,0
3242,108.175,,,,0
3243,108.208,,,,0
3244,108.242,,,,0
3245,108.275,,,,0
3246,108.308,,,,0
3247,108.342,,,,0
3248,108.375,,,,0
3249,108.408,,,,0
3250,108.442,,,,0
3251,108.475,,,,0
3252,108.509,,,,0
3253,108.542,,,,0
3254,108.575,,,,0
3255,108.609,,,,0
3256,108.642,,,,0
3257,108.675,,,,0
3258,108.709,,,,0
3259,108.742,,,,0
3260,108.775,,,,0
3261,108.809,,,,0
3262,108.842,,,,0
3263,108.876,,,,0
3264,108.909,,,,0
3265,108.942,,,,0
3266,108.976,,,,0
3267,109.009,,,,0
3268,109.042,,,,0
3269,109.076,,,,0
3270,109.109,,,,0
3271,109.142,,,,0
3272,109.176,,,,0
3273,109.209,,,,0
3274,109.243,,,,0
3275,109.276,,,,0
3276,109.309,,,,0
3277,109.343,,,,0
3278,109.376,,,,0
3279,109.409,,,,0
3280,109.443,,,,0
3281,109.476,,,,0
3282,109.510,,,,0
3283,109.543,,,,0
3284,109.576,,,,0
3285,109.610,,,,0
3286,109.643,,,,0
3287,109.676,,,,0
3288,109.710,,,,0
3289,109.743,,,,0
3290,109.776,,,,0
3291,109.810,,,,0
3292,109.843,,,,0
3293,109.877,,,,0
3294,109.910,,,,0
3295,109.943,,,,0
3296,109.977,,,,0
3297,110.010,,,,0
3298,110.043,,,,0
3299,110.077,,,,0
3300,110.110,,,,0
3301,110.143,,,,0
3302,110.177,,,,0
3303,110.210,,,,0
3304,110.244,,,,0
3305,110.277,,,,0
3306,110.310,,,,0
3307,110.344,,,,0
3308,110.377,,,,0
3309,110.410,,,,0
3310,110.444,,,,0
3311,110.477,,,,0
3312,110.511,,,,0
3313,110.544,,,,0
3314,110.577,,,,0
3315,110.611,,,,0
3316,110.644,,,,0
3317,110.677,,,,0
3318,110.711,,,,0
3319,110.744,,,,0
3320,110.777,,,,0
3321,110.811,,,,0
3322,110.844,,,,0
3323,110.878,,,,0
3324,110.911,,,,0
3325,110.944,,,,0
3326,110.978,,,,0
3327,111.011,,,,0
3328,111.044,,,,0
3329,111.078,,,,0
3330,111.111,,,,0
3331,111.144,,,,0
3332,111.178,,,,0
3333,111.211,,,,0
3334,111.245,,,,0
3335,111.278,,,,0
3336,111.311,,,,0
3337,111.345,,,,0
3338,111.378,,,,0
3339,111.411,,,,0
3340,111.445,,,,0
3341,111.478,,,,0
3342,111.512,,,,0
3343,111.545,,,,0
3344,111.578,,,,0
3345,111.612,,,,0
3346,111.645,,,,0
3347,111.678,,,,0
3348,111.712,,,,0
3349,111.745,,,,0
3350,111.778,,,,0
3351,111.812,,,,0
3352,111.845,,,,0
3353,111.879,,,,0
3354,111.912,,,,0
3355,111.945,,,,0
3356,111.979,,,,0
3357,112.012,,,,0
3358,112.045,,,,0
3359,112.079,,,,0
3360,112.112,,,,0
3361,112.145,,,,0
3362,112.179,,,,0
3363,112.212,,,,0
3364,112.246,,,,0
3365,112.279,,,,0
3366,112.312,,,,0
3367,112.346,,,,0
3368,112.379,,,,0
3369,112.412,,,,0
3370,112.446,,,,0
3371,112.479,,,,0
3372,112.513,,,,0
3373,112.546,,,,0
3374,112.579,,,,0
3375,112.613,,,,0
3376,112.646,,,,0
3377,112.679,,,,0
3378,112.713,,,,0
3379,112.746,,,,0
3380,112.779,,,,0
3381,112.813,,,,0
3382,112.846,,,,0
3383,112.880,,,,0
3384,112.913,,,,0
3385,112.946,,,,0
3386,112.980,,,,0
3387,113.013,,,,0
3388,113.046,,,,0
3389,113.080,,,,0
3390,113.113,,,,0
3391,113.146,,,,0
3392,113.180,,,,0
3393,113.213,1.2820,-1.0,1.1,42
3394,113.247,1.1472,-0.0,1.8,109
3395,113.280,1.0638,-0.0,0.5,263
3396,113.313,1.0173,-0.1,-0.6,568
3397,113.347,1.0014,0.3,-0.3,1044
3398,113.380,1.0010,0.2,-0.3,1023
3399,113.413,1.0010,0.2,-0.3,1022
3400,113.447,1.0010,0.2,-0.3,1032
3401,113.480,1.0018,0.3,-0.4,1054
3402,113.514,1.0014,0.3,-0.4,1052
3403,113.547,1.0017,0.4,-0.4,1063
3404,113.580,1.0015,0.3,-0.4,1065
3405,113.614,1.0015,0.3,-0.4,1059
3406,113.647,1.0014,0.3,-0.4,1058
3407,113.680,1.0014,0.3,-0.4,1036
3408,113.714,1.0014,0.3,-0.4,1030
3409,113.747,1.0016,0.4,-0.4,1039
3410,113.780,1.0015,0.3,-0.4,1039
3411,113.814,1.0014,0.3,-0.4,1031
3412,113.847,1.0016,0.3,-0.4,1048
3413,113.881,1.0014,0.3,-0.4,1036
3414,113.914,1.0014,0.3,-0.4,1033
3415,113.947,1.0014,0.3,-0.4,1009
3416,113.981,1.0015,0.3,-0.4,1030
3417,114.014,1.0014,0.3,-0.4,1007
3418,114.047,1.0013,0.3,-0.4,997
3419,114.081,1.0013,0.3,-0.4,979
3420,114.114,1.0016,0.4,-0.4,989
3421,114.147,1.0013,0.2,-0.5,951
3422,114.181,1.0014,0.3,-0.4,984
3423,114.214,1.0014,0.3,-0.4,979
3424,114.248,1.0015,0.2,-0.5,995
3425,114.281,1.0017,0.4,-0.4,975
3426,114.314,1.0015,0.2,-0.5,988
3427,114.348,1.0016,0.4,-0.4,991
3428,114.381,1.0014,0.3,-0.4,975
3429,114.414,1.0016,0.4,-0.4,978
3430,114.448,1.0017,0.4,-0.4,989
3431,114.481,1.0015,0.3,-0.4,968
3432,114.515,1.0016,0.3,-0.5,946
3433,114.548,1.0016,0.2,-0.4,951
3434,114.581,1.0016,0.3,-0.4,936
3435,114.615,1.0016,0.4,-0.5,952
3436,114.648,1.0018,0.4,-0.5,966
3437,114.681,1.0017,0.4,-0.4,984
3438,114.715,1.0017,0.3,-0.5,977
3439,114.748,1.0014,0.3,-0.4,977
3440,114.781,1.0014,0.1,-0.4,969
3441,114.815,1.0014,0.1,-0.4,973
3442,114.848,1.0014,0.1,-0.5,963
3443,114.882,1.0016,0.3,-0.4,991
3444,114.915,1.0016,0.3,-0.4,994
3445,114.948,1.0013,0.2,-0.4,994
3446,114.982,1.0013,0.2,-0.4,997
3447,115.015,1.0013,0.3,-0.4,1001
3448,115.048,1.0013,0.3,-0.4,1008
3449,115.082,1.0013,0.3,-0.4,1008
3450,115.115,1.0014,0.3,-0.4,1007
3451,115.148,1.0017,0.3,-0.5,1018
3452,115.182,1.0017,0.4,-0.4,1035
3453,115.215,1.0015,0.3,-0.4,1015
3454,115.249,1.0016,0.3,-0.4,1027
3455,115.282,1.0018,0.4,-0.4,991
3456,115.315,1.0014,0.3,-0.4,1015
3457,115.349,1.0016,0.3,-0.4,1022
3458,115.382,1.0015,0.3,-0.4,1008
3459,115.415,1.0015,0.3,-0.4,1010
3460,115.449,1.0014,0.3,-0.4,1004
3461,115.482,1.0016,0.2,-0.4,1012
3462,115.516,1.0014,0.3,-0.4,995
3463,115.549,1.0014,0.3,-0.4,1006
3464,115.582,1.0014,0.3,-0.4,998
3465,115.616,1.0014,0.3,-0.4,1004
3466,115.649,1.0014,0.3,-0.4,999
3467,115.682,1.0014,0.3,-0.4,1003
3468,115.716,1.0013,0.5,-0.4,997
3469,115.749,1.0012,0.3,-0.4,998
3470,115.782,1.0011,0.2,-0.3,1006
3471,115.816,1.0009,0.2,-0.3,1007
3472,115.849,1.0009,0.1,-0.2,1015
3473,115.883,1.0015,0.2,-0.3,989
3474,115.916,1.0015,0.3,-0.4,1003
3475,115.949,1.0016,0.4,-0.4,1015
3476,115.983,1.0018,0.5,-0.4,1021
3477,116.016,1.0019,0.3,-0.4,1012
3478,116.049,1.0014,0.3,-0.4,1000
3479,116.083,1.0014,0.3,-0.4,987
3480,116.116,1.0018,0.2,-0.4,981
3481,116.149,1.0016,0.3,-0.4,998
3482,116.183,1.0016,0.3,-0.4,1010
3483,116.216,1.0016,0.4,-0.4,996
3484,116.250,1.0015,0.4,-0.4,1012
3485,116.283,1.0014,0.4,-0.4,1006
3486,116.316,1.0014,0.6,-0.3,988
3487,116.350,1.0014,0.4,-0.3,1006
3488,116.383,1.0014,0.3,-0.4,1007
3489,116.416,1.0014,0.3,-0.3,998
3490,116.450,1.0014,0.3,-0.3,1002
3491,116.483,1.0014,0.3,-0.4,996
3492,116.517,1.0018,0.3,-0.4,993
3493,116.550,1.0015,0.3,-0.3,987
3494,116.583,1.0016,0.3,-0.4,995
3495,116.617,1.0018,0.3,-0.4,999
3496,116.650,1.0017,0.3,-0.5,971
3497,116.683,1.0015,0.3,-0.4,989
3498,116.717,1.0016,0.3,-0.4,1000
3499,116.750,1.0015,0.3,-0.3,987
3500,116.783,1.0014,0.5,-0.3,993
3501,116.817,1.0014,0.4,-0.3,986
3502,116.850,1.0019,0.2,-0.4,996
3503,116.884,1.0017,0.4,-0.4,1001
3504,116.917,1.0014,0.3,-0.4,982
3505,116.950,1.0015,0.3,-0.4,987
3506,116.984,1.0016,0.4,-0.4,1006
3507,117.017,1.0013,0.2,-0.4,993
3508,117.050,1.0010,0.2,-0.3,1017
3509,117.084,1.0012,0.2,-0.3,1000
3510,117.117,1.0009,0.2,-0.3,981
3511,117.150,1.0010,0.2,-0.3,963
3512,117.184,1.0010,0.2,-0.3,943
3513,117.217,1.0010,0.2,-0.3,925
3514,117.251,1.0010,0.2,-0.3,921
3515,117.284,1.0010,0.2,-0.3,906
3516,117.317,1.0010,0.2,-0.3,905
3517,117.351,1.0013,0.3,-0.3,913
3518,117.384,1.0012,0.2,-0.4,926
3519,117.417,1.0010,0.2,-0.3,930
3520,117.451,1.0013,0.3,-0.3,930
3521,117.484,1.0013,0.3,-0.4,923
3522,117.518,1.0010,0.2,-0.3,929
3523,117.551,1.0010,0.2,-0.3,929
3524,117.584,1.0016,0.3,-0.5,931
3525,117.618,1.0014,0.3,-0.4,920
3526,117.651,1.0015,0.3,-0.4,931
3527,117.684,1.0015,0.3,-0.4,942
3528,117.718,1.0019,0.3,-0.4,963
3529,117.751,1.0017,0.2,-0.4,951
3530,117.784,1.0015,0.3,-0.4,982
3531,117.818,1.0015,0.3,-0.4,968
3532,117.851,1.0018,0.4,-0.4,969
3533,117.885,1.0015,0.3,-0.4,974
3534,117.918,1.0017,0.4,-0.4,975
3535,117.951,1.0015,0.3,-0.4,958
3536,117.985,1.0015,0.3,-0.4,939
3537,118.018,1.0018,0.4,-0.4,956
3538,118.051,1.0015,0.3,-0.4,935
3539,118.085,1.0018,0.4,-0.4,947
3540,118.118,1.0015,0.3,-0.4,945
3541,118.151,1.0015,0.3,-0.4,945
3542,118.185,1.0021,0.5,-0.4,868
3543,118.218,1.0017,0.4,-0.4,945
3544,118.252,1.0015,0.3,-0.4,938
3545,118.285,1.0017,0.4,-0.4,950
3546,118.318,1.0017,0.4,-0.4,973
3547,118.352,1.0015,0.3,-0.4,967
3548,118.385,1.2012,-1.9,2.8,449
3549,118.418,1.2016,-5.2,7.2,443
3550,118.452,1.2009,-8.0,12.8,406
3551,118.485,1.2006,-10.1,19.2,432
3552,118.519,1.2022,-12.1,25.2,424
3553,118.552,1.2011,-14.1,26.5,443
3554,118.585,1.2019,-14.8,24.7,445
3555,118.619,1.2013,-15.3,21.5,461
3556,118.652,1.2011,-15.7,16.5,475
3557,118.685,1.2012,-15.7,11.5,505
3558,118.719,1.2011,-16.0,11.2,516
3559,118.752,1.2016,-16.4,13.2,457
3560,118.785,1.2011,-16.2,15.6,463
3561,118.819,1.2011,-15.9,20.3,445
3562,118.852,1.2013,-15.6,24.9,452
3563,118.886,1.2012,-13.9,24.4,451
3564,118.919,1.2024,-12.7,22.3,416
3565,118.952,1.2013,-11.2,20.3,453
3566,118.986,1.2007,-10.5,19.2,453
3567,119.019,1.2017,-9.5,17.6,436
3568,119.052,1.2006,-8.3,18.0,380
3569,119.086,1.2011,-7.9,19.8,410
3570,119.119,1.2018,-7.8,20.7,375
3571,119.152,1.2017,-7.1,21.0,262
3572,119.186,1.2008,-6.1,21.4,274
3573,119.219,1.1976,-7.0,21.7,240
3574,119.253,1.0016,0.4,-0.4,847
3575,119.286,1.0013,0.5,-0.4,565
3576,119.319,1.0024,-0.2,-0.5,538
3577,119.353,1.0013,0.3,-0.4,716
3578,119.386,1.0013,0.3,-0.4,723
3579,119.419,1.0015,0.4,-0.4,797
3580,119.453,1.0012,0.3,-0.4,1021
3581,119.486,1.0015,0.4,-0.4,1028
3582,119.520,1.0012,0.3,-0.4,1042
3583,119.553,1.0013,0.2,-0.4,1035
3584,119.586,1.0018,0.4,-0.4,1069
3585,119.620,1.0017,0.3,-0.4,1062
3586,119.653,1.0019,0.4,-0.4,1077
3587,119.686,1.0017,0.3,-0.4,1055
3588,119.720,1.0018,0.3,-0.5,1062
3589,119.753,1.0019,0.4,-0.4,1077
3590,119.786,1.0019,0.4,-0.4,1061
3591,119.820,1.0019,0.3,-0.5,1056
3592,119.853,1.0019,0.4,-0.4,1061
3593,119.887,1.0017,0.3,-0.4,1041
3594,119.920,1.0017,0.3,-0.4,1043
3595,119.953,1.0017,0.3,-0.4,1056
3596,119.987,1.0017,0.3,-0.4,1053
3597,120.020,1.0017,0.3,-0.4,1052
3598,120.053,1.0017,0.3,-0.4,1039
3599,120.087,1.0019,0.4,-0.4,1043
3600,120.120,1.0017,0.3,-0.4,1035
3601,120.153,1.0017,0.3,-0.4,1030
3602,120.187,1.0019,0.4,-0.4,1029
3603,120.220,1.0021,0.4,-0.4,992
3604,120.254,1.0017,0.3,-0.4,1026
3605,120.287,1.0017,0.3,-0.4,1026
3606,120.320,1.0017,0.3,-0.4,1036
3607,120.354,1.0020,0.4,-0.4,1046
3608,120.387,1.0017,0.3,-0.4,1037
3609,120.420,1.0022,0.3,-0.5,1053
3610,120.454,1.0020,0.4,-0.4,1044
3611,120.487,1.0020,0.4,-0.4,1060
3612,120.521,1.0017,0.3,-0.4,1055
3613,120.554,1.0017,0.3,-0.4,1051
3614,120.587,1.0017,0.3,-0.4,1054
3615,120.621,1.0019,0.4,-0.5,1057
3616,120.654,1.0019,0.4,-0.4,1069
3617,120.687,1.0017,0.3,-0.4,1040
3618,120.721,1.0019,0.4,-0.5,687
3619,120.754,1.0019,0.5,-0.4,771
3620,120.787,1.0019,0.6,-0.5,763
3621,120.821,1.0018,0.4,-0.4,850
3622,120.854,,,,0
3623,120.888,1.1974,-317.9,0.0,59
3624,120.921,1.1985,-318.2,-0.3,54
3625,120.954,1.1981,-317.9,0.1,60
3626,120.988,1.1991,-318.2,-0.0,59
3627,121.021,1.1974,-317.7,-0.1,60
3628,121.054,1.1962,-317.2,0.2,56
3629,121.088,1.1991,-318.2,0.0,58
3630,121.121,1.1985,-318.1,0.1,58
3631,121.154,1.2011,-319.6,1.4,57
3632,121.188,1.1992,-319.0,2.0,53
3633,121.221,1.2004,-319.1,0.8,56
3634,121.255,1.1969,-317.5,0.4,60
3635,121.288,1.1986,-318.1,0.3,60
3636,121.321,1.1970,-317.6,-0.1,61
3637,121.355,1.1979,-317.9,0.1,59
3638,121.388,1.1976,-317.8,0.2,59
